order_id,customer_id,order_date,status
1,1,2024-01-01,delivered
2,1,2024-01-02,delivered
3,1172,2024-01-21,delivered
4,634,2024-01-09,delivered
5,168,2024-01-17,delivered
6,66,2024-01-16,delivered
7,66,2024-01-11,delivered
8,1076,2024-01-05,delivered
9,1181,2024-01-15,delivered
10,66,2024-01-05,delivered
11,1172,2024-01-23,delivered
12,1180,2024-01-14,delivered
13,1,2024-01-03,delivered
14,634,2024-01-08,delivered
15,13,2024-01-09,delivered
16,455,2024-01-13,delivered
17,316,2024-01-21,delivered
18,1076,2024-01-18,delivered
19,514,2024-01-17,delivered
20,66,2024-01-07,cancelled
21,634,2024-01-31,refunded
22,1172,2024-01-14,delivered
23,316,2024-01-29,cancelled
24,634,2024-01-23,delivered
25,801,2024-01-23,refunded
26,1172,2024-01-10,delivered
27,1,2024-01-02,delivered
28,13,2024-01-18,delivered
29,185,2024-01-28,delivered
30,1175,2024-01-20,delivered
31,13,2024-01-13,delivered
32,1180,2024-01-25,delivered
33,66,2024-01-17,delivered
34,1,2024-01-21,delivered
35,1142,2024-01-17,delivered
36,66,2024-01-17,delivered
37,1076,2024-01-07,delivered
38,1076,2024-01-24,delivered
39,1,2024-01-02,delivered
40,66,2024-01-04,delivered
41,1175,2024-01-12,delivered
42,66,2024-01-05,delivered
43,634,2024-01-13,cancelled
44,13,2024-01-07,delivered
45,657,2024-01-10,delivered
46,634,2024-01-10,cancelled
47,66,2024-01-14,delivered
48,537,2024-01-15,delivered
49,1,2024-01-01,delivered
50,66,2024-01-10,delivered
51,1042,2024-01-08,delivered
52,66,2024-01-31,delivered
53,634,2024-01-13,delivered
54,1181,2024-01-23,delivered
55,93,2024-01-09,cancelled
56,66,2024-01-06,delivered
57,66,2024-01-04,delivered
58,66,2024-01-19,delivered
59,66,2024-01-30,refunded
60,1184,2024-01-20,delivered
61,634,2024-01-22,delivered
62,1172,2024-01-14,delivered
63,66,2024-01-22,delivered
64,1,2024-01-02,delivered
65,1042,2024-01-23,delivered
66,1142,2024-01-23,delivered
67,1042,2024-01-09,delivered
68,1180,2024-01-09,delivered
69,1,2024-01-02,refunded
70,634,2024-01-20,delivered
71,634,2024-01-21,delivered
72,1076,2024-01-07,cancelled
73,66,2024-01-06,delivered
74,1076,2024-01-31,delivered
75,455,2024-01-03,delivered
76,1076,2024-01-27,delivered
77,1076,2024-01-21,delivered
78,66,2024-01-08,delivered
79,93,2024-01-30,delivered
80,168,2024-01-05,delivered
81,1181,2024-01-18,delivered
82,316,2024-01-17,delivered
83,1175,2024-01-13,delivered
84,66,2024-01-08,refunded
85,66,2024-01-19,delivered
86,1181,2024-01-26,delivered
87,1172,2024-01-29,delivered
88,1172,2024-01-16,delivered
89,657,2024-01-31,delivered
90,1,2024-01-03,delivered
91,1,2024-01-03,delivered
92,66,2024-01-14,delivered
93,66,2024-01-04,cancelled
94,316,2024-01-24,delivered
95,634,2024-01-16,delivered
96,634,2024-01-19,delivered
97,1172,2024-01-17,delivered
98,634,2024-01-10,delivered
99,1,2024-01-03,delivered
100,634,2024-01-09,delivered
101,194,2024-02-01,delivered
102,1034,2024-02-09,delivered
103,843,2024-02-15,delivered
104,1014,2024-02-02,delivered
105,1142,2024-02-12,delivered
106,438,2024-02-04,delivered
107,66,2024-02-20,delivered
108,6,2024-02-21,delivered
109,410,2024-02-25,cancelled
110,634,2024-02-15,delivered
111,203,2024-02-27,delivered
112,668,2024-02-01,delivered
113,955,2024-02-16,delivered
114,13,2024-02-07,delivered
115,634,2024-02-16,delivered
116,578,2024-02-03,delivered
117,1180,2024-02-03,refunded
118,66,2024-02-07,delivered
119,813,2024-02-15,delivered
120,316,2024-02-17,delivered
121,1172,2024-02-18,delivered
122,1042,2024-02-01,cancelled
123,668,2024-02-29,delivered
124,934,2024-02-29,delivered
125,668,2024-02-26,delivered
126,1175,2024-02-14,delivered
127,634,2024-02-11,delivered
128,657,2024-02-19,delivered
129,1000,2024-02-14,delivered
130,634,2024-02-24,delivered
131,245,2024-02-25,refunded
132,1172,2024-02-20,delivered
133,194,2024-02-25,delivered
134,66,2024-02-10,delivered
135,1100,2024-02-10,delivered
136,13,2024-02-18,delivered
137,200,2024-02-17,delivered
138,1180,2024-02-17,delivered
139,634,2024-02-15,delivered
140,634,2024-02-29,delivered
141,1093,2024-02-11,delivered
142,200,2024-02-14,delivered
143,194,2024-02-20,delivered
144,66,2024-02-05,delivered
145,1100,2024-02-11,cancelled
146,1042,2024-02-15,delivered
147,1175,2024-02-21,delivered
148,21,2024-02-17,delivered
149,131,2024-02-29,delivered
150,668,2024-02-17,delivered
151,13,2024-02-06,delivered
152,1120,2024-02-20,delivered
153,668,2024-02-02,delivered
154,6,2024-02-03,delivered
155,1181,2024-02-06,delivered
156,66,2024-02-16,delivered
157,579,2024-02-03,delivered
158,634,2024-02-21,delivered
159,133,2024-02-28,delivered
160,1014,2024-02-11,delivered
161,668,2024-02-02,delivered
162,1042,2024-02-11,cancelled
163,634,2024-02-06,delivered
164,66,2024-02-10,delivered
165,1042,2024-02-01,cancelled
166,1034,2024-02-05,delivered
167,801,2024-02-02,delivered
168,955,2024-02-17,delivered
169,234,2024-02-07,delivered
170,66,2024-02-04,delivered
171,634,2024-02-01,delivered
172,843,2024-02-06,cancelled
173,1100,2024-02-27,delivered
174,581,2024-02-25,delivered
175,1120,2024-02-26,delivered
176,66,2024-02-26,delivered
177,96,2024-02-14,delivered
178,634,2024-02-14,delivered
179,634,2024-02-20,delivered
180,1172,2024-02-05,cancelled
181,410,2024-02-10,delivered
182,836,2024-02-14,cancelled
183,1082,2024-02-13,delivered
184,801,2024-02-01,delivered
185,168,2024-02-18,delivered
186,934,2024-02-28,delivered
187,568,2024-02-22,refunded
188,1142,2024-02-15,delivered
189,634,2024-02-23,delivered
190,1181,2024-02-28,delivered
191,316,2024-02-29,delivered
192,203,2024-02-19,delivered
193,13,2024-02-16,delivered
194,568,2024-02-22,delivered
195,1093,2024-02-05,delivered
196,579,2024-02-10,cancelled
197,578,2024-02-26,delivered
198,568,2024-02-28,cancelled
199,674,2024-02-22,delivered
200,93,2024-02-12,delivered
201,1180,2024-02-07,delivered
202,972,2024-02-22,delivered
203,1025,2024-02-09,delivered
204,537,2024-02-06,delivered
205,668,2024-02-07,delivered
206,177,2024-02-13,delivered
207,634,2024-02-25,delivered
208,634,2024-02-27,delivered
209,66,2024-02-29,delivered
210,1062,2024-03-31,delivered
211,21,2024-03-24,delivered
212,801,2024-03-06,cancelled
213,1093,2024-03-03,delivered
214,1174,2024-03-27,delivered
215,129,2024-03-09,delivered
216,6,2024-03-06,delivered
217,691,2024-03-21,delivered
218,1063,2024-03-21,delivered
219,177,2024-03-22,delivered
220,598,2024-03-16,delivered
221,203,2024-03-14,delivered
222,836,2024-03-24,delivered
223,1109,2024-03-14,delivered
224,578,2024-03-20,delivered
225,691,2024-03-23,delivered
226,177,2024-03-11,delivered
227,585,2024-03-17,refunded
228,514,2024-03-01,delivered
229,1172,2024-03-14,delivered
230,568,2024-03-15,delivered
231,674,2024-03-18,delivered
232,634,2024-03-02,cancelled
233,955,2024-03-23,delivered
234,212,2024-03-25,delivered
235,843,2024-03-18,delivered
236,66,2024-03-03,delivered
237,668,2024-03-22,delivered
238,657,2024-03-14,delivered
239,168,2024-03-09,delivered
240,1100,2024-03-06,delivered
241,131,2024-03-12,delivered
242,634,2024-03-15,delivered
243,1175,2024-03-18,delivered
244,96,2024-03-02,delivered
245,934,2024-03-30,delivered
246,79,2024-03-31,delivered
247,129,2024-03-13,delivered
248,934,2024-03-15,delivered
249,697,2024-03-31,delivered
250,644,2024-03-06,delivered
251,1103,2024-03-10,delivered
252,812,2024-03-23,delivered
253,489,2024-03-04,delivered
254,568,2024-03-11,delivered
255,620,2024-03-03,delivered
256,245,2024-03-10,delivered
257,131,2024-03-30,delivered
258,863,2024-03-18,delivered
259,131,2024-03-11,delivered
260,203,2024-03-23,delivered
261,568,2024-03-25,delivered
262,295,2024-03-30,delivered
263,668,2024-03-07,delivered
264,734,2024-03-24,delivered
265,177,2024-03-17,delivered
266,133,2024-03-19,delivered
267,151,2024-03-14,delivered
268,592,2024-03-05,delivered
269,177,2024-03-15,delivered
270,844,2024-03-13,refunded
271,133,2024-03-04,delivered
272,598,2024-03-16,delivered
273,514,2024-03-06,delivered
274,133,2024-03-15,delivered
275,523,2024-03-28,delivered
276,1120,2024-03-10,delivered
277,465,2024-03-02,delivered
278,80,2024-03-13,delivered
279,96,2024-03-10,delivered
280,655,2024-03-13,delivered
281,612,2024-03-11,delivered
282,245,2024-03-07,delivered
283,568,2024-03-10,delivered
284,6,2024-03-29,delivered
285,801,2024-03-30,delivered
286,799,2024-03-03,delivered
287,592,2024-03-10,delivered
288,6,2024-03-26,delivered
289,1172,2024-03-29,cancelled
290,133,2024-03-05,delivered
291,1120,2024-03-25,delivered
292,363,2024-03-11,delivered
293,316,2024-03-04,delivered
294,1109,2024-03-31,delivered
295,1172,2024-03-21,delivered
296,6,2024-03-13,refunded
297,548,2024-03-21,delivered
298,472,2024-03-27,delivered
299,548,2024-03-12,delivered
300,434,2024-03-10,delivered
301,844,2024-03-20,delivered
302,537,2024-03-06,delivered
303,133,2024-03-15,delivered
304,1172,2024-03-06,delivered
305,194,2024-03-20,delivered
306,568,2024-03-20,delivered
307,66,2024-03-18,delivered
308,1034,2024-03-24,delivered
309,934,2024-03-11,delivered
310,1103,2024-03-29,delivered
311,801,2024-03-22,delivered
312,96,2024-03-14,cancelled
313,636,2024-03-24,delivered
314,636,2024-03-25,delivered
315,844,2024-03-27,delivered
316,981,2024-03-31,delivered
317,634,2024-03-03,delivered
318,1100,2024-03-25,delivered
319,245,2024-03-04,delivered
320,691,2024-03-19,delivered
321,655,2024-03-21,delivered
322,96,2024-03-17,delivered
323,489,2024-03-09,delivered
324,133,2024-03-26,delivered
325,901,2024-03-19,delivered
326,129,2024-03-01,delivered
327,1175,2024-03-23,delivered
328,79,2024-04-07,delivered
329,602,2024-04-16,delivered
330,1063,2024-04-21,delivered
331,657,2024-04-02,delivered
332,563,2024-04-23,delivered
333,691,2024-04-30,delivered
334,66,2024-04-24,delivered
335,295,2024-04-10,delivered
336,146,2024-04-06,delivered
337,129,2024-04-08,delivered
338,863,2024-04-04,cancelled
339,930,2024-04-15,delivered
340,129,2024-04-05,delivered
341,563,2024-04-17,delivered
342,563,2024-04-11,delivered
343,844,2024-04-22,delivered
344,938,2024-04-20,delivered
345,337,2024-04-18,delivered
346,1195,2024-04-14,delivered
347,29,2024-04-04,delivered
348,470,2024-04-15,delivered
349,514,2024-04-23,delivered
350,489,2024-04-25,delivered
351,295,2024-04-28,delivered
352,6,2024-04-16,delivered
353,434,2024-04-10,delivered
354,1042,2024-04-06,delivered
355,608,2024-04-14,delivered
356,712,2024-04-22,delivered
357,813,2024-04-04,delivered
358,1109,2024-04-17,delivered
359,66,2024-04-15,delivered
360,316,2024-04-13,delivered
361,934,2024-04-09,delivered
362,35,2024-04-04,delivered
363,655,2024-04-15,delivered
364,295,2024-04-01,refunded
365,442,2024-04-05,delivered
366,655,2024-04-12,delivered
367,712,2024-04-27,delivered
368,1198,2024-04-13,delivered
369,548,2024-04-03,delivered
370,831,2024-04-29,delivered
371,827,2024-04-05,delivered
372,1031,2024-04-29,delivered
373,488,2024-04-20,delivered
374,4,2024-04-15,delivered
375,373,2024-04-02,cancelled
376,608,2024-04-17,delivered
377,1109,2024-04-08,delivered
378,13,2024-04-21,cancelled
379,548,2024-04-01,delivered
380,1109,2024-04-03,delivered
381,117,2024-04-08,delivered
382,115,2024-04-19,refunded
383,934,2024-04-03,delivered
384,826,2024-04-26,delivered
385,945,2024-04-19,delivered
386,1001,2024-04-05,delivered
387,721,2024-04-10,delivered
388,295,2024-04-02,delivered
389,1120,2024-04-21,delivered
390,97,2024-04-06,delivered
391,863,2024-04-08,delivered
392,563,2024-04-07,delivered
393,96,2024-04-18,delivered
394,295,2024-04-29,delivered
395,122,2024-04-22,delivered
396,537,2024-04-08,delivered
397,159,2024-04-26,delivered
398,54,2024-04-08,delivered
399,705,2024-04-22,delivered
400,967,2024-04-30,delivered
401,691,2024-04-13,cancelled
402,455,2024-04-20,delivered
403,797,2024-04-18,delivered
404,296,2024-04-11,delivered
405,1039,2024-04-13,delivered
406,1103,2024-04-05,delivered
407,471,2024-04-15,delivered
408,1100,2024-04-19,delivered
409,283,2024-04-11,delivered
410,1082,2024-04-19,refunded
411,788,2024-04-15,delivered
412,66,2024-04-07,refunded
413,536,2024-04-14,refunded
414,1103,2024-04-05,delivered
415,452,2024-04-17,delivered
416,563,2024-04-06,delivered
417,882,2024-04-23,cancelled
418,801,2024-04-03,delivered
419,802,2024-04-18,delivered
420,296,2024-04-22,delivered
421,1000,2024-04-21,delivered
422,4,2024-04-20,delivered
423,472,2024-04-01,delivered
424,1031,2024-04-27,delivered
425,177,2024-04-20,delivered
426,712,2024-04-21,delivered
427,1195,2024-04-26,delivered
428,844,2024-04-25,delivered
429,1195,2024-04-23,delivered
430,797,2024-04-08,delivered
431,1100,2024-04-24,delivered
432,13,2024-04-18,cancelled
433,30,2024-04-16,delivered
434,636,2024-04-08,delivered
435,563,2024-04-12,delivered
436,691,2024-04-05,delivered
437,900,2024-04-17,delivered
438,934,2024-04-07,refunded
439,488,2024-04-27,delivered
440,129,2024-04-22,delivered
441,1186,2024-04-19,delivered
442,1109,2024-04-22,delivered
443,850,2024-04-25,delivered
444,177,2024-04-27,delivered
445,1081,2024-04-04,delivered
446,316,2024-04-02,refunded
447,712,2024-04-13,refunded
448,831,2024-04-12,delivered
449,612,2024-04-01,delivered
450,602,2024-04-12,delivered
451,264,2024-04-15,delivered
452,602,2024-04-30,delivered
453,1103,2024-04-05,delivered
454,827,2024-04-27,delivered
455,1120,2024-05-06,delivered
456,1120,2024-05-08,delivered
457,901,2024-05-24,delivered
458,1172,2024-05-11,delivered
459,524,2024-05-28,delivered
460,612,2024-05-08,delivered
461,246,2024-05-27,delivered
462,1195,2024-05-10,delivered
463,536,2024-05-13,delivered
464,364,2024-05-23,delivered
465,813,2024-05-24,delivered
466,1062,2024-05-22,cancelled
467,103,2024-05-02,delivered
468,168,2024-05-31,delivered
469,713,2024-05-09,delivered
470,839,2024-05-21,delivered
471,839,2024-05-09,delivered
472,55,2024-05-11,cancelled
473,627,2024-05-03,delivered
474,1062,2024-05-06,delivered
475,118,2024-05-02,delivered
476,470,2024-05-10,delivered
477,691,2024-05-12,delivered
478,1042,2024-05-10,delivered
479,644,2024-05-03,delivered
480,231,2024-05-18,delivered
481,295,2024-05-20,delivered
482,472,2024-05-03,delivered
483,634,2024-05-06,delivered
484,981,2024-05-31,delivered
485,862,2024-05-12,delivered
486,79,2024-05-28,delivered
487,981,2024-05-16,delivered
488,550,2024-05-23,delivered
489,488,2024-05-03,delivered
490,1071,2024-05-25,delivered
491,1081,2024-05-15,delivered
492,455,2024-05-10,delivered
493,133,2024-05-29,delivered
494,133,2024-05-15,delivered
495,1194,2024-05-22,delivered
496,6,2024-05-26,delivered
497,1184,2024-05-14,delivered
498,264,2024-05-23,delivered
499,788,2024-05-19,delivered
500,1120,2024-05-07,delivered
501,444,2024-05-08,delivered
502,212,2024-05-11,delivered
503,438,2024-05-12,delivered
504,892,2024-05-12,delivered
505,1109,2024-05-31,delivered
506,592,2024-05-24,delivered
507,1063,2024-05-28,delivered
508,357,2024-05-20,refunded
509,131,2024-05-03,delivered
510,634,2024-05-24,delivered
511,783,2024-05-02,cancelled
512,1180,2024-05-20,delivered
513,295,2024-05-06,delivered
514,801,2024-05-21,delivered
515,608,2024-05-03,delivered
516,1082,2024-05-06,delivered
517,877,2024-05-04,delivered
518,1031,2024-05-04,delivered
519,1136,2024-05-05,delivered
520,877,2024-05-28,delivered
521,88,2024-05-10,cancelled
522,112,2024-05-29,delivered
523,66,2024-05-12,delivered
524,712,2024-05-10,delivered
525,295,2024-05-30,cancelled
526,826,2024-05-25,delivered
527,585,2024-05-14,refunded
528,884,2024-05-19,delivered
529,1172,2024-05-16,cancelled
530,1031,2024-05-25,delivered
531,863,2024-05-31,delivered
532,691,2024-05-22,delivered
533,545,2024-05-27,delivered
534,168,2024-05-25,delivered
535,908,2024-05-05,delivered
536,712,2024-05-18,delivered
537,283,2024-05-01,delivered
538,365,2024-05-30,delivered
539,27,2024-05-19,refunded
540,844,2024-05-05,delivered
541,88,2024-05-21,delivered
542,1120,2024-05-17,delivered
543,844,2024-05-25,delivered
544,981,2024-05-04,delivered
545,55,2024-05-03,delivered
546,844,2024-05-30,delivered
547,1000,2024-05-24,delivered
548,667,2024-05-06,delivered
549,579,2024-05-27,delivered
550,55,2024-05-11,delivered
551,1136,2024-05-02,delivered
552,1063,2024-05-10,delivered
553,634,2024-05-16,delivered
554,930,2024-05-24,delivered
555,4,2024-05-24,delivered
556,945,2024-05-18,delivered
557,471,2024-05-27,delivered
558,410,2024-05-25,cancelled
559,93,2024-05-28,delivered
560,93,2024-05-14,delivered
561,357,2024-05-22,delivered
562,999,2024-05-31,delivered
563,6,2024-05-14,delivered
564,1019,2024-05-13,delivered
565,934,2024-05-27,cancelled
566,6,2024-05-05,delivered
567,1195,2024-05-05,delivered
568,35,2024-05-22,delivered
569,326,2024-05-05,cancelled
570,245,2024-05-27,delivered
571,177,2024-05-03,delivered
572,1195,2024-05-11,delivered
573,159,2024-05-04,delivered
574,471,2024-05-28,cancelled
575,1156,2024-05-23,delivered
576,316,2024-05-23,delivered
577,563,2024-05-13,delivered
578,1174,2024-05-31,delivered
579,177,2024-05-26,delivered
580,394,2024-05-23,delivered
581,1031,2024-05-29,delivered
582,283,2024-05-13,delivered
583,129,2024-05-10,refunded
584,4,2024-05-21,delivered
585,1109,2024-05-31,delivered
586,88,2024-05-05,delivered
587,96,2024-05-02,cancelled
588,503,2024-05-26,delivered
589,1174,2024-05-28,delivered
590,470,2024-05-03,delivered
591,1031,2024-06-15,delivered
592,627,2024-06-17,delivered
593,974,2024-06-07,delivered
594,1103,2024-06-01,delivered
595,129,2024-06-09,delivered
596,908,2024-06-13,delivered
597,247,2024-06-04,delivered
598,326,2024-06-04,cancelled
599,4,2024-06-24,delivered
600,1093,2024-06-09,delivered
601,608,2024-06-01,delivered
602,1052,2024-06-10,delivered
603,1195,2024-06-12,delivered
604,843,2024-06-09,delivered
605,1195,2024-06-22,delivered
606,457,2024-06-14,delivered
607,1195,2024-06-15,delivered
608,214,2024-06-10,delivered
609,844,2024-06-30,delivered
610,373,2024-06-26,delivered
611,1,2024-06-27,delivered
612,364,2024-06-03,delivered
613,831,2024-06-14,delivered
614,1120,2024-06-19,delivered
615,872,2024-06-22,delivered
616,474,2024-06-17,delivered
617,310,2024-06-02,refunded
618,602,2024-06-19,delivered
619,892,2024-06-24,delivered
620,388,2024-06-21,refunded
621,1,2024-06-03,delivered
622,6,2024-06-16,delivered
623,563,2024-06-04,delivered
624,364,2024-06-10,delivered
625,17,2024-06-10,delivered
626,523,2024-06-17,delivered
627,826,2024-06-25,cancelled
628,185,2024-06-22,delivered
629,112,2024-06-22,cancelled
630,934,2024-06-28,delivered
631,608,2024-06-09,delivered
632,788,2024-06-01,delivered
633,444,2024-06-03,delivered
634,129,2024-06-03,delivered
635,399,2024-06-18,delivered
636,744,2024-06-30,delivered
637,1123,2024-06-16,refunded
638,1098,2024-06-11,delivered
639,1029,2024-06-03,delivered
640,915,2024-06-20,cancelled
641,6,2024-06-02,delivered
642,503,2024-06-25,delivered
643,257,2024-06-01,delivered
644,66,2024-06-02,delivered
645,712,2024-06-05,delivered
646,624,2024-06-07,delivered
647,646,2024-06-23,delivered
648,489,2024-06-04,delivered
649,1049,2024-06-16,delivered
650,53,2024-06-18,delivered
651,967,2024-06-14,cancelled
652,841,2024-06-30,delivered
653,1198,2024-06-03,delivered
654,129,2024-06-01,delivered
655,548,2024-06-07,delivered
656,565,2024-06-03,delivered
657,843,2024-06-06,delivered
658,646,2024-06-12,delivered
659,687,2024-06-11,delivered
660,150,2024-06-01,delivered
661,634,2024-06-24,delivered
662,688,2024-06-08,refunded
663,955,2024-06-26,delivered
664,972,2024-06-15,delivered
665,1006,2024-06-09,delivered
666,687,2024-06-05,delivered
667,608,2024-06-30,delivered
668,129,2024-06-03,delivered
669,47,2024-06-24,delivered
670,1109,2024-06-19,cancelled
671,827,2024-06-12,delivered
672,1098,2024-06-17,delivered
673,772,2024-06-29,delivered
674,117,2024-06-25,delivered
675,1001,2024-06-18,delivered
676,550,2024-06-19,delivered
677,566,2024-06-29,delivered
678,399,2024-06-03,delivered
679,214,2024-06-11,delivered
680,1172,2024-06-28,delivered
681,900,2024-06-28,delivered
682,1084,2024-06-06,delivered
683,364,2024-06-25,refunded
684,613,2024-06-29,delivered
685,1031,2024-06-13,delivered
686,646,2024-06-06,delivered
687,6,2024-06-18,delivered
688,168,2024-06-26,delivered
689,785,2024-06-08,delivered
690,801,2024-06-13,delivered
691,157,2024-06-30,delivered
692,247,2024-06-03,delivered
693,117,2024-06-23,delivered
694,669,2024-06-16,delivered
695,608,2024-06-27,delivered
696,844,2024-06-11,delivered
697,613,2024-06-26,delivered
698,1120,2024-06-03,delivered
699,930,2024-06-17,delivered
700,885,2024-06-10,cancelled
701,634,2024-06-12,delivered
702,245,2024-06-07,delivered
703,1084,2024-06-30,delivered
704,309,2024-06-06,delivered
705,398,2024-06-01,cancelled
706,592,2024-06-22,delivered
707,863,2024-06-13,delivered
708,850,2024-06-16,delivered
709,6,2024-06-06,delivered
710,1109,2024-06-04,cancelled
711,602,2024-06-21,delivered
712,807,2024-06-28,delivered
713,150,2024-06-23,delivered
714,97,2024-06-11,delivered
715,1109,2024-06-06,delivered
716,80,2024-06-09,delivered
717,444,2024-06-04,delivered
718,96,2024-06-30,delivered
719,477,2024-06-21,delivered
720,177,2024-06-10,delivered
721,691,2024-06-12,delivered
722,657,2024-06-17,delivered
723,581,2024-06-05,delivered
724,159,2024-06-10,delivered
725,844,2024-06-19,delivered
726,952,2024-06-14,refunded
727,399,2024-06-22,refunded
728,576,2024-06-12,delivered
729,79,2024-06-10,delivered
730,594,2024-06-01,delivered
731,400,2024-06-25,delivered
732,1032,2024-06-17,delivered
733,608,2024-06-27,delivered
734,129,2024-06-11,delivered
735,871,2024-06-16,delivered
736,326,2024-07-19,delivered
737,1040,2024-07-25,delivered
738,471,2024-07-04,delivered
739,1063,2024-07-29,delivered
740,938,2024-07-21,delivered
741,934,2024-07-21,delivered
742,934,2024-07-09,delivered
743,364,2024-07-05,delivered
744,563,2024-07-19,delivered
745,545,2024-07-09,delivered
746,934,2024-07-07,delivered
747,6,2024-07-25,refunded
748,981,2024-07-25,delivered
749,634,2024-07-11,delivered
750,203,2024-07-28,delivered
751,744,2024-07-05,delivered
752,410,2024-07-01,delivered
753,247,2024-07-30,delivered
754,844,2024-07-08,delivered
755,1120,2024-07-30,delivered
756,1084,2024-07-14,refunded
757,1042,2024-07-27,delivered
758,901,2024-07-04,delivered
759,939,2024-07-08,delivered
760,894,2024-07-31,delivered
761,13,2024-07-08,delivered
762,1186,2024-07-06,delivered
763,834,2024-07-01,delivered
764,247,2024-07-21,delivered
765,831,2024-07-12,delivered
766,667,2024-07-31,delivered
767,310,2024-07-08,delivered
768,241,2024-07-24,delivered
769,295,2024-07-08,delivered
770,387,2024-07-16,delivered
771,388,2024-07-21,delivered
772,1172,2024-07-25,delivered
773,864,2024-07-21,delivered
774,854,2024-07-04,cancelled
775,744,2024-07-06,delivered
776,388,2024-07-15,delivered
777,1062,2024-07-10,delivered
778,608,2024-07-19,refunded
779,309,2024-07-16,refunded
780,1049,2024-07-14,delivered
781,862,2024-07-10,delivered
782,576,2024-07-25,cancelled
783,310,2024-07-09,delivered
784,1031,2024-07-13,delivered
785,1175,2024-07-02,delivered
786,170,2024-07-18,delivered
787,934,2024-07-07,delivered
788,545,2024-07-01,delivered
789,1142,2024-07-19,cancelled
790,37,2024-07-28,delivered
791,261,2024-07-30,delivered
792,247,2024-07-24,delivered
793,624,2024-07-31,delivered
794,524,2024-07-01,delivered
795,568,2024-07-03,delivered
796,305,2024-07-28,delivered
797,1084,2024-07-07,delivered
798,1098,2024-07-12,delivered
799,413,2024-07-20,delivered
800,168,2024-07-06,delivered
801,1109,2024-07-28,delivered
802,131,2024-07-09,delivered
803,261,2024-07-05,delivered
804,261,2024-07-08,delivered
805,703,2024-07-05,cancelled
806,6,2024-07-06,delivered
807,1090,2024-07-21,refunded
808,1090,2024-07-26,delivered
809,892,2024-07-18,delivered
810,1199,2024-07-29,delivered
811,663,2024-07-28,delivered
812,938,2024-07-30,delivered
813,882,2024-07-09,delivered
814,1184,2024-07-25,refunded
815,261,2024-07-03,cancelled
816,836,2024-07-05,delivered
817,797,2024-07-25,delivered
818,129,2024-07-09,delivered
819,1084,2024-07-20,delivered
820,88,2024-07-12,delivered
821,1090,2024-07-17,delivered
822,1173,2024-07-21,delivered
823,772,2024-07-29,delivered
824,710,2024-07-15,delivered
825,862,2024-07-27,delivered
826,1019,2024-07-25,delivered
827,394,2024-07-08,delivered
828,938,2024-07-06,delivered
829,691,2024-07-25,delivered
830,1098,2024-07-30,delivered
831,374,2024-07-26,delivered
832,296,2024-07-02,delivered
833,377,2024-07-01,refunded
834,1031,2024-07-12,delivered
835,668,2024-07-26,delivered
836,576,2024-07-20,delivered
837,66,2024-07-21,delivered
838,13,2024-07-24,delivered
839,744,2024-07-22,delivered
840,772,2024-07-03,delivered
841,809,2024-07-01,delivered
842,882,2024-07-19,delivered
843,1195,2024-07-12,delivered
844,1175,2024-07-01,delivered
845,696,2024-07-29,delivered
846,661,2024-07-06,refunded
847,574,2024-07-29,delivered
848,1173,2024-07-29,cancelled
849,1123,2024-07-20,cancelled
850,613,2024-07-30,delivered
851,661,2024-07-30,delivered
852,691,2024-07-11,delivered
853,188,2024-07-18,delivered
854,241,2024-07-13,refunded
855,634,2024-07-06,delivered
856,261,2024-07-29,delivered
857,864,2024-07-29,cancelled
858,1195,2024-07-11,refunded
859,1135,2024-07-29,delivered
860,310,2024-07-16,delivered
861,855,2024-07-31,cancelled
862,131,2024-07-07,refunded
863,744,2024-07-15,delivered
864,1120,2024-07-09,delivered
865,246,2024-07-21,delivered
866,778,2024-07-01,delivered
867,129,2024-07-19,delivered
868,1120,2024-07-27,cancelled
869,261,2024-07-12,delivered
870,37,2024-07-05,delivered
871,602,2024-07-14,delivered
872,788,2024-07-26,cancelled
873,442,2024-07-07,cancelled
874,1000,2024-07-19,delivered
875,88,2024-07-03,delivered
876,470,2024-07-29,delivered
877,444,2024-07-16,delivered
878,797,2024-07-18,delivered
879,6,2024-07-25,delivered
880,1098,2024-07-03,delivered
881,843,2024-07-31,refunded
882,309,2024-07-28,delivered
883,295,2024-07-21,delivered
884,710,2024-07-24,delivered
885,1031,2024-07-12,delivered
886,1084,2024-07-11,cancelled
887,194,2024-07-03,delivered
888,75,2024-07-20,delivered
889,247,2024-07-08,delivered
890,184,2024-08-15,delivered
891,934,2024-08-23,delivered
892,388,2024-08-27,delivered
893,66,2024-08-02,delivered
894,934,2024-08-22,delivered
895,410,2024-08-30,delivered
896,434,2024-08-15,delivered
897,1093,2024-08-15,delivered
898,444,2024-08-13,delivered
899,388,2024-08-09,delivered
900,88,2024-08-31,refunded
901,547,2024-08-20,delivered
902,1184,2024-08-19,delivered
903,691,2024-08-11,delivered
904,261,2024-08-20,delivered
905,889,2024-08-31,delivered
906,1173,2024-08-09,delivered
907,1098,2024-08-24,delivered
908,934,2024-08-21,delivered
909,387,2024-08-05,delivered
910,1049,2024-08-11,delivered
911,744,2024-08-11,delivered
912,103,2024-08-05,delivered
913,495,2024-08-16,delivered
914,809,2024-08-02,delivered
915,608,2024-08-10,delivered
916,514,2024-08-06,delivered
917,471,2024-08-17,delivered
918,624,2024-08-22,delivered
919,669,2024-08-25,delivered
920,1049,2024-08-29,delivered
921,374,2024-08-28,delivered
922,1076,2024-08-01,delivered
923,898,2024-08-13,refunded
924,930,2024-08-14,delivered
925,1114,2024-08-26,delivered
926,257,2024-08-24,delivered
927,1042,2024-08-14,delivered
928,934,2024-08-31,delivered
929,27,2024-08-21,delivered
930,129,2024-08-18,delivered
931,650,2024-08-22,delivered
932,129,2024-08-21,delivered
933,520,2024-08-27,delivered
934,636,2024-08-30,cancelled
935,634,2024-08-13,delivered
936,568,2024-08-21,delivered
937,261,2024-08-10,delivered
938,188,2024-08-07,delivered
939,1169,2024-08-14,delivered
940,364,2024-08-07,delivered
941,844,2024-08-14,delivered
942,1039,2024-08-24,delivered
943,1195,2024-08-20,delivered
944,561,2024-08-17,delivered
945,107,2024-08-14,delivered
946,960,2024-08-13,delivered
947,247,2024-08-16,delivered
948,710,2024-08-31,delivered
949,316,2024-08-03,cancelled
950,191,2024-08-22,delivered
951,364,2024-08-05,delivered
952,573,2024-08-28,delivered
953,45,2024-08-25,delivered
954,1062,2024-08-14,delivered
955,245,2024-08-01,delivered
956,778,2024-08-25,delivered
957,489,2024-08-02,delivered
958,739,2024-08-22,delivered
959,44,2024-08-21,delivered
960,387,2024-08-27,delivered
961,881,2024-08-12,delivered
962,231,2024-08-08,delivered
963,53,2024-08-20,delivered
964,305,2024-08-07,refunded
965,650,2024-08-18,delivered
966,44,2024-08-19,delivered
967,6,2024-08-05,delivered
968,744,2024-08-24,refunded
969,1076,2024-08-19,delivered
970,1098,2024-08-07,delivered
971,855,2024-08-27,delivered
972,799,2024-08-08,delivered
973,627,2024-08-01,delivered
974,184,2024-08-26,delivered
975,1078,2024-08-05,delivered
976,703,2024-08-02,delivered
977,183,2024-08-31,delivered
978,112,2024-08-18,delivered
979,634,2024-08-01,cancelled
980,889,2024-08-04,delivered
981,574,2024-08-10,delivered
982,498,2024-08-30,delivered
983,934,2024-08-07,delivered
984,131,2024-08-08,cancelled
985,364,2024-08-04,delivered
986,605,2024-08-30,delivered
987,7,2024-08-02,delivered
988,112,2024-08-19,delivered
989,945,2024-08-05,delivered
990,295,2024-08-19,cancelled
991,602,2024-08-24,delivered
992,1098,2024-08-18,delivered
993,247,2024-08-08,delivered
994,1065,2024-08-08,delivered
995,536,2024-08-13,delivered
996,801,2024-08-30,delivered
997,583,2024-08-14,delivered
998,332,2024-08-08,delivered
999,1021,2024-08-03,delivered
1000,66,2024-08-19,delivered
1001,470,2024-08-29,refunded
1002,47,2024-08-17,delivered
1003,624,2024-08-04,delivered
1004,1031,2024-08-23,delivered
1005,739,2024-08-02,delivered
1006,955,2024-08-10,delivered
1007,691,2024-08-24,cancelled
1008,1069,2024-08-27,delivered
1009,1031,2024-08-05,delivered
1010,734,2024-08-17,refunded
1011,457,2024-08-20,delivered
1012,191,2024-08-20,delivered
1013,650,2024-08-10,delivered
1014,1175,2024-08-21,delivered
1015,297,2024-08-13,delivered
1016,4,2024-08-13,delivered
1017,507,2024-08-31,delivered
1018,673,2024-08-13,delivered
1019,1143,2024-08-05,delivered
1020,955,2024-08-04,delivered
1021,1154,2024-08-28,refunded
1022,388,2024-08-15,delivered
1023,739,2024-08-30,refunded
1024,1031,2024-08-17,delivered
1025,930,2024-08-19,delivered
1026,29,2024-08-02,delivered
1027,635,2024-08-20,delivered
1028,8,2024-08-26,delivered
1029,863,2024-08-05,delivered
1030,357,2024-08-16,delivered
1031,71,2024-08-23,delivered
1032,388,2024-08-25,cancelled
1033,646,2024-08-25,delivered
1034,342,2024-08-18,delivered
1035,1173,2024-08-04,delivered
1036,652,2024-08-13,delivered
1037,1024,2024-08-21,delivered
1038,991,2024-08-19,delivered
1039,625,2024-08-27,delivered
1040,930,2024-08-07,delivered
1041,930,2024-08-08,delivered
1042,797,2024-08-24,delivered
1043,188,2024-08-12,delivered
1044,54,2024-08-06,cancelled
1045,1098,2024-08-04,delivered
1046,854,2024-08-07,delivered
1047,129,2024-08-30,delivered
1048,88,2024-08-29,cancelled
1049,949,2024-08-23,delivered
1050,785,2024-08-07,delivered
1051,388,2024-08-18,delivered
1052,530,2024-08-08,delivered
1053,691,2024-09-30,delivered
1054,778,2024-09-24,delivered
1055,932,2024-09-22,delivered
1056,159,2024-09-23,delivered
1057,930,2024-09-08,delivered
1058,8,2024-09-05,delivered
1059,578,2024-09-06,delivered
1060,545,2024-09-04,delivered
1061,1102,2024-09-19,cancelled
1062,295,2024-09-11,delivered
1063,563,2024-09-18,delivered
1064,636,2024-09-23,delivered
1065,646,2024-09-08,delivered
1066,174,2024-09-27,delivered
1067,901,2024-09-14,delivered
1068,1071,2024-09-01,delivered
1069,691,2024-09-21,delivered
1070,930,2024-09-21,delivered
1071,333,2024-09-25,delivered
1072,159,2024-09-05,delivered
1073,576,2024-09-14,delivered
1074,400,2024-09-13,delivered
1075,464,2024-09-11,delivered
1076,1071,2024-09-20,delivered
1077,122,2024-09-17,delivered
1078,785,2024-09-28,delivered
1079,834,2024-09-20,delivered
1080,235,2024-09-14,delivered
1081,332,2024-09-25,delivered
1082,1173,2024-09-07,cancelled
1083,316,2024-09-26,delivered
1084,863,2024-09-18,delivered
1085,332,2024-09-28,delivered
1086,498,2024-09-04,delivered
1087,129,2024-09-26,delivered
1088,370,2024-09-21,delivered
1089,1100,2024-09-17,delivered
1090,657,2024-09-04,delivered
1091,869,2024-09-21,delivered
1092,44,2024-09-29,delivered
1093,332,2024-09-19,delivered
1094,187,2024-09-14,delivered
1095,66,2024-09-03,cancelled
1096,1135,2024-09-16,delivered
1097,536,2024-09-05,delivered
1098,208,2024-09-29,delivered
1099,371,2024-09-03,delivered
1100,439,2024-09-11,delivered
1101,1103,2024-09-21,delivered
1102,261,2024-09-10,delivered
1103,826,2024-09-04,delivered
1104,689,2024-09-19,delivered
1105,881,2024-09-20,delivered
1106,332,2024-09-17,delivered
1107,1181,2024-09-26,delivered
1108,967,2024-09-05,delivered
1109,569,2024-09-18,delivered
1110,778,2024-09-01,delivered
1111,809,2024-09-22,cancelled
1112,1042,2024-09-10,cancelled
1113,974,2024-09-03,delivered
1114,388,2024-09-19,cancelled
1115,657,2024-09-13,delivered
1116,536,2024-09-17,delivered
1117,464,2024-09-03,delivered
1118,689,2024-09-28,delivered
1119,133,2024-09-29,delivered
1120,863,2024-09-19,delivered
1121,1173,2024-09-05,delivered
1122,4,2024-09-15,delivered
1123,1038,2024-09-08,refunded
1124,337,2024-09-18,delivered
1125,1084,2024-09-05,delivered
1126,247,2024-09-02,delivered
1127,183,2024-09-30,delivered
1128,295,2024-09-07,cancelled
1129,261,2024-09-18,delivered
1130,6,2024-09-24,delivered
1131,934,2024-09-12,delivered
1132,854,2024-09-13,delivered
1133,850,2024-09-04,delivered
1134,691,2024-09-11,refunded
1135,257,2024-09-09,delivered
1136,817,2024-09-08,delivered
1137,316,2024-09-03,delivered
1138,744,2024-09-30,delivered
1139,605,2024-09-15,delivered
1140,635,2024-09-21,delivered
1141,261,2024-09-26,delivered
1142,1103,2024-09-09,delivered
1143,342,2024-09-20,delivered
1144,655,2024-09-07,cancelled
1145,836,2024-09-22,delivered
1146,641,2024-09-11,delivered
1147,1167,2024-09-13,delivered
1148,332,2024-09-22,delivered
1149,827,2024-09-29,delivered
1150,21,2024-09-06,delivered
1151,384,2024-09-04,delivered
1152,229,2024-09-29,delivered
1153,21,2024-09-11,refunded
1154,863,2024-09-04,delivered
1155,3,2024-09-16,delivered
1156,377,2024-09-30,delivered
1157,1102,2024-09-24,delivered
1158,1109,2024-09-20,refunded
1159,797,2024-09-05,delivered
1160,365,2024-09-01,delivered
1161,627,2024-09-17,delivered
1162,1195,2024-09-17,delivered
1163,1054,2024-09-07,delivered
1164,261,2024-09-17,delivered
1165,881,2024-09-17,delivered
1166,295,2024-09-21,delivered
1167,920,2024-09-22,delivered
1168,569,2024-09-21,delivered
1169,1173,2024-09-06,cancelled
1170,527,2024-09-24,delivered
1171,1102,2024-09-08,delivered
1172,921,2024-09-24,delivered
1173,1010,2024-09-19,delivered
1174,1071,2024-09-28,delivered
1175,571,2024-09-20,delivered
1176,991,2024-09-05,delivered
1177,283,2024-09-02,delivered
1178,1120,2024-09-13,delivered
1179,1120,2024-09-08,delivered
1180,6,2024-09-03,delivered
1181,900,2024-09-28,delivered
1182,744,2024-09-03,delivered
1183,934,2024-09-20,delivered
1184,174,2024-09-30,delivered
1185,1120,2024-09-24,delivered
1186,4,2024-09-18,delivered
1187,634,2024-09-21,cancelled
1188,736,2024-09-05,delivered
1189,906,2024-09-12,delivered
1190,687,2024-09-22,delivered
1191,1070,2024-09-07,delivered
1192,41,2024-09-30,delivered
1193,893,2024-09-15,refunded
1194,1090,2024-09-27,delivered
1195,261,2024-09-02,delivered
1196,464,2024-09-12,delivered
1197,3,2024-09-14,delivered
1198,194,2024-09-02,delivered
1199,444,2024-09-22,delivered
1200,66,2024-09-15,delivered
1201,203,2024-09-10,delivered
1202,400,2024-09-06,delivered
1203,1084,2024-09-26,delivered
1204,8,2024-09-01,refunded
1205,262,2024-09-30,delivered
1206,297,2024-09-23,delivered
1207,711,2024-09-26,delivered
1208,1109,2024-09-14,refunded
1209,1048,2024-09-08,delivered
1210,1067,2024-09-14,refunded
1211,89,2024-09-06,delivered
1212,71,2024-09-26,delivered
1213,55,2024-09-28,delivered
1214,452,2024-09-17,cancelled
1215,1042,2024-09-03,delivered
1216,1138,2024-09-03,delivered
1217,29,2024-09-21,delivered
1218,794,2024-09-18,delivered
1219,826,2024-09-22,delivered
1220,563,2024-09-09,delivered
1221,482,2024-09-04,delivered
1222,638,2024-09-09,delivered
1223,634,2024-09-25,delivered
1224,343,2024-09-03,delivered
1225,394,2024-10-08,delivered
1226,177,2024-10-11,delivered
1227,920,2024-10-09,delivered
1228,1042,2024-10-13,delivered
1229,646,2024-10-27,delivered
1230,958,2024-10-04,delivered
1231,1109,2024-10-26,delivered
1232,34,2024-10-22,delivered
1233,1120,2024-10-23,cancelled
1234,831,2024-10-14,delivered
1235,7,2024-10-02,delivered
1236,955,2024-10-09,delivered
1237,377,2024-10-15,cancelled
1238,131,2024-10-26,delivered
1239,122,2024-10-06,delivered
1240,932,2024-10-05,delivered
1241,455,2024-10-21,delivered
1242,565,2024-10-13,delivered
1243,1098,2024-10-26,cancelled
1244,41,2024-10-06,delivered
1245,625,2024-10-25,delivered
1246,1084,2024-10-11,delivered
1247,1084,2024-10-28,delivered
1248,834,2024-10-16,delivered
1249,208,2024-10-25,delivered
1250,1019,2024-10-06,cancelled
1251,778,2024-10-23,delivered
1252,247,2024-10-28,delivered
1253,524,2024-10-13,delivered
1254,262,2024-10-09,delivered
1255,224,2024-10-20,delivered
1256,990,2024-10-30,delivered
1257,634,2024-10-28,delivered
1258,299,2024-10-04,delivered
1259,920,2024-10-18,delivered
1260,967,2024-10-19,delivered
1261,150,2024-10-27,cancelled
1262,158,2024-10-07,delivered
1263,4,2024-10-01,delivered
1264,4,2024-10-04,delivered
1265,258,2024-10-21,cancelled
1266,1054,2024-10-25,delivered
1267,13,2024-10-04,delivered
1268,3,2024-10-06,delivered
1269,464,2024-10-22,delivered
1270,332,2024-10-12,delivered
1271,634,2024-10-15,delivered
1272,646,2024-10-10,delivered
1273,573,2024-10-21,delivered
1274,129,2024-10-08,cancelled
1275,183,2024-10-28,delivered
1276,675,2024-10-29,cancelled
1277,121,2024-10-31,delivered
1278,134,2024-10-18,delivered
1279,295,2024-10-29,delivered
1280,3,2024-10-05,delivered
1281,778,2024-10-03,delivered
1282,1111,2024-10-06,delivered
1283,247,2024-10-15,delivered
1284,1181,2024-10-12,delivered
1285,194,2024-10-05,delivered
1286,1172,2024-10-01,delivered
1287,371,2024-10-23,delivered
1288,385,2024-10-14,delivered
1289,991,2024-10-07,delivered
1290,13,2024-10-03,delivered
1291,349,2024-10-29,refunded
1292,297,2024-10-28,delivered
1293,1195,2024-10-08,refunded
1294,1173,2024-10-21,delivered
1295,34,2024-10-23,delivered
1296,385,2024-10-30,delivered
1297,8,2024-10-24,refunded
1298,561,2024-10-04,delivered
1299,411,2024-10-20,delivered
1300,1071,2024-10-12,delivered
1301,1103,2024-10-06,delivered
1302,560,2024-10-05,delivered
1303,757,2024-10-22,refunded
1304,305,2024-10-01,delivered
1305,1175,2024-10-23,delivered
1306,1169,2024-10-04,refunded
1307,452,2024-10-12,delivered
1308,938,2024-10-02,cancelled
1309,548,2024-10-16,delivered
1310,208,2024-10-16,delivered
1311,858,2024-10-19,delivered
1312,786,2024-10-02,cancelled
1313,634,2024-10-31,cancelled
1314,310,2024-10-01,delivered
1315,1164,2024-10-08,delivered
1316,1098,2024-10-15,delivered
1317,645,2024-10-25,delivered
1318,98,2024-10-14,delivered
1319,455,2024-10-04,delivered
1320,992,2024-10-25,delivered
1321,1102,2024-10-16,delivered
1322,646,2024-10-06,delivered
1323,1195,2024-10-16,delivered
1324,191,2024-10-23,delivered
1325,136,2024-10-23,delivered
1326,877,2024-10-12,delivered
1327,841,2024-10-01,delivered
1328,843,2024-10-03,delivered
1329,66,2024-10-24,delivered
1330,127,2024-10-07,delivered
1331,499,2024-10-04,delivered
1332,498,2024-10-27,refunded
1333,956,2024-10-25,delivered
1334,843,2024-10-07,delivered
1335,177,2024-10-15,delivered
1336,370,2024-10-23,delivered
1337,21,2024-10-31,delivered
1338,890,2024-10-08,cancelled
1339,203,2024-10-08,delivered
1340,411,2024-10-02,delivered
1341,1031,2024-10-23,delivered
1342,865,2024-10-19,delivered
1343,696,2024-10-24,delivered
1344,169,2024-10-03,delivered
1345,1120,2024-10-11,cancelled
1346,1047,2024-10-10,delivered
1347,1195,2024-10-19,delivered
1348,224,2024-10-10,delivered
1349,392,2024-10-27,delivered
1350,1109,2024-10-03,delivered
1351,262,2024-10-15,delivered
1352,136,2024-10-27,cancelled
1353,858,2024-10-21,delivered
1354,364,2024-10-03,delivered
1355,932,2024-10-04,delivered
1356,8,2024-10-24,delivered
1357,996,2024-10-25,delivered
1358,955,2024-10-29,delivered
1359,1181,2024-10-18,delivered
1360,201,2024-10-28,delivered
1361,784,2024-10-12,refunded
1362,981,2024-10-22,delivered
1363,1193,2024-10-07,refunded
1364,388,2024-10-05,refunded
1365,744,2024-10-29,refunded
1366,1071,2024-10-16,delivered
1367,576,2024-10-26,delivered
1368,801,2024-10-04,delivered
1369,801,2024-10-13,delivered
1370,669,2024-10-09,delivered
1371,62,2024-10-09,delivered
1372,540,2024-10-11,delivered
1373,812,2024-10-06,delivered
1374,542,2024-10-21,delivered
1375,560,2024-10-01,delivered
1376,773,2024-10-03,delivered
1377,690,2024-10-04,delivered
1378,663,2024-10-10,delivered
1379,578,2024-10-14,delivered
1380,388,2024-10-08,delivered
1381,444,2024-10-23,delivered
1382,413,2024-10-06,delivered
1383,739,2024-10-11,cancelled
1384,1142,2024-10-29,delivered
1385,1120,2024-10-19,delivered
1386,264,2024-10-14,delivered
1387,889,2024-10-16,delivered
1388,1070,2024-10-04,delivered
1389,4,2024-10-08,delivered
1390,898,2024-10-07,delivered
1391,721,2024-10-19,cancelled
1392,399,2024-10-18,cancelled
1393,295,2024-10-06,delivered
1394,689,2024-10-23,delivered
1395,794,2024-10-03,refunded
1396,158,2024-10-02,delivered
1397,611,2024-10-05,delivered
1398,1084,2024-10-07,delivered
1399,507,2024-10-29,delivered
1400,717,2024-10-16,delivered
1401,650,2024-10-19,delivered
1402,919,2024-10-26,refunded
1403,807,2024-10-06,delivered
1404,498,2024-10-24,delivered
1405,634,2024-10-21,delivered
1406,932,2024-11-13,delivered
1407,83,2024-11-05,refunded
1408,862,2024-11-08,refunded
1409,1173,2024-11-19,delivered
1410,660,2024-11-08,delivered
1411,442,2024-11-04,delivered
1412,1180,2024-11-07,delivered
1413,444,2024-11-22,delivered
1414,229,2024-11-22,cancelled
1415,6,2024-11-05,delivered
1416,1063,2024-11-30,cancelled
1417,1026,2024-11-06,delivered
1418,831,2024-11-21,delivered
1419,635,2024-11-19,delivered
1420,436,2024-11-03,delivered
1421,499,2024-11-18,delivered
1422,990,2024-11-02,delivered
1423,922,2024-11-25,delivered
1424,136,2024-11-26,delivered
1425,989,2024-11-07,delivered
1426,96,2024-11-17,delivered
1427,858,2024-11-24,delivered
1428,158,2024-11-24,delivered
1429,858,2024-11-18,cancelled
1430,932,2024-11-15,cancelled
1431,834,2024-11-13,cancelled
1432,780,2024-11-29,delivered
1433,1099,2024-11-07,delivered
1434,919,2024-11-15,delivered
1435,919,2024-11-25,delivered
1436,1049,2024-11-04,delivered
1437,864,2024-11-17,delivered
1438,1157,2024-11-23,delivered
1439,527,2024-11-22,delivered
1440,475,2024-11-20,delivered
1441,844,2024-11-22,delivered
1442,498,2024-11-04,delivered
1443,989,2024-11-01,delivered
1444,6,2024-11-02,delivered
1445,999,2024-11-22,delivered
1446,1193,2024-11-14,delivered
1447,469,2024-11-24,delivered
1448,797,2024-11-12,delivered
1449,524,2024-11-10,delivered
1450,247,2024-11-02,cancelled
1451,436,2024-11-30,delivered
1452,377,2024-11-04,delivered
1453,536,2024-11-10,delivered
1454,634,2024-11-08,delivered
1455,183,2024-11-22,delivered
1456,778,2024-11-05,delivered
1457,890,2024-11-11,delivered
1458,385,2024-11-17,delivered
1459,627,2024-11-02,delivered
1460,360,2024-11-05,delivered
1461,739,2024-11-29,delivered
1462,1071,2024-11-03,delivered
1463,608,2024-11-16,cancelled
1464,203,2024-11-16,delivered
1465,975,2024-11-26,delivered
1466,332,2024-11-10,delivered
1467,699,2024-11-06,delivered
1468,691,2024-11-05,delivered
1469,6,2024-11-19,cancelled
1470,909,2024-11-09,delivered
1471,689,2024-11-23,delivered
1472,560,2024-11-19,delivered
1473,744,2024-11-21,delivered
1474,634,2024-11-19,cancelled
1475,99,2024-11-17,delivered
1476,83,2024-11-25,delivered
1477,159,2024-11-28,delivered
1478,930,2024-11-11,delivered
1479,831,2024-11-27,delivered
1480,370,2024-11-28,delivered
1481,889,2024-11-07,delivered
1482,602,2024-11-17,delivered
1483,386,2024-11-21,delivered
1484,1078,2024-11-26,delivered
1485,645,2024-11-06,delivered
1486,759,2024-11-04,delivered
1487,16,2024-11-04,delivered
1488,136,2024-11-09,delivered
1489,498,2024-11-19,delivered
1490,1166,2024-11-25,delivered
1491,1090,2024-11-09,delivered
1492,934,2024-11-17,cancelled
1493,98,2024-11-09,delivered
1494,203,2024-11-12,delivered
1495,1098,2024-11-08,delivered
1496,881,2024-11-27,delivered
1497,757,2024-11-02,delivered
1498,465,2024-11-24,delivered
1499,168,2024-11-07,delivered
1500,98,2024-11-14,delivered
1501,858,2024-11-15,delivered
1502,893,2024-11-14,delivered
1503,133,2024-11-08,refunded
1504,85,2024-11-15,delivered
1505,636,2024-11-07,delivered
1506,599,2024-11-13,delivered
1507,332,2024-11-25,delivered
1508,1198,2024-11-26,delivered
1509,1193,2024-11-02,delivered
1510,797,2024-11-03,delivered
1511,920,2024-11-10,delivered
1512,1024,2024-11-20,delivered
1513,401,2024-11-23,delivered
1514,827,2024-11-19,delivered
1515,1199,2024-11-13,delivered
1516,305,2024-11-17,delivered
1517,668,2024-11-22,delivered
1518,687,2024-11-28,delivered
1519,744,2024-11-13,delivered
1520,1142,2024-11-15,delivered
1521,889,2024-11-05,delivered
1522,1142,2024-11-22,delivered
1523,932,2024-11-07,delivered
1524,351,2024-11-26,delivered
1525,1160,2024-11-19,delivered
1526,759,2024-11-23,delivered
1527,6,2024-11-02,delivered
1528,85,2024-11-29,delivered
1529,1048,2024-11-26,delivered
1530,691,2024-11-10,delivered
1531,608,2024-11-23,cancelled
1532,469,2024-11-29,delivered
1533,498,2024-11-07,delivered
1534,674,2024-11-25,delivered
1535,332,2024-11-01,delivered
1536,8,2024-11-03,delivered
1537,129,2024-11-03,delivered
1538,1174,2024-11-30,delivered
1539,3,2024-11-08,delivered
1540,581,2024-11-03,delivered
1541,472,2024-11-06,refunded
1542,536,2024-11-18,delivered
1543,1175,2024-11-14,delivered
1544,364,2024-11-02,delivered
1545,6,2024-11-06,delivered
1546,262,2024-11-15,delivered
1547,499,2024-11-26,delivered
1548,81,2024-11-09,delivered
1549,3,2024-11-14,cancelled
1550,1109,2024-11-20,delivered
1551,1109,2024-11-10,delivered
1552,98,2024-11-24,delivered
1553,333,2024-11-21,refunded
1554,661,2024-11-06,delivered
1555,112,2024-11-17,delivered
1556,573,2024-11-09,delivered
1557,1100,2024-11-04,delivered
1558,1070,2024-11-22,delivered
1559,981,2024-11-02,delivered
1560,1050,2024-11-19,cancelled
1561,1120,2024-11-16,delivered
1562,246,2024-11-28,delivered
1563,370,2024-11-01,delivered
1564,660,2024-11-23,delivered
1565,6,2024-11-11,delivered
1566,371,2024-11-04,delivered
1567,435,2024-11-19,delivered
1568,1142,2024-11-28,delivered
1569,16,2024-11-05,delivered
1570,563,2024-11-17,delivered
1571,955,2024-11-01,cancelled
1572,934,2024-11-09,delivered
1573,569,2024-11-05,delivered
1574,399,2024-11-05,delivered
1575,858,2024-11-02,delivered
1576,136,2024-11-25,delivered
1577,1084,2024-11-20,delivered
1578,1035,2024-11-05,delivered
1579,1090,2024-11-21,delivered
1580,357,2024-11-25,delivered
1581,1160,2024-11-14,delivered
1582,660,2024-11-26,delivered
1583,932,2024-11-29,cancelled
1584,28,2024-11-25,delivered
1585,498,2024-11-06,delivered
1586,1109,2024-11-08,delivered
1587,394,2024-11-29,delivered
1588,689,2024-11-29,delivered
1589,522,2024-11-27,delivered
1590,1,2024-11-24,delivered
1591,1042,2024-11-27,delivered
1592,748,2024-11-08,delivered
1593,1164,2024-11-12,delivered
1594,1001,2024-11-21,delivered
1595,333,2024-11-11,delivered
1596,666,2024-11-27,delivered
1597,471,2024-11-08,delivered
1598,158,2024-11-03,delivered
1599,55,2024-11-06,delivered
1600,98,2024-11-26,delivered
1601,782,2024-11-17,delivered
1602,1071,2024-11-11,delivered
1603,98,2024-11-11,delivered
1604,536,2024-11-28,cancelled
1605,838,2024-11-26,delivered
1606,363,2024-11-01,delivered
1607,1071,2024-11-12,cancelled
1608,624,2024-11-29,delivered
1609,492,2024-11-05,delivered
1610,920,2024-11-11,delivered
1611,1084,2024-11-25,delivered
1612,1042,2024-11-03,delivered
1613,736,2024-11-01,delivered
1614,62,2024-11-06,delivered
1615,919,2024-11-02,delivered
1616,563,2024-11-27,delivered
1617,576,2024-11-15,delivered
1618,4,2024-11-01,delivered
1619,121,2024-11-14,delivered
1620,1109,2024-11-04,delivered
1621,1109,2024-11-29,delivered
1622,66,2024-11-26,delivered
1623,864,2024-11-10,delivered
1624,160,2024-11-16,delivered
1625,1036,2024-11-13,delivered
1626,527,2024-11-17,delivered
1627,247,2024-11-11,delivered
1628,689,2024-11-02,delivered
1629,1049,2024-11-16,delivered
1630,627,2024-11-30,delivered
1631,1078,2024-11-22,delivered
1632,863,2024-11-30,delivered
1633,858,2024-11-02,delivered
1634,262,2024-11-17,delivered
1635,1109,2024-11-16,delivered
1636,803,2024-11-17,delivered
1637,684,2024-11-07,delivered
1638,1199,2024-11-26,delivered
1639,858,2024-11-04,delivered
1640,1082,2024-11-29,delivered
1641,667,2024-11-04,delivered
1642,168,2024-11-09,delivered
1643,85,2024-11-29,delivered
1644,54,2024-11-06,delivered
1645,1000,2024-11-08,delivered
1646,605,2024-11-16,cancelled
1647,955,2024-11-29,cancelled
1648,44,2024-11-16,delivered
1649,13,2024-11-18,delivered
1650,717,2024-11-06,delivered
1651,550,2024-11-01,delivered
1652,736,2024-11-24,cancelled
1653,4,2024-11-05,delivered
1654,500,2024-11-30,delivered
1655,1026,2024-11-22,delivered
1656,1008,2024-11-10,cancelled
1657,1127,2024-11-03,delivered
1658,1026,2024-11-13,cancelled
1659,1,2024-11-15,cancelled
1660,295,2024-11-14,delivered
1661,1199,2024-11-15,delivered
1662,960,2024-11-20,refunded
1663,187,2024-11-09,delivered
1664,1148,2024-11-15,delivered
1665,658,2024-11-24,delivered
1666,613,2024-11-02,delivered
1667,489,2024-11-05,delivered
1668,865,2024-11-22,cancelled
1669,1071,2024-11-02,delivered
1670,1011,2024-11-17,delivered
1671,832,2024-11-27,delivered
1672,258,2024-11-06,delivered
1673,744,2024-11-14,delivered
1674,797,2024-11-02,delivered
1675,1181,2024-11-11,delivered
1676,197,2024-11-22,delivered
1677,247,2024-11-02,delivered
1678,66,2024-11-24,delivered
1679,310,2024-11-25,delivered
1680,974,2024-11-03,delivered
1681,16,2024-11-09,delivered
1682,310,2024-11-09,delivered
1683,374,2024-11-10,delivered
1684,934,2024-11-06,delivered
1685,666,2024-11-18,delivered
1686,333,2024-11-13,delivered
1687,1194,2024-11-20,delivered
1688,937,2024-11-25,delivered
1689,1198,2024-11-16,delivered
1690,778,2024-11-23,refunded
1691,98,2024-11-04,delivered
1692,1199,2024-11-10,delivered
1693,1156,2024-11-16,delivered
1694,930,2024-11-15,delivered
1695,310,2024-11-19,delivered
1696,920,2024-11-03,delivered
1697,489,2024-11-17,delivered
1698,524,2024-11-08,delivered
1699,795,2024-11-03,delivered
1700,235,2024-11-28,delivered
1701,8,2024-11-21,delivered
1702,934,2024-11-07,delivered
1703,635,2024-11-23,delivered
1704,333,2024-11-23,delivered
1705,890,2024-11-04,delivered
1706,711,2024-11-06,delivered
1707,1173,2024-11-08,delivered
1708,992,2024-11-12,delivered
1709,602,2024-11-14,delivered
1710,890,2024-12-02,refunded
1711,913,2024-12-30,delivered
1712,560,2024-12-18,delivered
1713,1173,2024-12-06,refunded
1714,1048,2024-12-07,delivered
1715,1169,2024-12-29,delivered
1716,901,2024-12-08,delivered
1717,64,2024-12-01,delivered
1718,740,2024-12-03,delivered
1719,385,2024-12-03,delivered
1720,243,2024-12-31,delivered
1721,1138,2024-12-07,delivered
1722,11,2024-12-16,delivered
1723,992,2024-12-13,delivered
1724,45,2024-12-24,cancelled
1725,1039,2024-12-01,delivered
1726,781,2024-12-12,delivered
1727,689,2024-12-25,delivered
1728,4,2024-12-11,delivered
1729,1175,2024-12-08,delivered
1730,689,2024-12-10,delivered
1731,1018,2024-12-07,refunded
1732,65,2024-12-16,delivered
1733,660,2024-12-22,delivered
1734,1195,2024-12-03,delivered
1735,930,2024-12-01,delivered
1736,1035,2024-12-02,delivered
1737,370,2024-12-29,delivered
1738,316,2024-12-14,delivered
1739,110,2024-12-11,delivered
1740,208,2024-12-07,delivered
1741,1126,2024-12-26,delivered
1742,744,2024-12-18,delivered
1743,234,2024-12-03,delivered
1744,742,2024-12-27,delivered
1745,930,2024-12-12,delivered
1746,136,2024-12-02,refunded
1747,809,2024-12-05,delivered
1748,740,2024-12-17,delivered
1749,569,2024-12-15,delivered
1750,898,2024-12-25,delivered
1751,520,2024-12-29,delivered
1752,194,2024-12-15,delivered
1753,1084,2024-12-05,delivered
1754,143,2024-12-24,delivered
1755,1184,2024-12-01,cancelled
1756,1026,2024-12-11,delivered
1757,81,2024-12-17,delivered
1758,395,2024-12-03,delivered
1759,536,2024-12-17,delivered
1760,83,2024-12-13,delivered
1761,791,2024-12-17,delivered
1762,803,2024-12-01,delivered
1763,1102,2024-12-09,delivered
1764,388,2024-12-07,delivered
1765,167,2024-12-25,delivered
1766,838,2024-12-15,delivered
1767,890,2024-12-09,delivered
1768,99,2024-12-07,delivered
1769,1109,2024-12-21,delivered
1770,775,2024-12-11,delivered
1771,546,2024-12-28,delivered
1772,955,2024-12-26,delivered
1773,352,2024-12-31,delivered
1774,739,2024-12-06,delivered
1775,29,2024-12-23,delivered
1776,362,2024-12-22,delivered
1777,391,2024-12-18,delivered
1778,992,2024-12-10,delivered
1779,922,2024-12-09,cancelled
1780,1155,2024-12-01,cancelled
1781,75,2024-12-18,delivered
1782,208,2024-12-18,delivered
1783,777,2024-12-28,refunded
1784,1017,2024-12-23,delivered
1785,536,2024-12-14,delivered
1786,992,2024-12-05,delivered
1787,532,2024-12-24,delivered
1788,75,2024-12-20,delivered
1789,1047,2024-12-10,cancelled
1790,785,2024-12-29,cancelled
1791,40,2024-12-20,delivered
1792,1120,2024-12-10,delivered
1793,85,2024-12-23,delivered
1794,370,2024-12-27,delivered
1795,536,2024-12-08,delivered
1796,697,2024-12-07,delivered
1797,173,2024-12-14,delivered
1798,98,2024-12-15,delivered
1799,807,2024-12-19,delivered
1800,193,2024-12-24,delivered
1801,524,2024-12-17,delivered
1802,98,2024-12-02,delivered
1803,131,2024-12-05,delivered
1804,8,2024-12-21,refunded
1805,364,2024-12-18,delivered
1806,613,2024-12-06,refunded
1807,388,2024-12-09,delivered
1808,168,2024-12-01,delivered
1809,1018,2024-12-28,delivered
1810,436,2024-12-13,delivered
1811,159,2024-12-31,delivered
1812,305,2024-12-04,delivered
1813,934,2024-12-30,delivered
1814,666,2024-12-19,delivered
1815,722,2024-12-30,delivered
1816,246,2024-12-30,delivered
1817,143,2024-12-18,delivered
1818,1148,2024-12-22,delivered
1819,1148,2024-12-01,delivered
1820,974,2024-12-10,delivered
1821,1035,2024-12-13,delivered
1822,1040,2024-12-17,delivered
1823,893,2024-12-13,delivered
1824,498,2024-12-01,cancelled
1825,392,2024-12-06,delivered
1826,740,2024-12-19,delivered
1827,234,2024-12-09,cancelled
1828,232,2024-12-20,delivered
1829,41,2024-12-01,delivered
1830,492,2024-12-04,delivered
1831,344,2024-12-08,delivered
1832,1199,2024-12-05,delivered
1833,1133,2024-12-27,delivered
1834,88,2024-12-29,delivered
1835,364,2024-12-05,delivered
1836,803,2024-12-26,delivered
1837,352,2024-12-21,delivered
1838,1109,2024-12-02,delivered
1839,169,2024-12-10,delivered
1840,261,2024-12-23,cancelled
1841,495,2024-12-03,delivered
1842,583,2024-12-10,delivered
1843,427,2024-12-01,delivered
1844,1195,2024-12-28,delivered
1845,802,2024-12-25,delivered
1846,826,2024-12-01,delivered
1847,863,2024-12-26,delivered
1848,498,2024-12-27,delivered
1849,581,2024-12-04,delivered
1850,121,2024-12-24,delivered
1851,641,2024-12-01,delivered
1852,95,2024-12-09,delivered
1853,1148,2024-12-28,delivered
1854,795,2024-12-04,cancelled
1855,1098,2024-12-01,delivered
1856,803,2024-12-30,delivered
1857,682,2024-12-30,delivered
1858,832,2024-12-04,delivered
1859,655,2024-12-01,delivered
1860,44,2024-12-21,delivered
1861,563,2024-12-14,delivered
1862,362,2024-12-03,cancelled
1863,325,2024-12-17,delivered
1864,184,2024-12-22,delivered
1865,391,2024-12-11,cancelled
1866,316,2024-12-06,delivered
1867,142,2024-12-22,delivered
1868,6,2024-12-09,delivered
1869,934,2024-12-30,cancelled
1870,1025,2024-12-05,delivered
1871,399,2024-12-27,delivered
1872,691,2024-12-04,delivered
1873,8,2024-12-21,delivered
1874,920,2024-12-17,delivered
1875,85,2024-12-08,delivered
1876,394,2024-12-25,delivered
1877,1173,2024-12-14,delivered
1878,85,2024-12-18,delivered
1879,470,2024-12-04,delivered
1880,1019,2024-12-13,delivered
1881,8,2024-12-02,delivered
1882,744,2024-12-13,delivered
1883,136,2024-12-17,delivered
1884,1084,2024-12-28,delivered
1885,262,2024-12-30,refunded
1886,326,2024-12-06,delivered
1887,385,2024-12-14,delivered
1888,247,2024-12-31,delivered
1889,858,2024-12-09,delivered
1890,3,2024-12-29,delivered
1891,908,2024-12-22,delivered
1892,212,2024-12-01,delivered
1893,960,2024-12-05,delivered
1894,489,2024-12-16,delivered
1895,137,2024-12-22,delivered
1896,608,2024-12-10,delivered
1897,655,2024-12-23,delivered
1898,836,2024-12-21,delivered
1899,141,2024-12-07,delivered
1900,801,2024-12-27,cancelled
1901,115,2024-12-13,delivered
1902,913,2024-12-17,delivered
1903,55,2024-12-10,delivered
1904,795,2024-12-17,delivered
1905,1010,2024-12-27,delivered
1906,1090,2024-12-05,delivered
1907,795,2024-12-18,delivered
1908,464,2024-12-30,refunded
1909,1059,2024-12-11,delivered
1910,536,2024-12-11,delivered
1911,813,2024-12-13,delivered
1912,205,2024-12-25,delivered
1913,788,2024-12-03,delivered
1914,1143,2024-12-12,delivered
1915,1113,2024-12-19,delivered
1916,890,2024-12-28,delivered
1917,971,2024-12-01,delivered
1918,920,2024-12-12,delivered
1919,498,2024-12-15,delivered
1920,444,2024-12-22,delivered
1921,289,2024-12-25,refunded
1922,831,2024-12-16,delivered
1923,84,2024-12-04,cancelled
1924,1102,2024-12-27,delivered
1925,690,2024-12-18,delivered
1926,594,2024-12-12,delivered
1927,1173,2024-12-08,delivered
1928,627,2024-12-25,delivered
1929,831,2024-12-24,delivered
1930,1156,2024-12-13,delivered
1931,1039,2024-12-14,cancelled
1932,913,2024-12-04,delivered
1933,1143,2024-12-29,delivered
1934,887,2024-12-09,delivered
1935,66,2024-12-17,delivered
1936,27,2024-12-03,delivered
1937,606,2024-12-20,refunded
1938,136,2024-12-10,delivered
1939,1010,2024-12-13,delivered
1940,131,2024-12-29,delivered
1941,913,2024-12-03,delivered
1942,1027,2024-12-17,delivered
1943,1109,2024-12-18,delivered
1944,370,2024-12-26,delivered
1945,1031,2024-12-20,delivered
1946,1161,2024-12-12,delivered
1947,689,2024-12-07,refunded
1948,803,2024-12-03,delivered
1949,872,2024-12-20,delivered
1950,781,2024-12-11,delivered
1951,742,2024-12-14,delivered
1952,1155,2024-12-26,delivered
1953,456,2024-12-29,delivered
1954,1199,2024-12-10,delivered
1955,290,2024-12-16,delivered
1956,499,2024-12-27,cancelled
1957,1116,2024-12-31,delivered
1958,565,2024-12-17,cancelled
1959,522,2024-12-24,delivered
1960,170,2024-12-20,delivered
1961,585,2024-12-24,delivered
1962,29,2024-12-12,delivered
1963,1164,2024-12-06,delivered
1964,855,2024-12-22,delivered
1965,262,2024-12-05,delivered
1966,186,2024-12-12,delivered
1967,602,2024-12-12,delivered
1968,85,2024-12-21,delivered
1969,391,2024-12-10,delivered
1970,499,2024-12-04,delivered
1971,295,2024-12-14,delivered
1972,740,2024-12-03,delivered
1973,79,2024-12-31,delivered
1974,744,2024-12-24,delivered
1975,231,2024-12-25,delivered
1976,814,2024-12-03,delivered
1977,358,2024-12-13,delivered
1978,934,2024-12-12,delivered
1979,527,2024-12-08,delivered
1980,128,2024-12-16,delivered
1981,388,2024-12-31,delivered
1982,730,2024-12-04,delivered
1983,959,2024-12-14,delivered
1984,583,2024-12-15,delivered
1985,967,2024-12-05,delivered
1986,391,2024-12-21,delivered
1987,208,2024-12-26,delivered
1988,42,2024-12-03,delivered
1989,659,2024-12-04,delivered
1990,411,2024-12-06,delivered
1991,1084,2024-12-03,delivered
1992,645,2024-12-08,delivered
1993,4,2024-12-20,delivered
1994,1173,2024-12-02,cancelled
1995,634,2024-12-01,delivered
1996,785,2024-12-26,delivered
1997,261,2024-12-03,delivered
1998,514,2024-12-28,delivered
1999,634,2024-12-28,delivered
2000,1120,2024-12-21,delivered
2001,1155,2024-12-10,delivered
2002,1111,2024-12-29,delivered
2003,457,2024-12-19,delivered
2004,934,2024-12-03,delivered
2005,245,2024-12-20,delivered
2006,186,2024-12-17,delivered
2007,482,2024-12-31,delivered
2008,136,2024-12-28,delivered
2009,1195,2024-12-11,delivered
2010,1089,2024-12-31,delivered
2011,1160,2024-12-28,delivered
2012,99,2024-12-14,delivered
2013,638,2024-12-13,cancelled
2014,602,2024-12-01,delivered
2015,385,2024-12-17,delivered
2016,569,2024-12-08,delivered
2017,738,2024-12-22,delivered
2018,234,2024-12-24,delivered
2019,186,2024-12-24,delivered
2020,183,2024-12-29,cancelled
2021,291,2024-12-20,delivered
2022,261,2024-12-20,cancelled
2023,783,2024-12-05,cancelled
2024,177,2024-12-28,delivered
2025,136,2024-12-23,delivered
2026,920,2024-12-06,cancelled
2027,247,2024-12-24,delivered
2028,1063,2025-01-18,delivered
2029,930,2025-01-27,delivered
2030,499,2025-01-11,delivered
2031,1026,2025-01-10,delivered
2032,203,2025-01-21,delivered
2033,1199,2025-01-30,delivered
2034,63,2025-01-27,delivered
2035,802,2025-01-09,delivered
2036,655,2025-01-17,delivered
2037,1098,2025-01-14,delivered
2038,314,2025-01-26,delivered
2039,1029,2025-01-27,delivered
2040,4,2025-01-28,delivered
2041,932,2025-01-02,delivered
2042,823,2025-01-13,delivered
2043,44,2025-01-19,delivered
2044,524,2025-01-14,delivered
2045,836,2025-01-24,delivered
2046,376,2025-01-09,cancelled
2047,676,2025-01-26,delivered
2048,840,2025-01-28,delivered
2049,262,2025-01-25,delivered
2050,6,2025-01-08,delivered
2051,691,2025-01-18,delivered
2052,785,2025-01-10,delivered
2053,1148,2025-01-02,delivered
2054,730,2025-01-25,delivered
2055,834,2025-01-15,delivered
2056,541,2025-01-29,delivered
2057,32,2025-01-23,delivered
2058,545,2025-01-07,delivered
2059,576,2025-01-28,delivered
2060,88,2025-01-10,delivered
2061,158,2025-01-17,delivered
2062,189,2025-01-30,delivered
2063,819,2025-01-25,delivered
2064,687,2025-01-17,delivered
2065,516,2025-01-13,delivered
2066,560,2025-01-24,delivered
2067,890,2025-01-09,delivered
2068,369,2025-01-01,delivered
2069,231,2025-01-03,delivered
2070,551,2025-01-09,delivered
2071,1067,2025-01-24,delivered
2072,835,2025-01-24,delivered
2073,193,2025-01-12,cancelled
2074,1071,2025-01-11,delivered
2075,976,2025-01-22,delivered
2076,439,2025-01-04,delivered
2077,1155,2025-01-25,delivered
2078,1014,2025-01-03,delivered
2079,855,2025-01-04,delivered
2080,85,2025-01-08,cancelled
2081,645,2025-01-15,delivered
2082,401,2025-01-14,delivered
2083,967,2025-01-04,delivered
2084,388,2025-01-09,delivered
2085,6,2025-01-03,cancelled
2086,608,2025-01-27,delivered
2087,797,2025-01-06,delivered
2088,776,2025-01-26,cancelled
2089,563,2025-01-22,delivered
2090,186,2025-01-11,delivered
2091,992,2025-01-30,delivered
2092,1124,2025-01-26,delivered
2093,574,2025-01-29,delivered
2094,98,2025-01-02,delivered
2095,858,2025-01-14,cancelled
2096,136,2025-01-30,delivered
2097,457,2025-01-18,cancelled
2098,708,2025-01-17,refunded
2099,678,2025-01-26,delivered
2100,47,2025-01-21,delivered
2101,495,2025-01-17,delivered
2102,3,2025-01-29,delivered
2103,646,2025-01-14,delivered
2104,689,2025-01-27,delivered
2105,574,2025-01-31,cancelled
2106,868,2025-01-03,delivered
2107,395,2025-01-14,delivered
2108,686,2025-01-02,delivered
2109,691,2025-01-11,delivered
2110,363,2025-01-07,delivered
2111,803,2025-01-14,delivered
2112,192,2025-01-26,cancelled
2113,536,2025-01-08,delivered
2114,1042,2025-01-16,cancelled
2115,877,2025-01-05,delivered
2116,890,2025-01-11,delivered
2117,141,2025-01-18,cancelled
2118,8,2025-01-27,delivered
2119,352,2025-01-09,delivered
2120,930,2025-01-17,delivered
2121,381,2025-01-12,delivered
2122,177,2025-01-19,delivered
2123,44,2025-01-29,delivered
2124,812,2025-01-02,delivered
2125,295,2025-01-22,delivered
2126,245,2025-01-04,delivered
2127,676,2025-01-12,delivered
2128,937,2025-01-17,delivered
2129,908,2025-01-24,delivered
2130,285,2025-01-04,refunded
2131,130,2025-01-02,delivered
2132,795,2025-01-26,delivered
2133,669,2025-01-22,delivered
2134,583,2025-01-02,delivered
2135,1012,2025-01-12,delivered
2136,1102,2025-01-15,delivered
2137,853,2025-01-31,delivered
2138,819,2025-01-29,delivered
2139,1098,2025-01-08,delivered
2140,1158,2025-01-05,delivered
2141,1113,2025-01-03,delivered
2142,775,2025-01-21,delivered
2143,639,2025-01-23,delivered
2144,797,2025-01-27,delivered
2145,605,2025-01-28,delivered
2146,208,2025-01-18,delivered
2147,37,2025-01-16,delivered
2148,186,2025-01-14,delivered
2149,103,2025-01-10,delivered
2150,985,2025-01-11,delivered
2151,687,2025-01-26,refunded
2152,682,2025-01-12,delivered
2153,133,2025-01-24,delivered
2154,663,2025-01-01,delivered
2155,608,2025-01-25,delivered
2156,992,2025-01-29,delivered
2157,85,2025-01-25,cancelled
2158,686,2025-01-16,delivered
2159,188,2025-01-01,delivered
2160,777,2025-01-21,delivered
2161,489,2025-01-27,delivered
2162,245,2025-01-27,delivered
2163,1199,2025-01-09,delivered
2164,32,2025-01-28,delivered
2165,1132,2025-01-29,delivered
2166,333,2025-01-12,delivered
2167,930,2025-01-01,delivered
2168,1155,2025-01-28,delivered
2169,568,2025-01-12,delivered
2170,185,2025-01-19,delivered
2171,1100,2025-01-31,cancelled
2172,272,2025-01-08,delivered
2173,730,2025-01-05,delivered
2174,646,2025-01-10,delivered
2175,1164,2025-01-12,cancelled
2176,1196,2025-01-25,refunded
2177,834,2025-01-01,delivered
2178,759,2025-01-03,delivered
2179,940,2025-01-17,delivered
2180,127,2025-01-10,delivered
2181,32,2025-01-23,delivered
2182,583,2025-01-29,delivered
2183,499,2025-01-13,delivered
2184,890,2025-01-28,delivered
2185,233,2025-01-18,delivered
2186,387,2025-01-09,refunded
2187,862,2025-01-17,delivered
2188,689,2025-01-03,delivered
2189,3,2025-01-27,delivered
2190,1126,2025-01-31,cancelled
2191,967,2025-01-29,delivered
2192,261,2025-01-18,delivered
2193,351,2025-01-09,delivered
2194,436,2025-01-28,delivered
2195,992,2025-01-25,delivered
2196,499,2025-01-28,delivered
2197,499,2025-01-03,delivered
2198,1026,2025-01-23,delivered
2199,1026,2025-01-30,refunded
2200,868,2025-01-31,delivered
2201,689,2025-01-14,delivered
2202,988,2025-01-20,delivered
2203,797,2025-01-25,delivered
2204,949,2025-01-24,delivered
2205,6,2025-01-19,delivered
2206,1059,2025-01-03,delivered
2207,309,2025-01-30,delivered
2208,863,2025-01-24,delivered
2209,716,2025-01-22,delivered
2210,220,2025-01-29,delivered
2211,575,2025-01-25,delivered
2212,131,2025-01-27,delivered
2213,377,2025-01-12,delivered
2214,44,2025-01-23,delivered
2215,618,2025-01-08,delivered
2216,262,2025-01-31,delivered
2217,855,2025-01-11,delivered
2218,498,2025-01-09,delivered
2219,551,2025-01-01,cancelled
2220,546,2025-01-20,delivered
2221,309,2025-01-30,delivered
2222,1026,2025-01-16,delivered
2223,1174,2025-01-26,delivered
2224,492,2025-01-04,delivered
2225,1198,2025-01-11,delivered
2226,159,2025-01-16,delivered
2227,219,2025-01-15,delivered
2228,952,2025-01-23,refunded
2229,1195,2025-01-21,delivered
2230,444,2025-01-14,delivered
2231,208,2025-01-13,delivered
2232,212,2025-01-15,cancelled
2233,388,2025-01-31,delivered
2234,443,2025-01-04,delivered
2235,1155,2025-01-12,delivered
2236,1031,2025-02-18,delivered
2237,935,2025-02-08,delivered
2238,742,2025-02-06,delivered
2239,1160,2025-02-19,delivered
2240,377,2025-02-05,delivered
2241,574,2025-02-24,delivered
2242,675,2025-02-17,delivered
2243,652,2025-02-23,delivered
2244,739,2025-02-21,delivered
2245,158,2025-02-05,refunded
2246,247,2025-02-15,delivered
2247,689,2025-02-21,delivered
2248,1026,2025-02-19,delivered
2249,364,2025-02-24,cancelled
2250,220,2025-02-02,delivered
2251,1142,2025-02-04,refunded
2252,854,2025-02-03,delivered
2253,992,2025-02-02,cancelled
2254,1143,2025-02-05,delivered
2255,744,2025-02-20,delivered
2256,1030,2025-02-01,delivered
2257,600,2025-02-12,cancelled
2258,494,2025-02-10,delivered
2259,333,2025-02-20,delivered
2260,976,2025-02-15,delivered
2261,239,2025-02-28,delivered
2262,688,2025-02-04,delivered
2263,286,2025-02-03,delivered
2264,1191,2025-02-14,cancelled
2265,47,2025-02-25,delivered
2266,742,2025-02-24,delivered
2267,972,2025-02-07,delivered
2268,803,2025-02-15,delivered
2269,1098,2025-02-04,delivered
2270,452,2025-02-04,delivered
2271,1175,2025-02-22,delivered
2272,1193,2025-02-18,delivered
2273,1114,2025-02-20,delivered
2274,1006,2025-02-26,delivered
2275,66,2025-02-14,delivered
2276,136,2025-02-03,delivered
2277,1042,2025-02-17,delivered
2278,1148,2025-02-15,delivered
2279,632,2025-02-03,refunded
2280,932,2025-02-09,delivered
2281,952,2025-02-08,delivered
2282,490,2025-02-26,delivered
2283,689,2025-02-15,delivered
2284,990,2025-02-08,delivered
2285,13,2025-02-17,delivered
2286,1120,2025-02-16,delivered
2287,1084,2025-02-06,refunded
2288,568,2025-02-16,delivered
2289,72,2025-02-03,delivered
2290,1155,2025-02-13,delivered
2291,19,2025-02-08,cancelled
2292,1160,2025-02-08,delivered
2293,776,2025-02-06,delivered
2294,1026,2025-02-09,delivered
2295,892,2025-02-20,delivered
2296,863,2025-02-09,delivered
2297,364,2025-02-08,delivered
2298,1199,2025-02-07,delivered
2299,1059,2025-02-01,delivered
2300,262,2025-02-01,delivered
2301,898,2025-02-26,delivered
2302,333,2025-02-14,delivered
2303,499,2025-02-23,delivered
2304,162,2025-02-23,delivered
2305,784,2025-02-15,delivered
2306,177,2025-02-13,delivered
2307,1010,2025-02-06,delivered
2308,990,2025-02-12,delivered
2309,66,2025-02-14,cancelled
2310,34,2025-02-06,delivered
2311,1195,2025-02-15,delivered
2312,370,2025-02-09,delivered
2313,1177,2025-02-19,delivered
2314,558,2025-02-09,delivered
2315,689,2025-02-17,delivered
2316,127,2025-02-24,delivered
2317,919,2025-02-16,cancelled
2318,934,2025-02-18,delivered
2319,794,2025-02-01,delivered
2320,689,2025-02-13,delivered
2321,262,2025-02-09,delivered
2322,558,2025-02-02,delivered
2323,1199,2025-02-10,delivered
2324,98,2025-02-13,cancelled
2325,159,2025-02-19,delivered
2326,34,2025-02-25,delivered
2327,362,2025-02-13,delivered
2328,45,2025-02-23,delivered
2329,691,2025-02-02,delivered
2330,187,2025-02-03,refunded
2331,705,2025-02-22,refunded
2332,162,2025-02-05,delivered
2333,3,2025-02-22,delivered
2334,652,2025-02-25,delivered
2335,28,2025-02-14,delivered
2336,1084,2025-02-14,delivered
2337,112,2025-02-13,delivered
2338,1109,2025-02-01,delivered
2339,1090,2025-02-16,cancelled
2340,951,2025-02-13,delivered
2341,88,2025-02-16,delivered
2342,370,2025-02-18,delivered
2343,499,2025-02-06,delivered
2344,608,2025-02-12,delivered
2345,536,2025-02-09,delivered
2346,6,2025-02-09,delivered
2347,725,2025-02-17,refunded
2348,1195,2025-02-26,cancelled
2349,385,2025-02-01,delivered
2350,890,2025-02-13,delivered
2351,487,2025-02-21,delivered
2352,1186,2025-02-08,delivered
2353,3,2025-02-15,delivered
2354,305,2025-02-02,delivered
2355,23,2025-02-03,delivered
2356,599,2025-02-04,delivered
2357,807,2025-02-12,delivered
2358,412,2025-02-16,delivered
2359,443,2025-02-05,delivered
2360,958,2025-02-26,delivered
2361,932,2025-02-20,delivered
2362,975,2025-02-26,delivered
2363,622,2025-02-13,delivered
2364,394,2025-02-22,delivered
2365,121,2025-02-19,cancelled
2366,843,2025-02-26,delivered
2367,1019,2025-02-12,delivered
2368,4,2025-02-18,delivered
2369,4,2025-02-05,delivered
2370,1047,2025-02-03,delivered
2371,575,2025-02-22,delivered
2372,295,2025-02-26,delivered
2373,742,2025-02-21,delivered
2374,890,2025-02-05,delivered
2375,807,2025-02-11,delivered
2376,1031,2025-02-09,delivered
2377,989,2025-02-18,delivered
2378,263,2025-02-20,delivered
2379,541,2025-02-27,delivered
2380,652,2025-02-07,delivered
2381,849,2025-02-11,delivered
2382,1043,2025-02-21,delivered
2383,530,2025-02-13,delivered
2384,1031,2025-02-23,refunded
2385,924,2025-02-24,delivered
2386,966,2025-02-05,cancelled
2387,148,2025-02-08,delivered
2388,998,2025-02-12,delivered
2389,777,2025-02-16,delivered
2390,858,2025-02-12,delivered
2391,809,2025-02-21,delivered
2392,1102,2025-02-10,delivered
2393,498,2025-02-04,refunded
2394,1050,2025-02-26,delivered
2395,246,2025-02-24,delivered
2396,564,2025-02-18,delivered
2397,247,2025-02-06,delivered
2398,48,2025-02-07,delivered
2399,18,2025-02-17,delivered
2400,1148,2025-02-01,delivered
2401,775,2025-02-05,delivered
2402,742,2025-02-22,delivered
2403,258,2025-02-21,delivered
2404,316,2025-02-27,delivered
2405,142,2025-02-12,cancelled
2406,863,2025-02-10,delivered
2407,565,2025-02-05,delivered
2408,1049,2025-02-22,delivered
2409,4,2025-02-10,delivered
2410,173,2025-02-03,delivered
2411,578,2025-02-12,delivered
2412,1106,2025-02-20,delivered
2413,123,2025-02-26,delivered
2414,744,2025-02-22,delivered
2415,858,2025-02-23,delivered
2416,1151,2025-02-17,delivered
2417,411,2025-02-26,delivered
2418,66,2025-02-05,delivered
2419,1195,2025-02-02,refunded
2420,844,2025-02-07,cancelled
2421,583,2025-02-25,delivered
2422,8,2025-02-06,cancelled
2423,575,2025-02-17,delivered
2424,392,2025-02-05,delivered
2425,1173,2025-02-21,delivered
2426,1175,2025-02-15,refunded
2427,6,2025-02-01,delivered
2428,16,2025-02-02,delivered
2429,208,2025-02-06,delivered
2430,332,2025-02-16,cancelled
2431,186,2025-02-16,delivered
2432,124,2025-02-25,delivered
2433,1031,2025-02-19,delivered
2434,360,2025-02-17,delivered
2435,112,2025-02-08,delivered
2436,613,2025-02-01,delivered
2437,498,2025-02-03,delivered
2438,1071,2025-02-07,delivered
2439,1102,2025-02-12,delivered
2440,189,2025-02-01,delivered
2441,95,2025-02-28,delivered
2442,1166,2025-02-24,delivered
2443,370,2025-02-19,delivered
2444,990,2025-02-14,delivered
2445,676,2025-02-09,delivered
2446,1155,2025-02-20,delivered
2447,388,2025-02-16,delivered
2448,1051,2025-02-23,delivered
2449,663,2025-02-07,delivered
2450,742,2025-02-23,delivered
2451,676,2025-02-10,delivered
2452,575,2025-02-07,delivered
2453,93,2025-03-27,delivered
2454,967,2025-03-17,delivered
2455,129,2025-03-14,delivered
2456,352,2025-03-25,cancelled
2457,1199,2025-03-16,delivered
2458,1121,2025-03-11,delivered
2459,593,2025-03-13,refunded
2460,8,2025-03-24,delivered
2461,634,2025-03-22,refunded
2462,4,2025-03-16,delivered
2463,940,2025-03-17,delivered
2464,710,2025-03-09,delivered
2465,391,2025-03-26,delivered
2466,607,2025-03-06,delivered
2467,189,2025-03-02,refunded
2468,4,2025-03-08,cancelled
2469,925,2025-03-25,delivered
2470,915,2025-03-13,delivered
2471,884,2025-03-02,delivered
2472,1195,2025-03-07,delivered
2473,388,2025-03-06,delivered
2474,1013,2025-03-16,delivered
2475,795,2025-03-05,delivered
2476,192,2025-03-07,cancelled
2477,932,2025-03-21,delivered
2478,1121,2025-03-25,delivered
2479,428,2025-03-04,delivered
2480,555,2025-03-27,delivered
2481,727,2025-03-30,cancelled
2482,926,2025-03-12,delivered
2483,778,2025-03-13,delivered
2484,408,2025-03-19,delivered
2485,1048,2025-03-05,delivered
2486,208,2025-03-10,delivered
2487,83,2025-03-07,delivered
2488,910,2025-03-22,delivered
2489,975,2025-03-01,delivered
2490,477,2025-03-14,refunded
2491,499,2025-03-05,delivered
2492,13,2025-03-22,delivered
2493,791,2025-03-23,delivered
2494,268,2025-03-27,delivered
2495,858,2025-03-31,delivered
2496,668,2025-03-03,delivered
2497,399,2025-03-09,delivered
2498,309,2025-03-13,delivered
2499,385,2025-03-20,refunded
2500,656,2025-03-17,delivered
2501,563,2025-03-09,delivered
2502,996,2025-03-04,delivered
2503,863,2025-03-17,delivered
2504,627,2025-03-11,delivered
2505,998,2025-03-04,delivered
2506,23,2025-03-29,delivered
2507,718,2025-03-03,delivered
2508,443,2025-03-24,delivered
2509,607,2025-03-03,delivered
2510,862,2025-03-30,delivered
2511,308,2025-03-07,delivered
2512,1133,2025-03-02,delivered
2513,1136,2025-03-29,delivered
2514,532,2025-03-18,delivered
2515,136,2025-03-24,delivered
2516,934,2025-03-17,delivered
2517,718,2025-03-11,delivered
2518,122,2025-03-21,delivered
2519,66,2025-03-03,delivered
2520,1084,2025-03-23,delivered
2521,668,2025-03-25,delivered
2522,28,2025-03-17,delivered
2523,1185,2025-03-20,delivered
2524,1102,2025-03-15,delivered
2525,392,2025-03-26,delivered
2526,1164,2025-03-05,refunded
2527,295,2025-03-05,cancelled
2528,607,2025-03-30,delivered
2529,216,2025-03-31,delivered
2530,388,2025-03-02,delivered
2531,1156,2025-03-20,delivered
2532,296,2025-03-19,delivered
2533,1098,2025-03-26,cancelled
2534,103,2025-03-05,delivered
2535,627,2025-03-24,delivered
2536,1050,2025-03-05,delivered
2537,222,2025-03-14,delivered
2538,773,2025-03-05,delivered
2539,667,2025-03-22,delivered
2540,423,2025-03-11,delivered
2541,1107,2025-03-13,delivered
2542,85,2025-03-15,delivered
2543,1004,2025-03-27,delivered
2544,96,2025-03-31,delivered
2545,455,2025-03-20,delivered
2546,310,2025-03-29,delivered
2547,858,2025-03-24,delivered
2548,697,2025-03-19,delivered
2549,230,2025-03-30,delivered
2550,6,2025-03-15,delivered
2551,1098,2025-03-29,delivered
2552,489,2025-03-12,delivered
2553,499,2025-03-17,refunded
2554,231,2025-03-26,delivered
2555,1199,2025-03-19,delivered
2556,1195,2025-03-12,delivered
2557,1199,2025-03-29,delivered
2558,98,2025-03-22,delivered
2559,966,2025-03-08,delivered
2560,394,2025-03-19,delivered
2561,193,2025-03-14,delivered
2562,676,2025-03-26,delivered
2563,785,2025-03-18,delivered
2564,605,2025-03-26,delivered
2565,920,2025-03-06,delivered
2566,985,2025-03-04,delivered
2567,245,2025-03-16,delivered
2568,563,2025-03-13,delivered
2569,681,2025-03-13,delivered
2570,419,2025-03-12,delivered
2571,102,2025-03-20,refunded
2572,66,2025-03-25,cancelled
2573,332,2025-03-19,delivered
2574,475,2025-03-16,delivered
2575,396,2025-03-12,delivered
2576,276,2025-03-05,delivered
2577,913,2025-03-27,delivered
2578,1167,2025-03-25,delivered
2579,498,2025-03-08,delivered
2580,563,2025-03-08,delivered
2581,41,2025-03-04,delivered
2582,208,2025-03-07,delivered
2583,1099,2025-03-05,delivered
2584,536,2025-03-16,delivered
2585,289,2025-03-17,cancelled
2586,295,2025-03-12,cancelled
2587,188,2025-03-22,delivered
2588,721,2025-03-06,delivered
2589,223,2025-03-31,cancelled
2590,768,2025-03-28,delivered
2591,561,2025-03-31,delivered
2592,536,2025-03-07,delivered
2593,1057,2025-03-18,delivered
2594,797,2025-03-18,cancelled
2595,536,2025-03-12,delivered
2596,714,2025-03-31,delivered
2597,127,2025-03-19,delivered
2598,16,2025-03-06,delivered
2599,853,2025-03-05,delivered
2600,862,2025-03-10,delivered
2601,825,2025-03-21,delivered
2602,151,2025-03-16,delivered
2603,188,2025-03-11,delivered
2604,382,2025-03-20,delivered
2605,683,2025-03-17,delivered
2606,399,2025-03-26,delivered
2607,803,2025-03-05,delivered
2608,129,2025-03-23,delivered
2609,1026,2025-03-18,delivered
2610,391,2025-03-08,delivered
2611,951,2025-03-04,cancelled
2612,1000,2025-03-10,cancelled
2613,1156,2025-03-10,delivered
2614,989,2025-03-14,refunded
2615,404,2025-03-20,delivered
2616,333,2025-03-02,delivered
2617,370,2025-03-18,delivered
2618,686,2025-03-17,refunded
2619,183,2025-03-07,delivered
2620,189,2025-03-02,delivered
2621,676,2025-03-03,delivered
2622,1027,2025-03-29,delivered
2623,189,2025-03-03,delivered
2624,930,2025-03-06,delivered
2625,547,2025-03-17,delivered
2626,308,2025-03-20,cancelled
2627,186,2025-03-18,delivered
2628,571,2025-03-08,delivered
2629,607,2025-03-16,delivered
2630,1107,2025-03-22,refunded
2631,279,2025-03-21,delivered
2632,400,2025-03-14,cancelled
2633,436,2025-03-28,delivered
2634,112,2025-03-21,delivered
2635,583,2025-03-30,delivered
2636,208,2025-03-07,delivered
2637,349,2025-03-30,delivered
2638,1010,2025-03-17,delivered
2639,427,2025-03-24,delivered
2640,1166,2025-03-08,delivered
2641,184,2025-03-02,delivered
2642,504,2025-03-01,delivered
2643,365,2025-03-24,delivered
2644,849,2025-03-03,delivered
2645,310,2025-03-17,delivered
2646,246,2025-03-17,delivered
2647,908,2025-03-11,delivered
2648,656,2025-03-10,delivered
2649,4,2025-03-08,delivered
2650,247,2025-03-09,cancelled
2651,1164,2025-03-27,delivered
2652,1063,2025-03-23,delivered
2653,452,2025-03-12,delivered
2654,834,2025-03-02,delivered
2655,877,2025-03-08,delivered
2656,350,2025-03-24,delivered
2657,1051,2025-03-13,delivered
2658,689,2025-03-04,delivered
2659,1031,2025-03-14,delivered
2660,675,2025-03-27,delivered
2661,840,2025-03-16,delivered
2662,836,2025-03-22,delivered
2663,934,2025-03-21,delivered
2664,158,2025-03-06,delivered
2665,888,2025-03-30,delivered
2666,422,2025-03-07,delivered
2667,553,2025-03-16,delivered
2668,937,2025-03-05,delivered
2669,605,2025-03-26,delivered
2670,638,2025-03-13,delivered
2671,608,2025-03-16,delivered
2672,247,2025-03-15,refunded
2673,1120,2025-03-29,delivered
2674,563,2025-03-03,delivered
2675,85,2025-03-23,delivered
2676,1195,2025-03-12,delivered
2677,372,2025-03-11,delivered
2678,913,2025-03-25,delivered
2679,640,2025-04-28,delivered
2680,759,2025-04-29,delivered
2681,1121,2025-04-27,delivered
2682,858,2025-04-20,delivered
2683,357,2025-04-22,delivered
2684,549,2025-04-02,refunded
2685,184,2025-04-06,delivered
2686,208,2025-04-04,delivered
2687,550,2025-04-04,delivered
2688,703,2025-04-27,delivered
2689,316,2025-04-20,delivered
2690,627,2025-04-27,delivered
2691,1079,2025-04-10,delivered
2692,576,2025-04-05,cancelled
2693,388,2025-04-22,delivered
2694,691,2025-04-21,refunded
2695,123,2025-04-07,delivered
2696,162,2025-04-05,delivered
2697,1121,2025-04-08,refunded
2698,1105,2025-04-20,delivered
2699,966,2025-04-06,delivered
2700,1071,2025-04-02,delivered
2701,718,2025-04-25,delivered
2702,1071,2025-04-10,delivered
2703,864,2025-04-23,delivered
2704,211,2025-04-21,delivered
2705,40,2025-04-30,delivered
2706,262,2025-04-19,delivered
2707,3,2025-04-21,delivered
2708,682,2025-04-10,delivered
2709,85,2025-04-12,delivered
2710,1010,2025-04-28,delivered
2711,1106,2025-04-30,delivered
2712,885,2025-04-11,delivered
2713,229,2025-04-23,refunded
2714,644,2025-04-28,delivered
2715,1148,2025-04-05,delivered
2716,247,2025-04-27,delivered
2717,55,2025-04-08,delivered
2718,663,2025-04-10,delivered
2719,173,2025-04-17,delivered
2720,558,2025-04-18,delivered
2721,230,2025-04-01,delivered
2722,295,2025-04-16,delivered
2723,6,2025-04-03,delivered
2724,44,2025-04-05,delivered
2725,143,2025-04-15,delivered
2726,592,2025-04-17,delivered
2727,979,2025-04-21,delivered
2728,1011,2025-04-15,delivered
2729,1155,2025-04-16,delivered
2730,262,2025-04-11,delivered
2731,203,2025-04-19,delivered
2732,1156,2025-04-15,delivered
2733,919,2025-04-11,delivered
2734,1062,2025-04-17,delivered
2735,809,2025-04-22,cancelled
2736,1193,2025-04-03,delivered
2737,1146,2025-04-01,refunded
2738,302,2025-04-23,delivered
2739,945,2025-04-08,delivered
2740,1063,2025-04-20,delivered
2741,744,2025-04-15,delivered
2742,136,2025-04-17,cancelled
2743,992,2025-04-03,cancelled
2744,217,2025-04-09,delivered
2745,1059,2025-04-03,delivered
2746,1109,2025-04-27,delivered
2747,53,2025-04-07,delivered
2748,1120,2025-04-26,delivered
2749,1014,2025-04-04,delivered
2750,237,2025-04-11,delivered
2751,1000,2025-04-19,delivered
2752,675,2025-04-12,delivered
2753,19,2025-04-11,delivered
2754,966,2025-04-26,delivered
2755,934,2025-04-10,delivered
2756,660,2025-04-10,delivered
2757,698,2025-04-01,delivered
2758,289,2025-04-12,refunded
2759,1041,2025-04-20,delivered
2760,1123,2025-04-22,delivered
2761,807,2025-04-08,delivered
2762,1100,2025-04-19,delivered
2763,868,2025-04-07,delivered
2764,1158,2025-04-20,delivered
2765,809,2025-04-25,refunded
2766,4,2025-04-12,delivered
2767,425,2025-04-19,delivered
2768,840,2025-04-11,delivered
2769,524,2025-04-20,delivered
2770,186,2025-04-25,delivered
2771,285,2025-04-16,refunded
2772,52,2025-04-12,delivered
2773,1193,2025-04-16,cancelled
2774,728,2025-04-12,delivered
2775,1,2025-04-01,delivered
2776,136,2025-04-25,delivered
2777,992,2025-04-03,delivered
2778,3,2025-04-28,delivered
2779,894,2025-04-26,delivered
2780,844,2025-04-17,delivered
2781,191,2025-04-15,delivered
2782,1160,2025-04-26,delivered
2783,1053,2025-04-20,delivered
2784,681,2025-04-14,delivered
2785,765,2025-04-15,refunded
2786,85,2025-04-02,delivered
2787,1111,2025-04-05,delivered
2788,229,2025-04-19,delivered
2789,183,2025-04-24,refunded
2790,676,2025-04-01,delivered
2791,950,2025-04-18,delivered
2792,1002,2025-04-03,refunded
2793,998,2025-04-15,delivered
2794,887,2025-04-09,delivered
2795,1057,2025-04-06,cancelled
2796,314,2025-04-03,delivered
2797,691,2025-04-22,delivered
2798,1030,2025-04-29,cancelled
2799,843,2025-04-15,delivered
2800,563,2025-04-14,delivered
2801,890,2025-04-04,delivered
2802,498,2025-04-21,cancelled
2803,1031,2025-04-11,delivered
2804,582,2025-04-05,delivered
2805,1010,2025-04-20,delivered
2806,368,2025-04-05,delivered
2807,273,2025-04-08,delivered
2808,303,2025-04-17,delivered
2809,124,2025-04-13,delivered
2810,85,2025-04-11,delivered
2811,1148,2025-04-13,cancelled
2812,1090,2025-04-13,delivered
2813,728,2025-04-30,delivered
2814,208,2025-04-15,delivered
2815,1193,2025-04-21,delivered
2816,88,2025-04-21,delivered
2817,391,2025-04-13,delivered
2818,148,2025-04-24,delivered
2819,1126,2025-04-11,delivered
2820,447,2025-04-09,delivered
2821,966,2025-04-20,delivered
2822,189,2025-04-18,delivered
2823,550,2025-04-09,delivered
2824,341,2025-04-04,cancelled
2825,934,2025-04-26,delivered
2826,66,2025-04-12,delivered
2827,909,2025-04-28,refunded
2828,1050,2025-04-20,delivered
2829,684,2025-04-08,delivered
2830,1017,2025-04-02,delivered
2831,289,2025-04-10,delivered
2832,490,2025-04-15,delivered
2833,127,2025-04-16,delivered
2834,71,2025-04-29,delivered
2835,388,2025-04-29,delivered
2836,413,2025-04-13,delivered
2837,1194,2025-04-27,delivered
2838,1109,2025-04-25,delivered
2839,752,2025-04-09,delivered
2840,748,2025-04-19,delivered
2841,1121,2025-04-05,delivered
2842,93,2025-04-18,delivered
2843,920,2025-04-21,delivered
2844,809,2025-04-22,cancelled
2845,246,2025-04-30,refunded
2846,1175,2025-04-14,delivered
2847,179,2025-04-17,delivered
2848,464,2025-04-13,delivered
2849,859,2025-04-10,cancelled
2850,279,2025-04-22,delivered
2851,186,2025-04-13,delivered
2852,1102,2025-04-22,delivered
2853,660,2025-04-08,delivered
2854,237,2025-04-30,refunded
2855,980,2025-04-30,delivered
2856,123,2025-04-19,delivered
2857,922,2025-04-21,delivered
2858,93,2025-04-06,delivered
2859,194,2025-04-04,delivered
2860,750,2025-04-16,delivered
2861,697,2025-04-21,refunded
2862,246,2025-04-29,delivered
2863,370,2025-04-03,delivered
2864,655,2025-04-05,delivered
2865,1195,2025-04-22,delivered
2866,859,2025-04-21,delivered
2867,1056,2025-04-20,delivered
2868,1051,2025-04-21,cancelled
2869,400,2025-04-19,delivered
2870,608,2025-04-15,delivered
2871,937,2025-04-08,delivered
2872,992,2025-04-22,cancelled
2873,327,2025-04-17,delivered
2874,558,2025-04-16,delivered
2875,1011,2025-04-10,delivered
2876,563,2025-04-06,delivered
2877,220,2025-04-27,delivered
2878,364,2025-04-06,delivered
2879,320,2025-04-27,refunded
2880,656,2025-04-09,cancelled
2881,17,2025-04-20,delivered
2882,691,2025-04-04,cancelled
2883,607,2025-04-14,delivered
2884,86,2025-04-11,cancelled
2885,385,2025-04-05,delivered
2886,676,2025-04-19,delivered
2887,843,2025-04-11,cancelled
2888,998,2025-04-29,delivered
2889,973,2025-04-13,delivered
2890,1169,2025-04-26,delivered
2891,314,2025-04-08,delivered
2892,498,2025-04-07,delivered
2893,314,2025-04-07,delivered
2894,388,2025-04-19,delivered
2895,263,2025-04-13,delivered
2896,486,2025-04-22,delivered
2897,1035,2025-04-08,delivered
2898,1105,2025-04-06,cancelled
2899,189,2025-04-18,delivered
2900,1146,2025-04-29,delivered
2901,18,2025-04-24,delivered
2902,4,2025-04-11,delivered
2903,512,2025-04-03,delivered
2904,757,2025-04-08,delivered
2905,158,2025-04-10,delivered
2906,6,2025-04-13,delivered
2907,320,2025-04-20,refunded
2908,240,2025-04-27,delivered
2909,447,2025-04-02,delivered
2910,545,2025-04-26,delivered
2911,859,2025-04-14,delivered
2912,486,2025-04-05,delivered
2913,381,2025-04-08,delivered
2914,531,2025-05-29,delivered
2915,186,2025-05-24,delivered
2916,99,2025-05-02,delivered
2917,388,2025-05-14,delivered
2918,863,2025-05-19,cancelled
2919,1128,2025-05-22,delivered
2920,303,2025-05-26,delivered
2921,262,2025-05-22,delivered
2922,826,2025-05-26,delivered
2923,8,2025-05-22,delivered
2924,85,2025-05-30,delivered
2925,1072,2025-05-20,delivered
2926,237,2025-05-09,delivered
2927,247,2025-05-20,delivered
2928,797,2025-05-07,delivered
2929,580,2025-05-01,delivered
2930,918,2025-05-04,delivered
2931,295,2025-05-15,delivered
2932,1151,2025-05-25,delivered
2933,1187,2025-05-17,delivered
2934,1149,2025-05-19,delivered
2935,1199,2025-05-22,refunded
2936,648,2025-05-24,delivered
2937,47,2025-05-25,cancelled
2938,1098,2025-05-11,delivered
2939,575,2025-05-03,cancelled
2940,44,2025-05-14,delivered
2941,605,2025-05-06,delivered
2942,619,2025-05-29,cancelled
2943,527,2025-05-27,delivered
2944,852,2025-05-04,delivered
2945,211,2025-05-07,delivered
2946,1098,2025-05-14,delivered
2947,243,2025-05-24,delivered
2948,1063,2025-05-19,refunded
2949,158,2025-05-04,delivered
2950,920,2025-05-04,delivered
2951,583,2025-05-14,delivered
2952,368,2025-05-26,delivered
2953,8,2025-05-07,delivered
2954,966,2025-05-08,delivered
2955,6,2025-05-05,delivered
2956,701,2025-05-24,delivered
2957,594,2025-05-15,delivered
2958,593,2025-05-10,delivered
2959,237,2025-05-07,delivered
2960,1023,2025-05-01,delivered
2961,417,2025-05-24,delivered
2962,568,2025-05-02,delivered
2963,1102,2025-05-06,cancelled
2964,607,2025-05-15,delivered
2965,437,2025-05-28,delivered
2966,328,2025-05-22,cancelled
2967,699,2025-05-09,delivered
2968,1031,2025-05-18,delivered
2969,689,2025-05-07,delivered
2970,472,2025-05-14,delivered
2971,1098,2025-05-01,cancelled
2972,536,2025-05-20,delivered
2973,771,2025-05-15,delivered
2974,990,2025-05-16,delivered
2975,735,2025-05-07,delivered
2976,57,2025-05-22,delivered
2977,942,2025-05-16,cancelled
2978,1036,2025-05-01,delivered
2979,308,2025-05-11,delivered
2980,766,2025-05-19,delivered
2981,1152,2025-05-07,delivered
2982,1159,2025-05-03,delivered
2983,913,2025-05-28,delivered
2984,1000,2025-05-24,delivered
2985,1040,2025-05-13,delivered
2986,568,2025-05-18,delivered
2987,807,2025-05-19,delivered
2988,1012,2025-05-08,delivered
2989,676,2025-05-18,delivered
2990,385,2025-05-15,delivered
2991,279,2025-05-06,delivered
2992,197,2025-05-21,delivered
2993,849,2025-05-04,delivered
2994,827,2025-05-10,cancelled
2995,859,2025-05-02,delivered
2996,568,2025-05-11,delivered
2997,1048,2025-05-03,delivered
2998,1043,2025-05-08,delivered
2999,66,2025-05-15,delivered
3000,905,2025-05-22,cancelled
3001,308,2025-05-24,delivered
3002,681,2025-05-16,delivered
3003,186,2025-05-20,delivered
3004,287,2025-05-12,delivered
3005,83,2025-05-09,delivered
3006,3,2025-05-25,cancelled
3007,745,2025-05-28,delivered
3008,457,2025-05-26,delivered
3009,547,2025-05-10,delivered
3010,966,2025-05-20,delivered
3011,186,2025-05-29,delivered
3012,817,2025-05-29,delivered
3013,1042,2025-05-09,delivered
3014,844,2025-05-31,delivered
3015,388,2025-05-27,delivered
3016,1120,2025-05-30,refunded
3017,646,2025-05-10,delivered
3018,1015,2025-05-17,delivered
3019,181,2025-05-27,delivered
3020,7,2025-05-27,delivered
3021,633,2025-05-20,delivered
3022,295,2025-05-04,delivered
3023,305,2025-05-12,delivered
3024,1002,2025-05-01,delivered
3025,706,2025-05-17,refunded
3026,1155,2025-05-11,delivered
3027,332,2025-05-05,cancelled
3028,289,2025-05-02,refunded
3029,967,2025-05-05,delivered
3030,1026,2025-05-22,delivered
3031,1006,2025-05-09,delivered
3032,702,2025-05-11,delivered
3033,195,2025-05-16,delivered
3034,844,2025-05-19,delivered
3035,864,2025-05-28,delivered
3036,920,2025-05-16,delivered
3037,1071,2025-05-28,delivered
3038,220,2025-05-01,delivered
3039,747,2025-05-19,delivered
3040,861,2025-05-25,delivered
3041,377,2025-05-15,delivered
3042,330,2025-05-29,delivered
3043,452,2025-05-20,delivered
3044,992,2025-05-20,delivered
3045,1149,2025-05-19,delivered
3046,32,2025-05-30,delivered
3047,1051,2025-05-17,delivered
3048,774,2025-05-20,cancelled
3049,129,2025-05-26,delivered
3050,546,2025-05-11,delivered
3051,1039,2025-05-06,delivered
3052,942,2025-05-18,delivered
3053,142,2025-05-07,delivered
3054,918,2025-05-02,delivered
3055,186,2025-05-16,delivered
3056,1114,2025-05-15,delivered
3057,518,2025-05-26,delivered
3058,1149,2025-05-08,delivered
3059,913,2025-05-19,delivered
3060,682,2025-05-04,delivered
3061,235,2025-05-04,delivered
3062,550,2025-05-04,delivered
3063,632,2025-05-07,delivered
3064,698,2025-05-08,delivered
3065,1175,2025-05-06,delivered
3066,32,2025-05-12,delivered
3067,541,2025-05-23,delivered
3068,392,2025-05-08,delivered
3069,940,2025-05-13,delivered
3070,1155,2025-05-12,delivered
3071,706,2025-05-22,delivered
3072,109,2025-05-12,delivered
3073,992,2025-05-09,delivered
3074,189,2025-05-23,delivered
3075,295,2025-05-11,delivered
3076,319,2025-05-04,delivered
3077,728,2025-05-18,refunded
3078,1085,2025-05-05,delivered
3079,44,2025-05-17,delivered
3080,395,2025-05-01,delivered
3081,265,2025-05-23,refunded
3082,778,2025-05-31,delivered
3083,1050,2025-05-17,delivered
3084,327,2025-05-27,cancelled
3085,545,2025-05-24,delivered
3086,746,2025-05-19,delivered
3087,1121,2025-05-23,delivered
3088,884,2025-05-29,refunded
3089,498,2025-05-18,delivered
3090,371,2025-05-08,refunded
3091,624,2025-05-16,delivered
3092,456,2025-05-13,delivered
3093,522,2025-05-08,delivered
3094,859,2025-05-20,refunded
3095,1049,2025-05-03,delivered
3096,1105,2025-05-28,delivered
3097,913,2025-05-01,delivered
3098,768,2025-05-19,cancelled
3099,300,2025-05-17,delivered
3100,748,2025-05-26,delivered
3101,158,2025-05-05,delivered
3102,117,2025-05-06,cancelled
3103,656,2025-05-25,delivered
3104,608,2025-05-22,delivered
3105,101,2025-05-14,delivered
3106,1109,2025-05-24,delivered
3107,196,2025-05-15,refunded
3108,711,2025-05-26,cancelled
3109,162,2025-05-26,delivered
3110,206,2025-05-09,delivered
3111,498,2025-05-23,delivered
3112,1127,2025-05-21,delivered
3113,158,2025-05-22,delivered
3114,205,2025-05-03,delivered
3115,1098,2025-05-09,delivered
3116,363,2025-05-01,delivered
3117,809,2025-05-31,delivered
3118,1076,2025-05-13,refunded
3119,62,2025-05-24,delivered
3120,890,2025-05-24,delivered
3121,206,2025-05-16,delivered
3122,742,2025-05-09,delivered
3123,392,2025-05-15,delivered
3124,76,2025-05-01,delivered
3125,1062,2025-05-02,delivered
3126,1049,2025-05-25,delivered
3127,80,2025-05-23,delivered
3128,1109,2025-05-19,delivered
3129,1131,2025-05-27,delivered
3130,615,2025-05-13,delivered
3131,846,2025-05-03,delivered
3132,457,2025-05-21,delivered
3133,437,2025-05-12,delivered
3134,1052,2025-05-25,delivered
3135,457,2025-05-04,cancelled
3136,826,2025-05-09,delivered
3137,591,2025-05-18,delivered
3138,1083,2025-05-18,delivered
3139,958,2025-05-13,delivered
3140,691,2025-05-16,delivered
3141,604,2025-05-07,delivered
3142,747,2025-05-01,delivered
3143,136,2025-05-19,delivered
3144,831,2025-05-22,cancelled
3145,1121,2025-05-20,delivered
3146,563,2025-05-17,delivered
3147,1019,2025-05-19,delivered
3148,79,2025-05-30,delivered
3149,265,2025-05-19,delivered
3150,214,2025-05-05,delivered
3151,960,2025-05-29,delivered
3152,220,2025-05-17,delivered
3153,1040,2025-05-15,delivered
3154,774,2025-05-19,delivered
3155,992,2025-05-17,cancelled
3156,801,2025-05-12,delivered
3157,904,2025-05-25,delivered
3158,1144,2025-06-23,delivered
3159,822,2025-06-10,delivered
3160,681,2025-06-11,delivered
3161,759,2025-06-20,delivered
3162,967,2025-06-03,delivered
3163,1049,2025-06-16,delivered
3164,129,2025-06-16,delivered
3165,636,2025-06-25,delivered
3166,303,2025-06-26,cancelled
3167,1174,2025-06-12,delivered
3168,1102,2025-06-18,delivered
3169,357,2025-06-26,delivered
3170,1164,2025-06-13,delivered
3171,1148,2025-06-02,delivered
3172,792,2025-06-30,delivered
3173,826,2025-06-30,delivered
3174,269,2025-06-24,delivered
3175,742,2025-06-22,delivered
3176,676,2025-06-23,delivered
3177,1002,2025-06-16,refunded
3178,687,2025-06-30,delivered
3179,739,2025-06-13,delivered
3180,327,2025-06-11,delivered
3181,556,2025-06-05,delivered
3182,615,2025-06-21,delivered
3183,920,2025-06-03,delivered
3184,1124,2025-06-13,delivered
3185,352,2025-06-09,delivered
3186,824,2025-06-22,delivered
3187,52,2025-06-18,delivered
3188,822,2025-06-16,delivered
3189,437,2025-06-11,delivered
3190,1049,2025-06-04,delivered
3191,162,2025-06-30,refunded
3192,652,2025-06-29,delivered
3193,230,2025-06-13,delivered
3194,586,2025-06-14,delivered
3195,1071,2025-06-14,delivered
3196,662,2025-06-13,delivered
3197,880,2025-06-27,cancelled
3198,865,2025-06-29,delivered
3199,370,2025-06-08,cancelled
3200,124,2025-06-24,delivered
3201,746,2025-06-30,delivered
3202,668,2025-06-16,delivered
3203,79,2025-06-12,delivered
3204,162,2025-06-20,cancelled
3205,1151,2025-06-02,delivered
3206,593,2025-06-28,delivered
3207,65,2025-06-12,delivered
3208,918,2025-06-09,delivered
3209,955,2025-06-28,delivered
3210,355,2025-06-16,delivered
3211,258,2025-06-27,delivered
3212,364,2025-06-12,delivered
3213,514,2025-06-13,delivered
3214,1106,2025-06-27,delivered
3215,963,2025-06-03,delivered
3216,919,2025-06-26,delivered
3217,1122,2025-06-28,delivered
3218,920,2025-06-05,delivered
3219,131,2025-06-07,delivered
3220,388,2025-06-10,cancelled
3221,1027,2025-06-01,delivered
3222,548,2025-06-26,delivered
3223,66,2025-06-04,delivered
3224,411,2025-06-16,delivered
3225,868,2025-06-26,delivered
3226,192,2025-06-09,delivered
3227,98,2025-06-07,delivered
3228,697,2025-06-03,cancelled
3229,1121,2025-06-03,delivered
3230,1062,2025-06-21,delivered
3231,794,2025-06-27,delivered
3232,444,2025-06-13,delivered
3233,940,2025-06-05,delivered
3234,152,2025-06-27,delivered
3235,158,2025-06-10,delivered
3236,275,2025-06-02,delivered
3237,536,2025-06-10,delivered
3238,940,2025-06-02,delivered
3239,902,2025-06-14,delivered
3240,838,2025-06-28,delivered
3241,778,2025-06-09,delivered
3242,612,2025-06-14,delivered
3243,1102,2025-06-03,delivered
3244,873,2025-06-11,delivered
3245,65,2025-06-17,cancelled
3246,37,2025-06-09,delivered
3247,998,2025-06-22,delivered
3248,608,2025-06-16,delivered
3249,858,2025-06-15,refunded
3250,858,2025-06-08,delivered
3251,295,2025-06-20,delivered
3252,861,2025-06-20,delivered
3253,1050,2025-06-01,delivered
3254,575,2025-06-07,delivered
3255,158,2025-06-03,delivered
3256,131,2025-06-02,delivered
3257,1010,2025-06-17,delivered
3258,219,2025-06-05,delivered
3259,391,2025-06-25,delivered
3260,595,2025-06-07,delivered
3261,639,2025-06-02,delivered
3262,370,2025-06-18,delivered
3263,977,2025-06-24,delivered
3264,310,2025-06-22,delivered
3265,8,2025-06-01,cancelled
3266,821,2025-06-01,delivered
3267,593,2025-06-16,refunded
3268,930,2025-06-14,delivered
3269,81,2025-06-16,cancelled
3270,23,2025-06-08,delivered
3271,4,2025-06-15,cancelled
3272,177,2025-06-16,delivered
3273,593,2025-06-30,delivered
3274,1127,2025-06-30,delivered
3275,1098,2025-06-06,delivered
3276,1166,2025-06-22,delivered
3277,955,2025-06-26,delivered
3278,883,2025-06-27,delivered
3279,1109,2025-06-29,cancelled
3280,890,2025-06-20,delivered
3281,763,2025-06-28,delivered
3282,765,2025-06-13,delivered
3283,447,2025-06-14,delivered
3284,17,2025-06-02,delivered
3285,508,2025-06-12,delivered
3286,656,2025-06-07,delivered
3287,79,2025-06-12,delivered
3288,608,2025-06-25,delivered
3289,308,2025-06-23,delivered
3290,615,2025-06-21,cancelled
3291,86,2025-06-25,delivered
3292,863,2025-06-30,delivered
3293,1105,2025-06-09,delivered
3294,706,2025-06-26,delivered
3295,593,2025-06-26,delivered
3296,691,2025-06-18,delivered
3297,698,2025-06-11,delivered
3298,957,2025-06-17,delivered
3299,600,2025-06-14,delivered
3300,68,2025-06-30,refunded
3301,746,2025-06-09,delivered
3302,330,2025-06-18,delivered
3303,27,2025-06-11,delivered
3304,489,2025-06-16,delivered
3305,776,2025-06-26,delivered
3306,1008,2025-06-20,delivered
3307,136,2025-06-19,delivered
3308,600,2025-06-02,delivered
3309,913,2025-06-28,delivered
3310,287,2025-06-10,delivered
3311,210,2025-06-23,delivered
3312,1174,2025-06-04,delivered
3313,913,2025-06-29,delivered
3314,684,2025-06-07,delivered
3315,6,2025-06-08,refunded
3316,991,2025-06-07,delivered
3317,824,2025-06-10,delivered
3318,1071,2025-06-19,delivered
3319,484,2025-06-18,delivered
3320,1042,2025-06-28,delivered
3321,99,2025-06-09,cancelled
3322,1109,2025-06-17,delivered
3323,498,2025-06-12,delivered
3324,855,2025-06-24,delivered
3325,858,2025-06-30,refunded
3326,689,2025-06-10,delivered
3327,192,2025-06-28,delivered
3328,207,2025-06-02,delivered
3329,1018,2025-06-02,delivered
3330,1198,2025-06-01,delivered
3331,1084,2025-06-30,cancelled
3332,527,2025-06-14,delivered
3333,918,2025-06-09,delivered
3334,934,2025-06-16,delivered
3335,484,2025-06-04,delivered
3336,400,2025-06-28,cancelled
3337,475,2025-06-18,refunded
3338,370,2025-06-29,refunded
3339,662,2025-06-17,delivered
3340,819,2025-06-15,delivered
3341,315,2025-06-05,delivered
3342,563,2025-06-01,delivered
3343,99,2025-06-18,delivered
3344,1050,2025-06-04,delivered
3345,662,2025-06-24,delivered
3346,541,2025-06-14,delivered
3347,681,2025-06-06,delivered
3348,959,2025-06-19,delivered
3349,583,2025-06-27,refunded
3350,930,2025-06-22,delivered
3351,421,2025-06-06,delivered
3352,183,2025-06-02,delivered
3353,870,2025-06-06,delivered
3354,99,2025-06-25,delivered
3355,910,2025-06-28,delivered
3356,470,2025-06-28,delivered
3357,14,2025-06-30,delivered
3358,992,2025-06-15,delivered
3359,1033,2025-06-08,delivered
3360,865,2025-06-21,delivered
3361,681,2025-06-24,delivered
3362,3,2025-06-07,cancelled
3363,1038,2025-06-29,cancelled
3364,486,2025-06-01,delivered
3365,1026,2025-06-11,cancelled
3366,121,2025-06-03,delivered
3367,1000,2025-06-03,delivered
3368,1174,2025-06-02,delivered
3369,180,2025-06-20,delivered
3370,740,2025-06-07,delivered
3371,556,2025-06-02,delivered
3372,746,2025-06-10,delivered
3373,826,2025-06-12,delivered
3374,1106,2025-06-04,delivered
3375,295,2025-06-08,delivered
3376,1002,2025-06-26,delivered
3377,181,2025-06-25,delivered
3378,1105,2025-06-18,cancelled
3379,247,2025-06-14,delivered
3380,47,2025-06-28,delivered
3381,364,2025-06-06,delivered
3382,652,2025-06-15,refunded
3383,932,2025-06-13,cancelled
3384,1050,2025-06-24,delivered
3385,129,2025-06-10,delivered
3386,321,2025-06-24,cancelled
3387,773,2025-06-24,delivered
3388,910,2025-06-14,delivered
3389,588,2025-06-19,delivered
3390,208,2025-06-17,refunded
3391,402,2025-06-03,refunded
3392,593,2025-06-09,delivered
3393,591,2025-06-20,delivered
3394,556,2025-06-30,delivered
3395,421,2025-06-14,delivered
3396,192,2025-06-15,refunded
3397,508,2025-06-18,delivered
3398,165,2025-06-13,delivered
3399,330,2025-06-16,delivered
3400,792,2025-06-01,delivered
3401,1037,2025-06-10,delivered
3402,940,2025-06-20,delivered
3403,439,2025-06-13,delivered
3404,159,2025-06-13,delivered
3405,70,2025-06-07,delivered
3406,1072,2025-06-19,delivered
3407,330,2025-06-14,delivered
3408,391,2025-06-28,delivered
3409,662,2025-06-18,delivered
3410,391,2025-06-29,refunded
3411,16,2025-07-08,delivered
3412,934,2025-07-08,refunded
3413,1199,2025-07-10,cancelled
3414,6,2025-07-26,delivered
3415,355,2025-07-18,refunded
3416,154,2025-07-17,delivered
3417,582,2025-07-12,delivered
3418,315,2025-07-24,delivered
3419,574,2025-07-28,delivered
3420,890,2025-07-31,delivered
3421,1199,2025-07-07,delivered
3422,966,2025-07-04,delivered
3423,771,2025-07-15,delivered
3424,214,2025-07-13,delivered
3425,66,2025-07-17,delivered
3426,1034,2025-07-24,delivered
3427,131,2025-07-09,delivered
3428,988,2025-07-13,delivered
3429,385,2025-07-04,delivered
3430,890,2025-07-11,delivered
3431,362,2025-07-21,delivered
3432,807,2025-07-10,delivered
3433,1060,2025-07-02,delivered
3434,246,2025-07-20,delivered
3435,908,2025-07-03,delivered
3436,789,2025-07-28,delivered
3437,771,2025-07-06,delivered
3438,765,2025-07-22,delivered
3439,662,2025-07-29,delivered
3440,536,2025-07-18,delivered
3441,1010,2025-07-09,delivered
3442,3,2025-07-03,delivered
3443,907,2025-07-12,cancelled
3444,634,2025-07-14,delivered
3445,215,2025-07-23,delivered
3446,1062,2025-07-29,delivered
3447,1017,2025-07-29,delivered
3448,1049,2025-07-04,delivered
3449,829,2025-07-28,delivered
3450,185,2025-07-05,delivered
3451,1034,2025-07-15,delivered
3452,834,2025-07-18,refunded
3453,8,2025-07-12,delivered
3454,474,2025-07-11,delivered
3455,210,2025-07-18,delivered
3456,1097,2025-07-12,delivered
3457,450,2025-07-03,delivered
3458,28,2025-07-01,cancelled
3459,315,2025-07-20,delivered
3460,305,2025-07-20,delivered
3461,955,2025-07-14,delivered
3462,1151,2025-07-14,delivered
3463,742,2025-07-27,delivered
3464,1164,2025-07-18,delivered
3465,385,2025-07-23,delivered
3466,713,2025-07-12,delivered
3467,123,2025-07-31,delivered
3468,285,2025-07-13,delivered
3469,696,2025-07-11,delivered
3470,246,2025-07-09,delivered
3471,587,2025-07-11,delivered
3472,662,2025-07-20,cancelled
3473,189,2025-07-29,delivered
3474,967,2025-07-12,delivered
3475,47,2025-07-17,cancelled
3476,454,2025-07-06,delivered
3477,648,2025-07-01,delivered
3478,1195,2025-07-14,delivered
3479,775,2025-07-05,delivered
3480,1098,2025-07-27,delivered
3481,32,2025-07-17,delivered
3482,935,2025-07-26,refunded
3483,1126,2025-07-05,delivered
3484,840,2025-07-19,delivered
3485,884,2025-07-30,delivered
3486,636,2025-07-07,delivered
3487,846,2025-07-10,delivered
3488,918,2025-07-21,cancelled
3489,963,2025-07-22,delivered
3490,1173,2025-07-25,delivered
3491,208,2025-07-07,delivered
3492,288,2025-07-23,delivered
3493,581,2025-07-24,delivered
3494,437,2025-07-13,delivered
3495,11,2025-07-25,delivered
3496,385,2025-07-18,delivered
3497,475,2025-07-04,delivered
3498,920,2025-07-06,delivered
3499,727,2025-07-27,delivered
3500,37,2025-07-06,delivered
3501,1155,2025-07-08,delivered
3502,1173,2025-07-11,delivered
3503,269,2025-07-07,delivered
3504,295,2025-07-08,delivered
3505,492,2025-07-04,delivered
3506,761,2025-07-25,refunded
3507,17,2025-07-20,delivered
3508,634,2025-07-20,cancelled
3509,1038,2025-07-04,delivered
3510,698,2025-07-24,delivered
3511,890,2025-07-07,delivered
3512,1167,2025-07-28,delivered
3513,1050,2025-07-23,delivered
3514,1176,2025-07-01,delivered
3515,248,2025-07-09,delivered
3516,327,2025-07-06,delivered
3517,44,2025-07-15,delivered
3518,230,2025-07-03,delivered
3519,744,2025-07-15,delivered
3520,1097,2025-07-21,delivered
3521,71,2025-07-26,delivered
3522,1109,2025-07-09,delivered
3523,691,2025-07-31,delivered
3524,295,2025-07-09,delivered
3525,660,2025-07-24,delivered
3526,684,2025-07-27,delivered
3527,739,2025-07-26,refunded
3528,262,2025-07-16,delivered
3529,583,2025-07-21,delivered
3530,1069,2025-07-16,delivered
3531,922,2025-07-30,delivered
3532,141,2025-07-08,delivered
3533,275,2025-07-14,delivered
3534,745,2025-07-21,delivered
3535,981,2025-07-22,delivered
3536,608,2025-07-25,delivered
3537,756,2025-07-24,delivered
3538,648,2025-07-03,delivered
3539,131,2025-07-03,refunded
3540,1120,2025-07-11,delivered
3541,674,2025-07-01,delivered
3542,458,2025-07-13,delivered
3543,35,2025-07-20,cancelled
3544,545,2025-07-06,delivered
3545,634,2025-07-03,delivered
3546,791,2025-07-01,delivered
3547,211,2025-07-19,delivered
3548,449,2025-07-03,cancelled
3549,83,2025-07-16,delivered
3550,8,2025-07-13,delivered
3551,309,2025-07-01,delivered
3552,1199,2025-07-25,delivered
3553,718,2025-07-08,delivered
3554,536,2025-07-11,cancelled
3555,332,2025-07-19,delivered
3556,687,2025-07-05,refunded
3557,668,2025-07-10,delivered
3558,979,2025-07-26,delivered
3559,932,2025-07-12,delivered
3560,1098,2025-07-03,delivered
3561,399,2025-07-31,delivered
3562,1100,2025-07-17,delivered
3563,227,2025-07-01,delivered
3564,130,2025-07-25,delivered
3565,608,2025-07-26,delivered
3566,183,2025-07-21,delivered
3567,140,2025-07-28,delivered
3568,1050,2025-07-01,delivered
3569,577,2025-07-22,delivered
3570,261,2025-07-13,delivered
3571,910,2025-07-22,delivered
3572,693,2025-07-02,delivered
3573,1063,2025-07-14,delivered
3574,499,2025-07-13,delivered
3575,109,2025-07-17,delivered
3576,464,2025-07-01,delivered
3577,941,2025-07-23,cancelled
3578,37,2025-07-18,delivered
3579,646,2025-07-10,delivered
3580,686,2025-07-30,delivered
3581,188,2025-07-22,delivered
3582,1041,2025-07-28,delivered
3583,1173,2025-07-17,delivered
3584,127,2025-07-10,delivered
3585,586,2025-07-07,delivered
3586,332,2025-07-23,delivered
3587,480,2025-07-13,delivered
3588,704,2025-07-11,delivered
3589,422,2025-07-09,delivered
3590,143,2025-07-20,delivered
3591,1126,2025-07-18,delivered
3592,871,2025-07-29,delivered
3593,1026,2025-07-07,delivered
3594,844,2025-07-16,delivered
3595,967,2025-07-08,delivered
3596,303,2025-07-20,delivered
3597,1160,2025-07-09,delivered
3598,1051,2025-07-06,delivered
3599,388,2025-07-13,delivered
3600,944,2025-07-03,delivered
3601,634,2025-07-14,refunded
3602,1149,2025-07-24,delivered
3603,178,2025-07-29,delivered
3604,1027,2025-07-19,cancelled
3605,1072,2025-07-16,delivered
3606,269,2025-07-02,delivered
3607,195,2025-07-20,refunded
3608,412,2025-07-07,delivered
3609,1195,2025-07-23,delivered
3610,927,2025-07-24,delivered
3611,327,2025-07-25,delivered
3612,756,2025-07-22,delivered
3613,714,2025-07-25,delivered
3614,154,2025-07-25,delivered
3615,47,2025-07-30,delivered
3616,1069,2025-07-06,delivered
3617,479,2025-07-12,delivered
3618,547,2025-07-25,delivered
3619,613,2025-07-27,delivered
3620,1048,2025-07-19,delivered
3621,3,2025-07-15,delivered
3622,1002,2025-07-15,delivered
3623,1098,2025-07-22,delivered
3624,186,2025-07-02,delivered
3625,147,2025-07-01,delivered
3626,746,2025-07-13,delivered
3627,593,2025-07-09,refunded
3628,914,2025-07-25,delivered
3629,636,2025-07-28,delivered
3630,327,2025-07-23,cancelled
3631,42,2025-07-04,delivered
3632,986,2025-07-06,delivered
3633,1058,2025-07-21,delivered
3634,1058,2025-07-15,delivered
3635,588,2025-07-31,delivered
3636,950,2025-07-01,delivered
3637,428,2025-07-15,delivered
3638,998,2025-07-28,delivered
3639,199,2025-07-31,delivered
3640,676,2025-07-09,refunded
3641,1067,2025-07-14,delivered
3642,827,2025-07-11,delivered
3643,1200,2025-07-15,cancelled
3644,556,2025-07-21,delivered
3645,1026,2025-07-20,delivered
3646,775,2025-07-19,delivered
3647,129,2025-07-01,delivered
3648,827,2025-07-02,delivered
3649,742,2025-07-20,delivered
3650,714,2025-07-23,delivered
3651,410,2025-07-23,delivered
3652,992,2025-07-22,delivered
3653,112,2025-07-17,delivered
3654,244,2025-07-19,delivered
3655,520,2025-07-23,delivered
3656,746,2025-07-01,delivered
3657,710,2025-07-06,delivered
3658,634,2025-07-11,delivered
3659,208,2025-07-23,delivered
3660,131,2025-07-15,delivered
3661,4,2025-07-11,delivered
3662,54,2025-07-14,delivered
3663,1109,2025-07-05,delivered
3664,858,2025-07-14,delivered
3665,826,2025-07-22,delivered
3666,681,2025-07-10,cancelled
3667,1072,2025-07-05,refunded
3668,237,2025-07-11,delivered
3669,598,2025-07-09,cancelled
3670,689,2025-07-06,delivered
3671,676,2025-07-11,refunded
3672,523,2025-07-11,refunded
3673,23,2025-08-18,delivered
3674,1120,2025-08-11,delivered
3675,1031,2025-08-21,delivered
3676,686,2025-08-14,delivered
3677,83,2025-08-09,delivered
3678,1026,2025-08-01,delivered
3679,996,2025-08-28,delivered
3680,327,2025-08-21,delivered
3681,270,2025-08-24,delivered
3682,623,2025-08-21,delivered
3683,809,2025-08-20,delivered
3684,742,2025-08-17,delivered
3685,98,2025-08-18,delivered
3686,945,2025-08-11,delivered
3687,12,2025-08-27,cancelled
3688,689,2025-08-03,delivered
3689,1197,2025-08-12,cancelled
3690,785,2025-08-23,delivered
3691,947,2025-08-10,delivered
3692,840,2025-08-19,delivered
3693,563,2025-08-10,delivered
3694,648,2025-08-22,delivered
3695,299,2025-08-14,delivered
3696,1055,2025-08-25,delivered
3697,583,2025-08-28,delivered
3698,1187,2025-08-09,delivered
3699,201,2025-08-02,delivered
3700,996,2025-08-10,delivered
3701,129,2025-08-21,delivered
3702,773,2025-08-18,delivered
3703,774,2025-08-30,delivered
3704,316,2025-08-27,delivered
3705,123,2025-08-15,delivered
3706,508,2025-08-17,delivered
3707,368,2025-08-13,delivered
3708,503,2025-08-20,delivered
3709,954,2025-08-21,delivered
3710,75,2025-08-10,cancelled
3711,195,2025-08-21,delivered
3712,834,2025-08-23,delivered
3713,622,2025-08-23,refunded
3714,992,2025-08-06,delivered
3715,158,2025-08-07,delivered
3716,88,2025-08-24,refunded
3717,246,2025-08-09,delivered
3718,992,2025-08-02,delivered
3719,825,2025-08-09,refunded
3720,44,2025-08-12,delivered
3721,575,2025-08-21,delivered
3722,744,2025-08-08,delivered
3723,676,2025-08-14,cancelled
3724,78,2025-08-18,delivered
3725,861,2025-08-16,delivered
3726,3,2025-08-13,delivered
3727,24,2025-08-12,delivered
3728,37,2025-08-24,delivered
3729,1008,2025-08-02,delivered
3730,174,2025-08-27,delivered
3731,327,2025-08-04,delivered
3732,289,2025-08-10,delivered
3733,662,2025-08-06,delivered
3734,739,2025-08-06,refunded
3735,1084,2025-08-09,delivered
3736,691,2025-08-15,delivered
3737,1102,2025-08-07,delivered
3738,385,2025-08-10,delivered
3739,634,2025-08-31,delivered
3740,873,2025-08-06,delivered
3741,691,2025-08-25,delivered
3742,370,2025-08-06,cancelled
3743,1002,2025-08-22,delivered
3744,230,2025-08-07,refunded
3745,546,2025-08-17,delivered
3746,410,2025-08-19,delivered
3747,587,2025-08-01,delivered
3748,1002,2025-08-17,delivered
3749,463,2025-08-25,delivered
3750,971,2025-08-26,delivered
3751,516,2025-08-05,delivered
3752,388,2025-08-25,delivered
3753,759,2025-08-14,delivered
3754,586,2025-08-07,delivered
3755,1102,2025-08-20,delivered
3756,708,2025-08-09,delivered
3757,98,2025-08-17,delivered
3758,1164,2025-08-27,delivered
3759,151,2025-08-31,delivered
3760,888,2025-08-03,delivered
3761,1076,2025-08-02,delivered
3762,833,2025-08-09,delivered
3763,438,2025-08-03,delivered
3764,83,2025-08-30,delivered
3765,127,2025-08-04,delivered
3766,870,2025-08-28,delivered
3767,1149,2025-08-09,delivered
3768,85,2025-08-29,delivered
3769,814,2025-08-14,delivered
3770,742,2025-08-21,delivered
3771,1022,2025-08-23,delivered
3772,1021,2025-08-06,delivered
3773,427,2025-08-26,delivered
3774,1041,2025-08-20,delivered
3775,171,2025-08-15,delivered
3776,274,2025-08-17,delivered
3777,1050,2025-08-23,delivered
3778,208,2025-08-18,delivered
3779,1027,2025-08-21,delivered
3780,1200,2025-08-31,delivered
3781,770,2025-08-13,delivered
3782,789,2025-08-01,delivered
3783,747,2025-08-14,delivered
3784,1181,2025-08-12,refunded
3785,1147,2025-08-25,delivered
3786,751,2025-08-25,delivered
3787,332,2025-08-15,delivered
3788,454,2025-08-11,refunded
3789,1058,2025-08-21,delivered
3790,797,2025-08-31,delivered
3791,233,2025-08-30,delivered
3792,1147,2025-08-16,delivered
3793,631,2025-08-01,delivered
3794,310,2025-08-08,delivered
3795,314,2025-08-13,delivered
3796,809,2025-08-24,cancelled
3797,1042,2025-08-26,delivered
3798,987,2025-08-17,cancelled
3799,649,2025-08-03,delivered
3800,930,2025-08-22,cancelled
3801,305,2025-08-21,delivered
3802,777,2025-08-06,delivered
3803,919,2025-08-04,delivered
3804,154,2025-08-10,delivered
3805,274,2025-08-23,delivered
3806,160,2025-08-02,delivered
3807,1082,2025-08-15,delivered
3808,844,2025-08-17,delivered
3809,761,2025-08-25,delivered
3810,303,2025-08-24,delivered
3811,628,2025-08-18,delivered
3812,861,2025-08-21,delivered
3813,861,2025-08-13,delivered
3814,171,2025-08-08,delivered
3815,902,2025-08-12,delivered
3816,24,2025-08-13,delivered
3817,955,2025-08-17,cancelled
3818,1,2025-08-09,delivered
3819,989,2025-08-26,delivered
3820,1002,2025-08-22,delivered
3821,208,2025-08-06,delivered
3822,799,2025-08-20,delivered
3823,469,2025-08-15,delivered
3824,1055,2025-08-05,delivered
3825,789,2025-08-09,delivered
3826,1060,2025-08-09,delivered
3827,1076,2025-08-24,delivered
3828,1084,2025-08-29,delivered
3829,556,2025-08-18,delivered
3830,490,2025-08-29,delivered
3831,1027,2025-08-23,delivered
3832,199,2025-08-13,delivered
3833,497,2025-08-16,refunded
3834,839,2025-08-12,delivered
3835,302,2025-08-08,delivered
3836,676,2025-08-27,delivered
3837,536,2025-08-01,delivered
3838,385,2025-08-12,delivered
3839,875,2025-08-27,delivered
3840,694,2025-08-10,delivered
3841,447,2025-08-05,delivered
3842,391,2025-08-07,delivered
3843,605,2025-08-14,delivered
3844,548,2025-08-28,delivered
3845,353,2025-08-19,delivered
3846,920,2025-08-21,delivered
3847,190,2025-08-29,delivered
3848,174,2025-08-17,delivered
3849,1173,2025-08-22,delivered
3850,36,2025-08-08,delivered
3851,327,2025-08-23,delivered
3852,1000,2025-08-04,cancelled
3853,1071,2025-08-24,delivered
3854,890,2025-08-20,delivered
3855,364,2025-08-19,delivered
3856,752,2025-08-01,delivered
3857,450,2025-08-04,delivered
3858,1159,2025-08-12,delivered
3859,44,2025-08-16,delivered
3860,761,2025-08-25,delivered
3861,486,2025-08-23,delivered
3862,1199,2025-08-23,delivered
3863,388,2025-08-05,cancelled
3864,918,2025-08-07,delivered
3865,1143,2025-08-15,delivered
3866,382,2025-08-01,delivered
3867,600,2025-08-03,delivered
3868,789,2025-08-24,delivered
3869,386,2025-08-22,delivered
3870,1125,2025-08-04,delivered
3871,627,2025-08-10,delivered
3872,501,2025-08-26,delivered
3873,691,2025-08-15,delivered
3874,352,2025-08-04,delivered
3875,762,2025-08-25,delivered
3876,104,2025-08-06,delivered
3877,908,2025-08-17,delivered
3878,714,2025-08-10,delivered
3879,938,2025-08-09,delivered
3880,1120,2025-08-21,refunded
3881,920,2025-08-31,delivered
3882,332,2025-08-03,delivered
3883,801,2025-08-11,delivered
3884,566,2025-08-19,delivered
3885,838,2025-08-15,delivered
3886,48,2025-08-11,cancelled
3887,336,2025-08-24,delivered
3888,498,2025-08-04,refunded
3889,1070,2025-08-20,delivered
3890,965,2025-08-03,delivered
3891,154,2025-08-10,delivered
3892,691,2025-08-24,delivered
3893,1050,2025-08-12,delivered
3894,82,2025-08-03,refunded
3895,735,2025-08-15,delivered
3896,592,2025-08-24,delivered
3897,455,2025-08-10,delivered
3898,601,2025-08-14,delivered
3899,1060,2025-08-25,delivered
3900,24,2025-08-07,delivered
3901,153,2025-08-23,delivered
3902,776,2025-08-30,delivered
3903,210,2025-08-01,delivered
3904,44,2025-08-13,delivered
3905,454,2025-08-06,delivered
3906,957,2025-08-07,delivered
3907,679,2025-08-29,cancelled
3908,814,2025-08-09,delivered
3909,32,2025-08-24,delivered
3910,498,2025-08-19,delivered
3911,45,2025-08-22,delivered
3912,1102,2025-08-11,delivered
3913,605,2025-08-29,delivered
3914,791,2025-08-02,delivered
3915,394,2025-08-16,delivered
3916,332,2025-08-09,delivered
3917,573,2025-08-05,delivered
3918,1160,2025-08-05,delivered
3919,797,2025-08-20,delivered
3920,1002,2025-08-25,delivered
3921,711,2025-08-19,cancelled
3922,395,2025-08-17,delivered
3923,925,2025-08-05,delivered
3924,1160,2025-08-16,delivered
3925,529,2025-08-14,delivered
3926,261,2025-08-17,delivered
3927,473,2025-08-28,delivered
3928,237,2025-08-20,delivered
3929,681,2025-08-05,delivered
3930,1002,2025-08-15,delivered
3931,332,2025-08-20,delivered
3932,1059,2025-08-19,delivered
3933,1009,2025-08-20,delivered
3934,714,2025-08-01,delivered
3935,13,2025-08-09,delivered
3936,858,2025-08-23,delivered
3937,939,2025-08-02,delivered
3938,480,2025-08-22,delivered
3939,1151,2025-08-25,delivered
3940,1028,2025-08-11,delivered
3941,700,2025-08-04,delivered
3942,1199,2025-08-11,delivered
3943,902,2025-08-02,delivered
3944,1031,2025-09-04,delivered
3945,165,2025-09-06,delivered
3946,311,2025-09-08,delivered
3947,359,2025-09-01,delivered
3948,1155,2025-09-15,delivered
3949,417,2025-09-25,delivered
3950,290,2025-09-07,delivered
3951,810,2025-09-23,delivered
3952,1119,2025-09-06,cancelled
3953,516,2025-09-03,delivered
3954,131,2025-09-14,delivered
3955,287,2025-09-27,delivered
3956,971,2025-09-08,delivered
3957,733,2025-09-06,delivered
3958,758,2025-09-29,delivered
3959,966,2025-09-11,delivered
3960,1026,2025-09-18,cancelled
3961,689,2025-09-02,delivered
3962,608,2025-09-07,delivered
3963,591,2025-09-14,delivered
3964,500,2025-09-15,delivered
3965,559,2025-09-03,delivered
3966,789,2025-09-25,delivered
3967,98,2025-09-08,cancelled
3968,370,2025-09-09,delivered
3969,370,2025-09-05,delivered
3970,1195,2025-09-15,delivered
3971,47,2025-09-08,delivered
3972,14,2025-09-10,delivered
3973,602,2025-09-03,delivered
3974,23,2025-09-20,delivered
3975,416,2025-09-23,delivered
3976,597,2025-09-30,delivered
3977,1033,2025-09-29,delivered
3978,106,2025-09-10,delivered
3979,824,2025-09-16,delivered
3980,1149,2025-09-02,delivered
3981,78,2025-09-08,cancelled
3982,821,2025-09-19,cancelled
3983,789,2025-09-09,cancelled
3984,1174,2025-09-19,delivered
3985,63,2025-09-05,delivered
3986,586,2025-09-25,delivered
3987,627,2025-09-30,delivered
3988,199,2025-09-23,refunded
3989,840,2025-09-29,delivered
3990,876,2025-09-26,delivered
3991,1126,2025-09-20,delivered
3992,832,2025-09-01,delivered
3993,80,2025-09-25,refunded
3994,1117,2025-09-25,delivered
3995,1012,2025-09-14,delivered
3996,438,2025-09-10,cancelled
3997,389,2025-09-24,delivered
3998,1098,2025-09-18,refunded
3999,1198,2025-09-10,delivered
4000,714,2025-09-15,delivered
4001,190,2025-09-28,delivered
4002,1002,2025-09-27,delivered
4003,391,2025-09-15,delivered
4004,676,2025-09-08,delivered
4005,323,2025-09-15,delivered
4006,1144,2025-09-20,delivered
4007,794,2025-09-28,delivered
4008,1110,2025-09-12,delivered
4009,657,2025-09-03,delivered
4010,676,2025-09-01,delivered
4011,1198,2025-09-22,delivered
4012,885,2025-09-20,delivered
4013,358,2025-09-29,delivered
4014,385,2025-09-06,delivered
4015,1176,2025-09-15,refunded
4016,1050,2025-09-26,delivered
4017,1071,2025-09-05,delivered
4018,306,2025-09-29,delivered
4019,12,2025-09-04,delivered
4020,1195,2025-09-12,delivered
4021,681,2025-09-12,delivered
4022,106,2025-09-17,delivered
4023,734,2025-09-16,delivered
4024,7,2025-09-15,delivered
4025,508,2025-09-20,delivered
4026,359,2025-09-17,delivered
4027,1068,2025-09-14,delivered
4028,330,2025-09-05,delivered
4029,1145,2025-09-27,delivered
4030,310,2025-09-07,delivered
4031,390,2025-09-06,delivered
4032,628,2025-09-12,delivered
4033,833,2025-09-30,delivered
4034,1135,2025-09-05,delivered
4035,152,2025-09-19,delivered
4036,456,2025-09-20,cancelled
4037,427,2025-09-09,delivered
4038,1012,2025-09-26,refunded
4039,314,2025-09-19,delivered
4040,965,2025-09-03,delivered
4041,363,2025-09-13,delivered
4042,284,2025-09-09,delivered
4043,634,2025-09-09,delivered
4044,3,2025-09-26,delivered
4045,556,2025-09-28,delivered
4046,795,2025-09-18,delivered
4047,1077,2025-09-18,delivered
4048,857,2025-09-19,delivered
4049,744,2025-09-20,delivered
4050,340,2025-09-08,delivered
4051,698,2025-09-30,delivered
4052,8,2025-09-21,delivered
4053,1031,2025-09-27,delivered
4054,154,2025-09-08,delivered
4055,1151,2025-09-25,delivered
4056,1181,2025-09-20,delivered
4057,205,2025-09-12,delivered
4058,498,2025-09-14,delivered
4059,332,2025-09-12,refunded
4060,159,2025-09-13,delivered
4061,937,2025-09-19,refunded
4062,839,2025-09-24,delivered
4063,497,2025-09-07,refunded
4064,271,2025-09-05,delivered
4065,870,2025-09-18,delivered
4066,596,2025-09-09,delivered
4067,1085,2025-09-12,refunded
4068,1114,2025-09-24,cancelled
4069,906,2025-09-13,delivered
4070,918,2025-09-24,delivered
4071,98,2025-09-16,delivered
4072,679,2025-09-29,delivered
4073,383,2025-09-22,delivered
4074,630,2025-09-23,delivered
4075,863,2025-09-17,delivered
4076,920,2025-09-25,delivered
4077,1028,2025-09-25,delivered
4078,390,2025-09-17,delivered
4079,934,2025-09-22,cancelled
4080,587,2025-09-14,delivered
4081,171,2025-09-24,delivered
4082,209,2025-09-27,delivered
4083,332,2025-09-14,refunded
4084,932,2025-09-24,delivered
4085,560,2025-09-20,delivered
4086,738,2025-09-12,delivered
4087,613,2025-09-03,delivered
4088,4,2025-09-04,delivered
4089,37,2025-09-20,delivered
4090,1102,2025-09-25,delivered
4091,698,2025-09-24,delivered
4092,272,2025-09-14,delivered
4093,703,2025-09-30,delivered
4094,480,2025-09-20,delivered
4095,1102,2025-09-05,delivered
4096,162,2025-09-10,delivered
4097,385,2025-09-21,delivered
4098,520,2025-09-15,delivered
4099,531,2025-09-20,delivered
4100,714,2025-09-20,cancelled
4101,363,2025-09-14,refunded
4102,830,2025-09-08,cancelled
4103,947,2025-09-30,delivered
4104,369,2025-09-23,delivered
4105,177,2025-09-01,delivered
4106,198,2025-09-18,refunded
4107,619,2025-09-14,delivered
4108,758,2025-09-29,delivered
4109,85,2025-09-13,delivered
4110,754,2025-09-04,delivered
4111,563,2025-09-18,delivered
4112,159,2025-09-25,delivered
4113,556,2025-09-05,delivered
4114,545,2025-09-05,delivered
4115,1057,2025-09-06,delivered
4116,330,2025-09-03,delivered
4117,315,2025-09-26,delivered
4118,1008,2025-09-07,delivered
4119,831,2025-09-05,delivered
4120,156,2025-09-11,delivered
4121,778,2025-09-24,delivered
4122,737,2025-09-19,delivered
4123,1173,2025-09-05,delivered
4124,24,2025-09-01,delivered
4125,450,2025-09-21,delivered
4126,136,2025-09-27,delivered
4127,235,2025-09-18,delivered
4128,82,2025-09-16,cancelled
4129,65,2025-09-30,delivered
4130,243,2025-09-25,delivered
4131,1121,2025-09-05,delivered
4132,1140,2025-09-24,delivered
4133,995,2025-09-10,delivered
4134,858,2025-09-21,delivered
4135,619,2025-09-04,delivered
4136,270,2025-09-06,delivered
4137,789,2025-09-20,delivered
4138,92,2025-09-15,delivered
4139,1084,2025-09-25,delivered
4140,205,2025-09-25,delivered
4141,463,2025-09-27,delivered
4142,861,2025-09-12,delivered
4143,1046,2025-09-12,delivered
4144,806,2025-09-06,delivered
4145,1069,2025-09-01,delivered
4146,698,2025-09-04,delivered
4147,1041,2025-09-27,refunded
4148,1156,2025-09-02,delivered
4149,498,2025-09-27,delivered
4150,98,2025-09-07,delivered
4151,744,2025-09-11,refunded
4152,565,2025-09-06,delivered
4153,15,2025-09-11,delivered
4154,650,2025-09-09,delivered
4155,422,2025-09-25,delivered
4156,460,2025-09-22,delivered
4157,966,2025-09-21,delivered
4158,875,2025-09-20,refunded
4159,254,2025-09-08,delivered
4160,624,2025-09-04,refunded
4161,29,2025-09-09,delivered
4162,58,2025-09-30,delivered
4163,853,2025-09-14,delivered
4164,605,2025-09-28,delivered
4165,58,2025-09-20,delivered
4166,871,2025-09-28,delivered
4167,1164,2025-09-18,refunded
4168,381,2025-09-29,delivered
4169,545,2025-09-24,delivered
4170,340,2025-09-19,delivered
4171,934,2025-09-10,delivered
4172,751,2025-09-10,delivered
4173,403,2025-09-04,delivered
4174,295,2025-09-12,cancelled
4175,24,2025-09-25,delivered
4176,209,2025-09-09,delivered
4177,1002,2025-09-28,delivered
4178,1120,2025-09-28,delivered
4179,402,2025-09-23,delivered
4180,1086,2025-09-20,delivered
4181,1089,2025-09-18,delivered
4182,1035,2025-09-07,delivered
4183,797,2025-09-01,delivered
4184,1145,2025-09-10,delivered
4185,916,2025-09-21,delivered
4186,368,2025-09-27,delivered
4187,445,2025-09-16,refunded
4188,11,2025-09-07,delivered
4189,186,2025-09-05,delivered
4190,765,2025-09-21,delivered
4191,175,2025-09-18,delivered
4192,306,2025-09-05,delivered
4193,742,2025-09-26,delivered
4194,490,2025-09-26,delivered
4195,124,2025-09-18,refunded
4196,656,2025-09-16,delivered
4197,248,2025-09-30,delivered
4198,65,2025-09-29,delivered
4199,326,2025-09-15,delivered
4200,1172,2025-09-06,delivered
4201,1181,2025-09-09,delivered
4202,12,2025-09-10,delivered
4203,846,2025-09-22,delivered
4204,364,2025-09-23,delivered
4205,186,2025-09-19,delivered
4206,730,2025-09-24,delivered
4207,861,2025-09-04,delivered
4208,6,2025-09-02,delivered
4209,1187,2025-09-28,delivered
4210,1075,2025-09-17,delivered
4211,489,2025-09-01,delivered
4212,1120,2025-09-12,delivered
4213,144,2025-09-06,delivered
4214,237,2025-09-20,cancelled
4215,414,2025-09-01,delivered
4216,35,2025-09-10,delivered
4217,826,2025-09-01,delivered
4218,628,2025-09-26,delivered
4219,1122,2025-09-18,delivered
4220,875,2025-09-23,delivered
4221,559,2025-09-10,delivered
4222,32,2025-09-16,delivered
4223,691,2025-09-01,refunded
4224,394,2025-10-30,delivered
4225,765,2025-10-12,delivered
4226,1063,2025-10-05,delivered
4227,954,2025-10-23,delivered
4228,271,2025-10-21,delivered
4229,921,2025-10-14,delivered
4230,303,2025-10-06,delivered
4231,892,2025-10-07,delivered
4232,36,2025-10-18,delivered
4233,58,2025-10-29,delivered
4234,586,2025-10-31,delivered
4235,1019,2025-10-26,refunded
4236,498,2025-10-27,delivered
4237,392,2025-10-22,delivered
4238,158,2025-10-26,cancelled
4239,613,2025-10-09,delivered
4240,1072,2025-10-13,delivered
4241,238,2025-10-07,delivered
4242,527,2025-10-12,delivered
4243,744,2025-10-25,delivered
4244,1172,2025-10-23,delivered
4245,987,2025-10-30,delivered
4246,824,2025-10-23,delivered
4247,1051,2025-10-01,delivered
4248,895,2025-10-08,delivered
4249,129,2025-10-10,cancelled
4250,1102,2025-10-20,delivered
4251,536,2025-10-09,delivered
4252,608,2025-10-16,delivered
4253,126,2025-10-21,refunded
4254,1042,2025-10-16,delivered
4255,94,2025-10-24,delivered
4256,1072,2025-10-17,delivered
4257,12,2025-10-30,delivered
4258,99,2025-10-17,delivered
4259,978,2025-10-05,delivered
4260,247,2025-10-27,cancelled
4261,55,2025-10-07,delivered
4262,698,2025-10-20,delivered
4263,135,2025-10-08,delivered
4264,848,2025-10-06,cancelled
4265,192,2025-10-06,delivered
4266,686,2025-10-30,delivered
4267,330,2025-10-20,delivered
4268,243,2025-10-14,delivered
4269,619,2025-10-31,delivered
4270,352,2025-10-11,delivered
4271,437,2025-10-05,delivered
4272,235,2025-10-16,refunded
4273,1102,2025-10-22,delivered
4274,441,2025-10-31,delivered
4275,503,2025-10-05,refunded
4276,327,2025-10-02,delivered
4277,515,2025-10-06,delivered
4278,247,2025-10-02,delivered
4279,207,2025-10-08,delivered
4280,1163,2025-10-15,cancelled
4281,643,2025-10-20,delivered
4282,676,2025-10-23,delivered
4283,559,2025-10-22,delivered
4284,399,2025-10-12,delivered
4285,607,2025-10-05,delivered
4286,66,2025-10-03,delivered
4287,428,2025-10-11,delivered
4288,166,2025-10-25,delivered
4289,320,2025-10-04,delivered
4290,4,2025-10-25,delivered
4291,687,2025-10-21,delivered
4292,128,2025-10-24,delivered
4293,295,2025-10-23,delivered
4294,834,2025-10-11,delivered
4295,308,2025-10-05,delivered
4296,444,2025-10-05,delivered
4297,370,2025-10-05,refunded
4298,732,2025-10-01,delivered
4299,1084,2025-10-12,delivered
4300,594,2025-10-03,delivered
4301,237,2025-10-01,delivered
4302,123,2025-10-30,delivered
4303,1199,2025-10-01,delivered
4304,108,2025-10-16,delivered
4305,386,2025-10-22,delivered
4306,730,2025-10-22,delivered
4307,607,2025-10-15,delivered
4308,148,2025-10-12,cancelled
4309,475,2025-10-07,delivered
4310,279,2025-10-23,delivered
4311,361,2025-10-03,delivered
4312,429,2025-10-15,refunded
4313,558,2025-10-17,delivered
4314,1146,2025-10-31,delivered
4315,515,2025-10-02,delivered
4316,890,2025-10-16,delivered
4317,18,2025-10-07,delivered
4318,1058,2025-10-23,delivered
4319,246,2025-10-26,delivered
4320,1150,2025-10-04,delivered
4321,662,2025-10-21,delivered
4322,313,2025-10-10,delivered
4323,979,2025-10-10,delivered
4324,202,2025-10-02,delivered
4325,330,2025-10-17,cancelled
4326,1193,2025-10-25,delivered
4327,292,2025-10-10,delivered
4328,706,2025-10-13,refunded
4329,235,2025-10-04,delivered
4330,142,2025-10-09,delivered
4331,341,2025-10-14,delivered
4332,774,2025-10-20,cancelled
4333,227,2025-10-05,delivered
4334,330,2025-10-26,delivered
4335,985,2025-10-08,delivered
4336,953,2025-10-22,refunded
4337,370,2025-10-08,delivered
4338,189,2025-10-17,delivered
4339,373,2025-10-06,cancelled
4340,361,2025-10-25,delivered
4341,511,2025-10-15,delivered
4342,106,2025-10-22,delivered
4343,1121,2025-10-23,delivered
4344,930,2025-10-10,cancelled
4345,724,2025-10-13,delivered
4346,267,2025-10-26,delivered
4347,1164,2025-10-22,delivered
4348,1192,2025-10-14,delivered
4349,785,2025-10-25,delivered
4350,472,2025-10-12,cancelled
4351,996,2025-10-03,delivered
4352,1145,2025-10-26,delivered
4353,416,2025-10-07,delivered
4354,916,2025-10-07,delivered
4355,261,2025-10-12,delivered
4356,692,2025-10-29,delivered
4357,511,2025-10-28,delivered
4358,529,2025-10-11,delivered
4359,739,2025-10-02,delivered
4360,712,2025-10-25,delivered
4361,1071,2025-10-14,delivered
4362,478,2025-10-07,delivered
4363,432,2025-10-04,delivered
4364,970,2025-10-18,delivered
4365,1060,2025-10-24,refunded
4366,364,2025-10-03,delivered
4367,953,2025-10-22,delivered
4368,356,2025-10-01,delivered
4369,6,2025-10-19,delivered
4370,1050,2025-10-02,delivered
4371,1121,2025-10-19,delivered
4372,778,2025-10-21,delivered
4373,425,2025-10-27,delivered
4374,712,2025-10-21,delivered
4375,1173,2025-10-19,delivered
4376,332,2025-10-10,delivered
4377,681,2025-10-18,delivered
4378,859,2025-10-16,delivered
4379,177,2025-10-07,delivered
4380,581,2025-10-16,cancelled
4381,874,2025-10-18,cancelled
4382,208,2025-10-19,delivered
4383,441,2025-10-31,delivered
4384,586,2025-10-15,delivered
4385,546,2025-10-19,delivered
4386,934,2025-10-28,refunded
4387,651,2025-10-22,delivered
4388,498,2025-10-03,delivered
4389,148,2025-10-17,delivered
4390,597,2025-10-04,delivered
4391,475,2025-10-06,delivered
4392,718,2025-10-24,delivered
4393,605,2025-10-03,delivered
4394,926,2025-10-24,delivered
4395,858,2025-10-22,delivered
4396,698,2025-10-12,delivered
4397,162,2025-10-14,delivered
4398,332,2025-10-17,delivered
4399,23,2025-10-27,delivered
4400,605,2025-10-11,delivered
4401,1145,2025-10-19,delivered
4402,1151,2025-10-06,delivered
4403,251,2025-10-03,delivered
4404,803,2025-10-13,delivered
4405,93,2025-10-12,delivered
4406,22,2025-10-14,delivered
4407,1193,2025-10-26,delivered
4408,287,2025-10-16,delivered
4409,160,2025-10-05,delivered
4410,235,2025-10-17,delivered
4411,567,2025-10-11,delivered
4412,536,2025-10-31,delivered
4413,966,2025-10-14,delivered
4414,968,2025-10-24,cancelled
4415,668,2025-10-12,delivered
4416,4,2025-10-24,delivered
4417,774,2025-10-13,delivered
4418,990,2025-10-21,delivered
4419,93,2025-10-29,delivered
4420,865,2025-10-19,delivered
4421,470,2025-10-14,delivered
4422,647,2025-10-28,delivered
4423,444,2025-10-17,delivered
4424,516,2025-10-04,delivered
4425,1010,2025-10-26,delivered
4426,1085,2025-10-14,delivered
4427,1015,2025-10-01,delivered
4428,870,2025-10-28,delivered
4429,1199,2025-10-28,delivered
4430,536,2025-10-27,delivered
4431,1037,2025-10-03,delivered
4432,761,2025-10-19,delivered
4433,12,2025-10-21,delivered
4434,895,2025-10-22,delivered
4435,814,2025-10-29,delivered
4436,1155,2025-10-31,delivered
4437,953,2025-10-10,delivered
4438,873,2025-10-30,delivered
4439,530,2025-10-17,delivered
4440,1021,2025-10-28,delivered
4441,527,2025-10-17,delivered
4442,1151,2025-10-04,delivered
4443,579,2025-10-22,delivered
4444,920,2025-10-29,delivered
4445,559,2025-10-25,delivered
4446,1026,2025-10-12,delivered
4447,1100,2025-10-26,delivered
4448,1149,2025-10-31,delivered
4449,554,2025-10-16,delivered
4450,1107,2025-10-31,delivered
4451,23,2025-10-02,delivered
4452,759,2025-10-22,delivered
4453,681,2025-10-21,delivered
4454,171,2025-10-31,delivered
4455,656,2025-10-21,delivered
4456,1155,2025-10-21,delivered
4457,968,2025-10-21,delivered
4458,691,2025-10-20,delivered
4459,948,2025-10-23,delivered
4460,587,2025-10-14,delivered
4461,988,2025-10-24,delivered
4462,340,2025-10-25,delivered
4463,769,2025-10-08,delivered
4464,79,2025-10-05,delivered
4465,813,2025-10-25,delivered
4466,714,2025-10-15,delivered
4467,221,2025-10-05,delivered
4468,359,2025-10-10,delivered
4469,698,2025-10-27,delivered
4470,129,2025-10-09,cancelled
4471,1035,2025-10-28,delivered
4472,563,2025-10-17,delivered
4473,967,2025-10-19,delivered
4474,730,2025-10-28,cancelled
4475,691,2025-10-18,delivered
4476,1089,2025-10-16,delivered
4477,364,2025-10-12,delivered
4478,366,2025-10-25,delivered
4479,12,2025-10-11,delivered
4480,277,2025-10-12,delivered
4481,977,2025-10-28,delivered
4482,827,2025-10-03,delivered
4483,1072,2025-10-31,cancelled
4484,1109,2025-10-05,delivered
4485,203,2025-10-28,delivered
4486,437,2025-10-01,cancelled
4487,887,2025-10-22,delivered
4488,592,2025-10-12,delivered
4489,898,2025-10-19,delivered
4490,1102,2025-10-07,refunded
4491,824,2025-10-04,delivered
4492,162,2025-10-16,cancelled
4493,437,2025-10-07,delivered
4494,1002,2025-10-23,delivered
4495,799,2025-10-18,delivered
4496,660,2025-10-13,delivered
4497,3,2025-10-16,delivered
4498,555,2025-10-07,delivered
4499,1123,2025-10-05,delivered
4500,3,2025-10-03,delivered
4501,795,2025-10-09,delivered
4502,322,2025-10-26,delivered
4503,514,2025-10-14,delivered
4504,21,2025-10-06,delivered
4505,918,2025-10-28,refunded
4506,1038,2025-10-18,delivered
4507,605,2025-10-20,cancelled
4508,967,2025-10-23,delivered
4509,593,2025-10-06,delivered
4510,193,2025-10-30,delivered
4511,391,2025-10-08,delivered
4512,576,2025-10-15,delivered
4513,390,2025-11-18,delivered
4514,697,2025-11-26,delivered
4515,1047,2025-11-21,delivered
4516,1112,2025-11-27,delivered
4517,129,2025-11-25,delivered
4518,87,2025-11-16,delivered
4519,587,2025-11-26,delivered
4520,278,2025-11-02,delivered
4521,1121,2025-11-24,delivered
4522,1090,2025-11-28,delivered
4523,485,2025-11-08,delivered
4524,115,2025-11-23,delivered
4525,189,2025-11-18,delivered
4526,747,2025-11-20,delivered
4527,260,2025-11-29,delivered
4528,508,2025-11-01,delivered
4529,1172,2025-11-30,cancelled
4530,480,2025-11-06,delivered
4531,398,2025-11-01,delivered
4532,457,2025-11-02,delivered
4533,969,2025-11-01,refunded
4534,833,2025-11-12,delivered
4535,863,2025-11-24,delivered
4536,661,2025-11-17,delivered
4537,673,2025-11-24,delivered
4538,747,2025-11-16,delivered
4539,563,2025-11-15,delivered
4540,962,2025-11-23,delivered
4541,962,2025-11-10,delivered
4542,324,2025-11-23,delivered
4543,1040,2025-11-10,delivered
4544,960,2025-11-07,refunded
4545,588,2025-11-13,delivered
4546,497,2025-11-01,cancelled
4547,66,2025-11-25,delivered
4548,1060,2025-11-02,delivered
4549,770,2025-11-20,delivered
4550,785,2025-11-11,delivered
4551,244,2025-11-07,delivered
4552,1199,2025-11-27,delivered
4553,262,2025-11-17,delivered
4554,1122,2025-11-30,delivered
4555,232,2025-11-13,delivered
4556,919,2025-11-14,delivered
4557,1195,2025-11-28,delivered
4558,128,2025-11-06,delivered
4559,368,2025-11-29,refunded
4560,127,2025-11-27,delivered
4561,754,2025-11-04,refunded
4562,112,2025-11-15,refunded
4563,747,2025-11-15,delivered
4564,188,2025-11-20,delivered
4565,62,2025-11-24,delivered
4566,136,2025-11-28,refunded
4567,644,2025-11-14,delivered
4568,940,2025-11-23,delivered
4569,656,2025-11-18,cancelled
4570,287,2025-11-14,delivered
4571,873,2025-11-02,delivered
4572,962,2025-11-22,delivered
4573,698,2025-11-24,delivered
4574,157,2025-11-25,delivered
4575,247,2025-11-27,delivered
4576,800,2025-11-28,delivered
4577,106,2025-11-20,delivered
4578,253,2025-11-24,cancelled
4579,139,2025-11-17,delivered
4580,394,2025-11-17,delivered
4581,1058,2025-11-09,delivered
4582,387,2025-11-09,delivered
4583,1099,2025-11-03,refunded
4584,742,2025-11-17,delivered
4585,979,2025-11-03,delivered
4586,1143,2025-11-20,delivered
4587,55,2025-11-07,delivered
4588,518,2025-11-02,delivered
4589,844,2025-11-25,delivered
4590,662,2025-11-29,delivered
4591,873,2025-11-07,delivered
4592,173,2025-11-19,delivered
4593,886,2025-11-10,delivered
4594,953,2025-11-27,refunded
4595,775,2025-11-06,delivered
4596,1102,2025-11-20,delivered
4597,123,2025-11-19,delivered
4598,362,2025-11-27,delivered
4599,624,2025-11-26,delivered
4600,691,2025-11-25,delivered
4601,934,2025-11-16,delivered
4602,1024,2025-11-27,delivered
4603,287,2025-11-10,delivered
4604,698,2025-11-12,delivered
4605,189,2025-11-18,delivered
4606,789,2025-11-06,delivered
4607,895,2025-11-03,delivered
4608,676,2025-11-23,refunded
4609,1040,2025-11-09,delivered
4610,695,2025-11-02,delivered
4611,476,2025-11-06,delivered
4612,173,2025-11-15,delivered
4613,295,2025-11-23,delivered
4614,830,2025-11-01,refunded
4615,835,2025-11-14,delivered
4616,390,2025-11-15,delivered
4617,9,2025-11-22,delivered
4618,747,2025-11-05,delivered
4619,961,2025-11-07,delivered
4620,85,2025-11-09,delivered
4621,189,2025-11-22,delivered
4622,139,2025-11-13,delivered
4623,862,2025-11-11,delivered
4624,583,2025-11-05,delivered
4625,262,2025-11-02,delivered
4626,1198,2025-11-29,delivered
4627,589,2025-11-15,refunded
4628,392,2025-11-08,delivered
4629,706,2025-11-24,refunded
4630,1004,2025-11-22,delivered
4631,630,2025-11-29,delivered
4632,653,2025-11-09,delivered
4633,176,2025-11-15,delivered
4634,392,2025-11-11,delivered
4635,1189,2025-11-19,delivered
4636,158,2025-11-28,delivered
4637,1086,2025-11-04,delivered
4638,1195,2025-11-01,delivered
4639,247,2025-11-09,delivered
4640,961,2025-11-01,delivered
4641,1030,2025-11-19,delivered
4642,702,2025-11-20,cancelled
4643,24,2025-11-06,refunded
4644,774,2025-11-15,delivered
4645,559,2025-11-29,delivered
4646,399,2025-11-05,delivered
4647,587,2025-11-06,cancelled
4648,83,2025-11-08,delivered
4649,961,2025-11-12,delivered
4650,349,2025-11-15,delivered
4651,833,2025-11-09,delivered
4652,480,2025-11-07,delivered
4653,16,2025-11-01,delivered
4654,1102,2025-11-07,delivered
4655,810,2025-11-20,delivered
4656,625,2025-11-15,delivered
4657,89,2025-11-27,delivered
4658,1055,2025-11-18,delivered
4659,24,2025-11-19,delivered
4660,498,2025-11-29,delivered
4661,1155,2025-11-06,delivered
4662,608,2025-11-25,delivered
4663,1084,2025-11-24,delivered
4664,179,2025-11-04,delivered
4665,423,2025-11-16,delivered
4666,985,2025-11-10,delivered
4667,953,2025-11-08,delivered
4668,61,2025-11-09,delivered
4669,858,2025-11-15,refunded
4670,184,2025-11-22,delivered
4671,391,2025-11-05,delivered
4672,518,2025-11-13,delivered
4673,82,2025-11-13,delivered
4674,1002,2025-11-22,delivered
4675,28,2025-11-13,delivered
4676,758,2025-11-17,delivered
4677,1144,2025-11-22,delivered
4678,1057,2025-11-30,cancelled
4679,240,2025-11-13,delivered
4680,1199,2025-11-12,delivered
4681,497,2025-11-20,delivered
4682,824,2025-11-30,delivered
4683,403,2025-11-24,delivered
4684,1120,2025-11-08,delivered
4685,413,2025-11-21,cancelled
4686,990,2025-11-08,delivered
4687,391,2025-11-11,delivered
4688,303,2025-11-19,delivered
4689,531,2025-11-14,delivered
4690,499,2025-11-13,delivered
4691,314,2025-11-26,delivered
4692,840,2025-11-16,delivered
4693,437,2025-11-04,delivered
4694,563,2025-11-19,delivered
4695,44,2025-11-22,delivered
4696,6,2025-11-11,delivered
4697,330,2025-11-08,delivered
4698,554,2025-11-08,delivered
4699,840,2025-11-14,delivered
4700,485,2025-11-17,delivered
4701,717,2025-11-22,delivered
4702,419,2025-11-19,delivered
4703,955,2025-11-11,delivered
4704,656,2025-11-17,delivered
4705,732,2025-11-16,delivered
4706,528,2025-11-18,delivered
4707,342,2025-11-09,delivered
4708,261,2025-11-16,delivered
4709,621,2025-11-22,delivered
4710,754,2025-11-18,delivered
4711,827,2025-11-01,delivered
4712,876,2025-11-27,delivered
4713,947,2025-11-28,delivered
4714,3,2025-11-28,delivered
4715,381,2025-11-18,delivered
4716,332,2025-11-01,delivered
4717,968,2025-11-29,delivered
4718,875,2025-11-02,cancelled
4719,446,2025-11-11,delivered
4720,996,2025-11-14,delivered
4721,1173,2025-11-04,delivered
4722,700,2025-11-10,delivered
4723,246,2025-11-12,delivered
4724,1149,2025-11-23,delivered
4725,745,2025-11-30,refunded
4726,1121,2025-11-17,cancelled
4727,383,2025-11-01,delivered
4728,918,2025-11-26,delivered
4729,75,2025-11-01,delivered
4730,220,2025-11-09,delivered
4731,1037,2025-11-05,delivered
4732,301,2025-11-22,delivered
4733,299,2025-11-26,delivered
4734,861,2025-11-14,refunded
4735,1020,2025-11-09,delivered
4736,877,2025-11-29,delivered
4737,249,2025-11-28,delivered
4738,3,2025-11-15,cancelled
4739,587,2025-11-29,delivered
4740,775,2025-11-18,delivered
4741,333,2025-11-17,delivered
4742,1179,2025-11-16,delivered
4743,208,2025-11-11,delivered
4744,78,2025-11-05,delivered
4745,12,2025-11-04,delivered
4746,253,2025-11-11,delivered
4747,1029,2025-11-28,delivered
4748,593,2025-11-09,delivered
4749,1178,2025-11-06,cancelled
4750,1169,2025-11-22,delivered
4751,761,2025-11-16,delivered
4752,508,2025-11-13,delivered
4753,689,2025-11-20,delivered
4754,593,2025-11-07,delivered
4755,296,2025-11-08,delivered
4756,134,2025-11-24,delivered
4757,812,2025-11-30,cancelled
4758,12,2025-11-29,delivered
4759,679,2025-11-27,delivered
4760,1190,2025-11-27,delivered
4761,992,2025-11-24,delivered
4762,246,2025-11-25,delivered
4763,740,2025-11-06,delivered
4764,1072,2025-11-09,delivered
4765,1188,2025-11-18,delivered
4766,689,2025-11-03,delivered
4767,163,2025-11-05,delivered
4768,191,2025-11-27,delivered
4769,269,2025-11-09,delivered
4770,1120,2025-11-19,delivered
4771,747,2025-11-18,delivered
4772,890,2025-11-05,delivered
4773,605,2025-11-28,delivered
4774,29,2025-11-13,delivered
4775,330,2025-11-13,refunded
4776,577,2025-11-18,delivered
4777,138,2025-11-14,delivered
4778,666,2025-11-11,delivered
4779,1060,2025-11-03,delivered
4780,486,2025-11-24,delivered
4781,6,2025-11-17,delivered
4782,1070,2025-11-18,delivered
4783,475,2025-11-23,delivered
4784,122,2025-11-06,delivered
4785,870,2025-11-16,cancelled
4786,1008,2025-11-15,delivered
4787,700,2025-11-05,delivered
4788,386,2025-11-10,delivered
4789,1182,2025-11-03,delivered
4790,933,2025-11-05,delivered
4791,826,2025-11-23,cancelled
4792,497,2025-11-23,delivered
4793,352,2025-11-20,delivered
4794,957,2025-11-29,delivered
4795,628,2025-11-22,delivered
4796,830,2025-11-17,cancelled
4797,746,2025-11-03,delivered
4798,162,2025-11-10,delivered
4799,761,2025-11-22,delivered
4800,116,2025-11-28,delivered
4801,1090,2025-11-10,delivered
4802,1109,2025-11-02,delivered
4803,1120,2025-11-16,delivered
4804,831,2025-11-03,cancelled
4805,412,2025-11-05,delivered
4806,1017,2025-11-28,cancelled
4807,679,2025-11-14,delivered
4808,394,2025-11-24,refunded
4809,477,2025-11-05,delivered
4810,261,2025-11-02,delivered
4811,656,2025-11-11,delivered
4812,895,2025-11-03,delivered
4813,121,2025-11-09,delivered
4814,773,2025-11-25,delivered
4815,870,2025-11-10,delivered
4816,1109,2025-11-27,delivered
4817,287,2025-11-12,delivered
4818,1123,2025-11-15,delivered
4819,246,2025-11-28,delivered
4820,227,2025-11-12,delivered
4821,123,2025-11-20,delivered
4822,270,2025-11-30,delivered
4823,729,2025-11-27,delivered
4824,563,2025-11-26,cancelled
4825,123,2025-11-13,delivered
4826,237,2025-11-19,delivered
4827,1174,2025-11-01,delivered
4828,211,2025-11-10,delivered
4829,1060,2025-11-09,delivered
4830,1043,2025-11-22,delivered
4831,277,2025-11-24,delivered
4832,357,2025-11-16,delivered
4833,136,2025-11-03,delivered
4834,259,2025-11-11,cancelled
4835,102,2025-11-21,cancelled
4836,1102,2025-11-05,delivered
4837,544,2025-11-18,delivered
4838,320,2025-11-20,delivered
4839,321,2025-11-06,delivered
4840,24,2025-11-04,delivered
4841,576,2025-11-06,delivered
4842,78,2025-11-28,delivered
4843,279,2025-11-04,delivered
4844,325,2025-11-29,delivered
4845,1120,2025-11-21,cancelled
4846,789,2025-11-11,delivered
4847,454,2025-11-07,cancelled
4848,932,2025-11-06,cancelled
4849,485,2025-11-13,delivered
4850,706,2025-11-17,delivered
4851,245,2025-11-19,cancelled
4852,508,2025-11-26,delivered
4853,164,2025-11-26,delivered
4854,951,2025-11-24,delivered
4855,1189,2025-11-02,delivered
4856,605,2025-11-16,delivered
4857,761,2025-11-13,delivered
4858,410,2025-11-17,refunded
4859,556,2025-11-09,delivered
4860,480,2025-11-04,delivered
4861,1195,2025-11-18,delivered
4862,6,2025-11-12,delivered
4863,769,2025-11-18,delivered
4864,858,2025-11-14,delivered
4865,366,2025-11-22,delivered
4866,364,2025-11-02,delivered
4867,746,2025-11-01,delivered
4868,1173,2025-11-15,delivered
4869,914,2025-11-02,delivered
4870,1022,2025-11-20,delivered
4871,1137,2025-11-13,delivered
4872,155,2025-11-25,delivered
4873,1172,2025-11-09,delivered
4874,393,2025-11-13,delivered
4875,21,2025-11-11,delivered
4876,178,2025-11-16,refunded
4877,208,2025-11-26,delivered
4878,660,2025-11-24,delivered
4879,129,2025-11-22,delivered
4880,225,2025-11-01,delivered
4881,307,2025-11-25,delivered
4882,1100,2025-11-21,delivered
4883,824,2025-11-28,refunded
4884,364,2025-11-08,delivered
4885,486,2025-11-10,delivered
4886,136,2025-11-05,delivered
4887,272,2025-11-02,delivered
4888,550,2025-11-28,delivered
4889,1103,2025-11-01,delivered
4890,1145,2025-11-18,delivered
4891,1065,2025-11-07,delivered
4892,221,2025-11-15,delivered
4893,541,2025-11-20,delivered
4894,1098,2025-11-13,delivered
4895,988,2025-11-15,delivered
4896,947,2025-11-11,delivered
4897,391,2025-11-25,delivered
4898,665,2025-11-23,delivered
4899,257,2025-11-28,delivered
4900,388,2025-11-11,delivered
4901,689,2025-11-20,delivered
4902,47,2025-11-10,delivered
4903,601,2025-11-25,delivered
4904,391,2025-11-03,delivered
4905,679,2025-11-05,delivered
4906,165,2025-11-08,delivered
4907,1188,2025-11-25,delivered
4908,123,2025-11-05,delivered
4909,390,2025-11-30,delivered
4910,643,2025-11-27,cancelled
4911,1147,2025-11-21,delivered
4912,545,2025-11-03,delivered
4913,646,2025-11-14,delivered
4914,681,2025-11-02,delivered
4915,1072,2025-11-03,cancelled
4916,80,2025-11-02,delivered
4917,747,2025-11-26,delivered
4918,1165,2025-11-10,delivered
4919,1010,2025-11-14,delivered
4920,191,2025-11-20,delivered
4921,769,2025-11-20,delivered
4922,799,2025-11-12,delivered
4923,1163,2025-11-09,delivered
4924,218,2025-11-02,delivered
4925,171,2025-11-10,delivered
4926,363,2025-11-13,delivered
4927,1083,2025-11-13,refunded
4928,262,2025-11-27,delivered
4929,575,2025-11-16,delivered
4930,207,2025-11-03,delivered
4931,717,2025-11-19,delivered
4932,858,2025-11-14,delivered
4933,628,2025-11-09,delivered
4934,748,2025-11-07,delivered
4935,587,2025-11-25,delivered
4936,707,2025-11-18,cancelled
4937,1181,2025-11-19,delivered
4938,884,2025-11-01,delivered
4939,747,2025-11-17,delivered
4940,1170,2025-11-13,delivered
4941,1102,2025-11-13,cancelled
4942,1098,2025-11-30,delivered
4943,920,2025-11-13,delivered
4944,660,2025-11-15,delivered
4945,714,2025-11-01,delivered
4946,508,2025-11-14,delivered
4947,465,2025-11-20,delivered
4948,158,2025-11-23,refunded
4949,779,2025-11-12,delivered
4950,332,2025-11-17,delivered
4951,78,2025-11-28,delivered
4952,1058,2025-11-16,delivered
4953,940,2025-11-10,delivered
4954,1169,2025-11-12,delivered
4955,138,2025-11-05,delivered
4956,980,2025-11-26,delivered
4957,691,2025-11-14,cancelled
4958,141,2025-11-15,delivered
4959,826,2025-11-09,delivered
4960,52,2025-11-07,delivered
4961,12,2025-11-02,delivered
4962,253,2025-11-01,delivered
4963,1117,2025-11-03,delivered
4964,587,2025-11-14,delivered
4965,1179,2025-11-08,delivered
4966,125,2025-11-22,delivered
4967,1120,2025-11-19,delivered
4968,674,2025-11-25,delivered
4969,1003,2025-11-03,delivered
4970,6,2025-11-12,cancelled
4971,818,2025-11-16,delivered
4972,106,2025-11-17,delivered
4973,95,2025-11-04,delivered
4974,61,2025-11-04,cancelled
4975,896,2025-11-23,delivered
4976,158,2025-11-05,delivered
4977,971,2025-11-06,delivered
4978,1132,2025-11-15,delivered
4979,563,2025-11-12,delivered
4980,320,2025-11-23,delivered
4981,775,2025-11-03,delivered
4982,591,2025-11-13,delivered
4983,220,2025-11-27,delivered
4984,689,2025-11-27,delivered
4985,278,2025-11-27,delivered
4986,279,2025-11-28,delivered
4987,728,2025-11-02,delivered
4988,1145,2025-11-10,delivered
4989,454,2025-12-06,delivered
4990,796,2025-12-17,delivered
4991,844,2025-12-13,delivered
4992,270,2025-12-18,delivered
4993,136,2025-12-05,delivered
4994,742,2025-12-10,delivered
4995,404,2025-12-09,delivered
4996,624,2025-12-26,refunded
4997,1103,2025-12-23,delivered
4998,331,2025-12-24,delivered
4999,297,2025-12-05,delivered
5000,1120,2025-12-22,delivered
5001,457,2025-12-24,delivered
5002,1143,2025-12-07,delivered
5003,279,2025-12-19,delivered
5004,592,2025-12-18,delivered
5005,980,2025-12-01,refunded
5006,131,2025-12-19,delivered
5007,590,2025-12-30,delivered
5008,269,2025-12-13,delivered
5009,216,2025-12-29,delivered
5010,129,2025-12-29,delivered
5011,554,2025-12-05,delivered
5012,1174,2025-12-08,delivered
5013,1046,2025-12-26,delivered
5014,302,2025-12-07,cancelled
5015,466,2025-12-04,delivered
5016,1181,2025-12-02,cancelled
5017,111,2025-12-04,delivered
5018,123,2025-12-10,delivered
5019,312,2025-12-03,delivered
5020,1072,2025-12-18,delivered
5021,270,2025-12-20,delivered
5022,1199,2025-12-17,delivered
5023,849,2025-12-24,delivered
5024,21,2025-12-20,delivered
5025,865,2025-12-19,delivered
5026,935,2025-12-05,delivered
5027,784,2025-12-18,delivered
5028,605,2025-12-03,delivered
5029,890,2025-12-21,delivered
5030,511,2025-12-08,delivered
5031,674,2025-12-10,delivered
5032,1139,2025-12-30,delivered
5033,391,2025-12-16,delivered
5034,634,2025-12-01,delivered
5035,291,2025-12-12,delivered
5036,431,2025-12-02,delivered
5037,814,2025-12-16,delivered
5038,1062,2025-12-05,delivered
5039,1098,2025-12-07,delivered
5040,508,2025-12-04,delivered
5041,1200,2025-12-14,delivered
5042,137,2025-12-04,refunded
5043,873,2025-12-30,refunded
5044,1149,2025-12-26,delivered
5045,554,2025-12-30,delivered
5046,795,2025-12-03,delivered
5047,745,2025-12-31,delivered
5048,623,2025-12-24,delivered
5049,6,2025-12-06,cancelled
5050,608,2025-12-08,delivered
5051,459,2025-12-30,delivered
5052,930,2025-12-21,delivered
5053,765,2025-12-06,delivered
5054,497,2025-12-31,delivered
5055,4,2025-12-03,delivered
5056,18,2025-12-02,delivered
5057,953,2025-12-30,delivered
5058,122,2025-12-04,delivered
5059,171,2025-12-21,refunded
5060,751,2025-12-03,delivered
5061,371,2025-12-20,delivered
5062,1037,2025-12-08,delivered
5063,1102,2025-12-10,cancelled
5064,1014,2025-12-05,delivered
5065,653,2025-12-31,delivered
5066,279,2025-12-06,delivered
5067,437,2025-12-10,delivered
5068,991,2025-12-02,delivered
5069,96,2025-12-10,delivered
5070,920,2025-12-27,delivered
5071,231,2025-12-21,delivered
5072,1121,2025-12-13,refunded
5073,586,2025-12-04,delivered
5074,660,2025-12-04,delivered
5075,931,2025-12-09,delivered
5076,669,2025-12-04,delivered
5077,812,2025-12-02,delivered
5078,568,2025-12-12,delivered
5079,352,2025-12-30,delivered
5080,947,2025-12-22,delivered
5081,1147,2025-12-23,delivered
5082,236,2025-12-18,delivered
5083,418,2025-12-10,delivered
5084,814,2025-12-20,delivered
5085,3,2025-12-09,delivered
5086,947,2025-12-19,delivered
5087,237,2025-12-12,delivered
5088,1071,2025-12-09,delivered
5089,998,2025-12-26,cancelled
5090,1115,2025-12-15,delivered
5091,742,2025-12-23,delivered
5092,3,2025-12-05,delivered
5093,1137,2025-12-18,delivered
5094,364,2025-12-24,delivered
5095,1199,2025-12-07,delivered
5096,617,2025-12-19,delivered
5097,24,2025-12-07,delivered
5098,156,2025-12-18,delivered
5099,953,2025-12-23,delivered
5100,116,2025-12-15,delivered
5101,330,2025-12-05,delivered
5102,966,2025-12-06,delivered
5103,556,2025-12-02,delivered
5104,775,2025-12-20,delivered
5105,339,2025-12-05,delivered
5106,143,2025-12-24,cancelled
5107,1049,2025-12-17,delivered
5108,164,2025-12-13,delivered
5109,747,2025-12-28,delivered
5110,934,2025-12-18,delivered
5111,165,2025-12-09,delivered
5112,1031,2025-12-09,cancelled
5113,499,2025-12-10,delivered
5114,744,2025-12-16,delivered
5115,687,2025-12-31,delivered
5116,940,2025-12-10,delivered
5117,615,2025-12-19,delivered
5118,743,2025-12-25,delivered
5119,28,2025-12-25,delivered
5120,391,2025-12-19,delivered
5121,33,2025-12-09,delivered
5122,956,2025-12-05,delivered
5123,741,2025-12-19,cancelled
5124,980,2025-12-13,delivered
5125,154,2025-12-07,delivered
5126,841,2025-12-27,delivered
5127,663,2025-12-14,refunded
5128,747,2025-12-11,delivered
5129,799,2025-12-23,delivered
5130,356,2025-12-31,delivered
5131,554,2025-12-30,delivered
5132,224,2025-12-22,delivered
5133,549,2025-12-01,delivered
5134,1043,2025-12-30,delivered
5135,982,2025-12-16,delivered
5136,824,2025-12-31,delivered
5137,656,2025-12-07,delivered
5138,227,2025-12-24,delivered
5139,1072,2025-12-12,delivered
5140,628,2025-12-16,cancelled
5141,622,2025-12-18,delivered
5142,847,2025-12-13,delivered
5143,845,2025-12-30,delivered
5144,1084,2025-12-17,delivered
5145,361,2025-12-14,refunded
5146,698,2025-12-24,delivered
5147,605,2025-12-18,delivered
5148,131,2025-12-13,delivered
5149,760,2025-12-04,delivered
5150,1174,2025-12-03,cancelled
5151,544,2025-12-26,delivered
5152,785,2025-12-04,delivered
5153,1149,2025-12-24,delivered
5154,545,2025-12-22,refunded
5155,992,2025-12-08,delivered
5156,623,2025-12-26,delivered
5157,676,2025-12-12,delivered
5158,948,2025-12-27,delivered
5159,824,2025-12-29,delivered
5160,905,2025-12-14,delivered
5161,1173,2025-12-20,delivered
5162,419,2025-12-29,delivered
5163,858,2025-12-22,delivered
5164,220,2025-12-06,delivered
5165,671,2025-12-26,delivered
5166,722,2025-12-01,delivered
5167,122,2025-12-04,delivered
5168,438,2025-12-04,delivered
5169,930,2025-12-03,delivered
5170,662,2025-12-27,delivered
5171,1062,2025-12-23,delivered
5172,359,2025-12-22,delivered
5173,529,2025-12-10,delivered
5174,129,2025-12-30,delivered
5175,648,2025-12-08,delivered
5176,55,2025-12-15,delivered
5177,1160,2025-12-06,delivered
5178,714,2025-12-09,delivered
5179,785,2025-12-10,delivered
5180,1199,2025-12-03,delivered
5181,131,2025-12-04,delivered
5182,953,2025-12-23,delivered
5183,676,2025-12-03,delivered
5184,827,2025-12-24,delivered
5185,655,2025-12-17,delivered
5186,825,2025-12-24,delivered
5187,1049,2025-12-14,cancelled
5188,287,2025-12-02,refunded
5189,248,2025-12-08,cancelled
5190,1031,2025-12-28,delivered
5191,25,2025-12-22,delivered
5192,862,2025-12-19,delivered
5193,588,2025-12-30,delivered
5194,209,2025-12-14,delivered
5195,485,2025-12-10,delivered
5196,885,2025-12-07,cancelled
5197,422,2025-12-28,delivered
5198,498,2025-12-04,delivered
5199,158,2025-12-04,cancelled
5200,747,2025-12-04,delivered
5201,70,2025-12-31,delivered
5202,171,2025-12-15,delivered
5203,634,2025-12-02,delivered
5204,1152,2025-12-06,delivered
5205,115,2025-12-13,delivered
5206,1062,2025-12-21,cancelled
5207,368,2025-12-02,refunded
5208,298,2025-12-11,delivered
5209,190,2025-12-13,delivered
5210,898,2025-12-12,delivered
5211,665,2025-12-03,delivered
5212,790,2025-12-25,delivered
5213,257,2025-12-26,delivered
5214,775,2025-12-08,delivered
5215,662,2025-12-01,delivered
5216,694,2025-12-09,delivered
5217,437,2025-12-11,delivered
5218,608,2025-12-06,refunded
5219,890,2025-12-13,delivered
5220,747,2025-12-29,delivered
5221,162,2025-12-16,delivered
5222,91,2025-12-04,delivered
5223,608,2025-12-02,delivered
5224,725,2025-12-21,delivered
5225,385,2025-12-25,refunded
5226,605,2025-12-14,delivered
5227,330,2025-12-13,delivered
5228,1187,2025-12-09,delivered
5229,662,2025-12-19,delivered
5230,435,2025-12-13,delivered
5231,1071,2025-12-27,delivered
5232,85,2025-12-03,delivered
5233,573,2025-12-12,delivered
5234,1130,2025-12-01,delivered
5235,203,2025-12-12,cancelled
5236,854,2025-12-22,delivered
5237,908,2025-12-15,delivered
5238,608,2025-12-30,delivered
5239,568,2025-12-15,delivered
5240,840,2025-12-04,delivered
5241,905,2025-12-08,refunded
5242,818,2025-12-27,delivered
5243,747,2025-12-23,delivered
5244,203,2025-12-17,delivered
5245,863,2025-12-26,delivered
5246,1051,2025-12-23,delivered
5247,330,2025-12-08,delivered
5248,384,2025-12-07,delivered
5249,218,2025-12-15,delivered
5250,962,2025-12-30,delivered
5251,330,2025-12-01,delivered
5252,27,2025-12-31,delivered
5253,689,2025-12-20,delivered
5254,246,2025-12-19,delivered
5255,855,2025-12-25,cancelled
5256,1145,2025-12-18,delivered
5257,1190,2025-12-17,cancelled
5258,339,2025-12-05,delivered
5259,485,2025-12-25,delivered
5260,774,2025-12-10,delivered
5261,642,2025-12-05,delivered
5262,362,2025-12-31,delivered
5263,184,2025-12-20,delivered
5264,380,2025-12-15,cancelled
5265,656,2025-12-22,cancelled
5266,99,2025-12-23,delivered
5267,828,2025-12-20,delivered
5268,698,2025-12-21,delivered
5269,789,2025-12-05,delivered
5270,61,2025-12-16,delivered
5271,1019,2025-12-12,refunded
5272,269,2025-12-04,delivered
5273,186,2025-12-24,refunded
5274,1120,2025-12-05,delivered
5275,32,2025-12-11,delivered
5276,163,2025-12-22,delivered
5277,963,2025-12-03,cancelled
5278,1042,2025-12-20,delivered
5279,712,2025-12-04,delivered
5280,881,2025-12-07,delivered
5281,321,2025-12-14,delivered
5282,930,2025-12-14,delivered
5283,1199,2025-12-24,delivered
5284,1148,2025-12-26,delivered
5285,373,2025-12-06,delivered
5286,998,2025-12-30,delivered
5287,113,2025-12-25,delivered
5288,746,2025-12-04,delivered
5289,656,2025-12-20,delivered
5290,795,2025-12-11,delivered
5291,991,2025-12-10,delivered
5292,208,2025-12-23,delivered
5293,441,2025-12-21,delivered
5294,976,2025-12-18,delivered
5295,362,2025-12-29,delivered
5296,85,2025-12-07,delivered
5297,362,2025-12-28,delivered
5298,80,2025-12-10,delivered
5299,186,2025-12-25,delivered
5300,1061,2025-12-24,delivered
5301,480,2025-12-12,cancelled
5302,799,2025-12-15,delivered
5303,1149,2025-12-20,delivered
5304,124,2025-12-23,delivered
5305,63,2025-12-03,delivered
5306,1109,2025-12-20,delivered
5307,83,2025-12-10,delivered
5308,1140,2025-12-18,delivered
5309,32,2025-12-11,delivered
5310,440,2025-12-22,delivered
5311,366,2025-12-13,delivered
5312,1071,2025-12-06,delivered
5313,556,2025-12-14,refunded
5314,1121,2025-12-02,cancelled
5315,571,2025-12-31,delivered
5316,691,2025-12-30,delivered
5317,121,2025-12-14,delivered
5318,1109,2025-12-11,delivered
5319,10,2025-12-25,refunded
5320,996,2025-12-07,delivered
5321,237,2025-12-18,delivered
5322,1197,2025-12-10,delivered
5323,634,2025-12-12,delivered
5324,123,2025-12-09,delivered
5325,8,2025-12-30,delivered
5326,780,2025-12-28,cancelled
5327,831,2025-12-19,delivered
5328,1098,2025-12-15,delivered
5329,486,2025-12-05,delivered
5330,161,2025-12-04,cancelled
5331,304,2025-12-21,delivered
5332,523,2025-12-28,delivered
5333,1151,2025-12-12,delivered
5334,516,2025-12-18,delivered
5335,1185,2025-12-05,delivered
5336,1155,2025-12-25,delivered
5337,271,2025-12-09,cancelled
5338,135,2025-12-22,delivered
5339,13,2025-12-07,cancelled
5340,330,2025-12-24,delivered
5341,631,2025-12-14,delivered
5342,599,2025-12-13,delivered
5343,591,2025-12-24,delivered
5344,608,2025-12-08,delivered
5345,310,2025-12-12,delivered
5346,339,2025-12-25,delivered
5347,932,2025-12-01,delivered
5348,554,2025-12-13,delivered
5349,747,2025-12-29,cancelled
5350,953,2025-12-15,delivered
5351,374,2025-12-23,delivered
5352,4,2025-12-18,delivered
5353,930,2025-12-13,delivered
5354,1090,2025-12-16,delivered
5355,1117,2025-12-30,delivered
5356,1016,2025-12-14,delivered
5357,436,2025-12-03,delivered
5358,1137,2025-12-14,delivered
5359,23,2025-12-04,delivered
5360,12,2025-12-17,delivered
5361,592,2025-12-25,delivered
5362,1109,2025-12-13,delivered
5363,628,2025-12-07,delivered
5364,1135,2025-12-25,delivered
5365,801,2025-12-02,cancelled
5366,257,2025-12-21,delivered
5367,355,2025-12-18,delivered
5368,270,2025-12-11,delivered
5369,237,2025-12-26,cancelled
5370,171,2025-12-31,delivered
5371,582,2025-12-11,delivered
5372,141,2025-12-02,delivered
5373,951,2025-12-22,delivered
5374,33,2025-12-30,delivered
5375,536,2025-12-02,delivered
5376,456,2025-12-30,delivered
5377,312,2025-12-18,delivered
5378,814,2025-12-27,delivered
5379,962,2025-12-30,delivered
5380,773,2025-12-17,delivered
5381,315,2025-12-01,delivered
5382,390,2025-12-21,delivered
5383,1120,2025-12-03,delivered
5384,574,2025-12-07,refunded
5385,4,2025-12-16,delivered
5386,1199,2025-12-06,delivered
5387,274,2025-12-14,delivered
5388,1119,2025-12-12,delivered
5389,643,2025-12-16,delivered
5390,762,2025-12-06,delivered
5391,1114,2025-12-12,delivered
5392,744,2025-12-27,delivered
5393,1145,2025-12-20,delivered
5394,991,2025-12-16,delivered
5395,1049,2025-12-16,delivered
5396,241,2025-12-12,delivered
5397,775,2025-12-10,delivered
5398,865,2025-12-12,delivered
5399,287,2025-12-12,refunded
5400,1098,2025-12-08,delivered
5401,295,2025-12-21,delivered
5402,345,2025-12-20,delivered
5403,726,2025-12-09,delivered
5404,1199,2025-12-26,delivered
5405,66,2025-12-02,delivered
5406,748,2025-12-20,delivered
5407,630,2025-12-18,delivered
5408,634,2025-12-19,delivered
5409,989,2025-12-28,delivered
5410,659,2025-12-18,delivered
5411,999,2025-12-14,delivered
5412,13,2025-12-06,delivered
5413,942,2025-12-14,delivered
5414,827,2025-12-17,delivered
5415,946,2025-12-21,delivered
5416,390,2025-12-27,delivered
5417,1074,2025-12-04,cancelled
5418,1123,2025-12-02,delivered
5419,987,2025-12-26,delivered
5420,1050,2025-12-30,delivered
5421,730,2025-12-03,delivered
5422,747,2025-12-12,delivered
5423,191,2025-12-04,delivered
5424,485,2025-12-06,delivered
5425,345,2025-12-04,refunded
5426,76,2025-12-14,delivered
5427,396,2025-12-15,delivered
5428,986,2025-12-25,delivered
5429,391,2025-12-31,delivered
5430,574,2025-12-03,delivered
5431,920,2025-12-25,delivered
5432,778,2025-12-28,delivered
5433,385,2025-12-17,delivered
5434,489,2025-12-06,delivered
5435,643,2025-12-08,cancelled
5436,1026,2025-12-24,delivered
5437,129,2025-12-07,delivered
5438,1114,2025-12-02,delivered
5439,330,2025-12-25,delivered
5440,911,2025-12-25,delivered
5441,129,2025-12-31,delivered
5442,391,2025-12-01,delivered
5443,340,2025-12-14,delivered
5444,1016,2025-12-09,delivered
5445,668,2025-12-09,delivered
5446,1088,2025-12-26,cancelled
5447,684,2025-12-16,delivered
5448,408,2025-12-14,delivered
5449,1199,2025-12-03,delivered
5450,293,2025-12-27,delivered
5451,803,2025-12-26,refunded
5452,331,2025-12-22,delivered
5453,1174,2025-12-23,delivered
5454,379,2025-12-16,delivered
5455,515,2025-12-18,delivered
5456,1073,2025-12-11,delivered
5457,712,2025-12-26,delivered
5458,267,2025-12-04,delivered
5459,556,2025-12-28,delivered
5460,690,2025-12-30,delivered
5461,1174,2025-12-16,delivered
5462,546,2025-12-28,delivered
5463,1174,2025-12-30,delivered
5464,295,2025-12-30,delivered
5465,554,2025-12-19,delivered
5466,1145,2025-12-07,delivered
5467,725,2025-12-10,delivered
5468,554,2025-12-11,refunded
5469,204,2025-12-24,delivered
5470,259,2025-12-13,delivered
5471,330,2025-12-23,refunded
5472,108,2025-12-31,delivered
5473,298,2025-12-05,delivered
5474,55,2025-12-19,delivered
5475,634,2025-12-28,delivered
5476,261,2025-12-20,delivered
5477,160,2025-12-05,delivered
5478,12,2025-12-20,delivered
5479,551,2025-12-11,delivered
