order_id,product_id,quantity,unit_price_cents,unit_cost_cents,discount_cents
1,7,1,3800,1600,0
1,1,1,8900,5400,890
2,20,3,3900,1700,1170
3,14,1,3000,1100,0
4,10,1,2700,1100,0
5,14,1,3000,1100,0
5,4,1,7200,4200,720
6,17,1,2500,900,0
6,7,1,3800,1600,0
6,12,1,2400,800,480
7,4,2,7200,4200,1440
8,4,2,7200,4200,0
9,2,2,6500,3900,0
9,4,1,7200,4200,0
9,6,1,4200,1900,420
9,20,2,3900,1700,0
10,15,1,1800,600,0
10,9,1,3500,1500,0
10,3,1,4500,2200,450
11,4,1,7200,4200,0
11,5,2,3200,1500,0
12,6,2,4200,1900,840
12,13,1,2200,700,220
12,12,1,2400,800,0
12,1,2,8900,5400,0
13,11,1,3400,1300,340
13,17,1,2500,900,250
14,5,1,3200,1500,0
14,18,2,4800,2100,960
14,2,2,6500,3900,0
14,1,1,8900,5400,0
15,13,1,2200,700,0
15,8,1,2900,1200,0
15,3,1,4500,2200,900
15,15,1,1800,600,0
16,3,2,4500,2200,1800
17,15,1,1800,600,0
17,11,1,3400,1300,0
18,15,2,1800,600,0
18,4,1,7200,4200,720
18,19,3,1200,300,0
19,16,2,1600,500,320
19,5,1,3200,1500,0
20,7,1,3800,1600,0
20,15,2,1800,600,360
20,20,1,3900,1700,390
20,11,1,3400,1300,340
21,17,1,2500,900,0
22,19,1,1200,300,0
22,6,1,4200,1900,0
23,20,3,3900,1700,2340
23,8,1,2900,1200,0
23,9,1,3500,1500,350
23,13,1,2200,700,0
24,7,1,3800,1600,0
24,20,1,3900,1700,390
25,4,1,7200,4200,0
25,12,1,2400,800,0
25,18,1,4800,2100,480
26,17,1,2500,900,0
27,10,1,2700,1100,0
27,9,2,3500,1500,0
28,20,2,3900,1700,780
29,8,2,2900,1200,0
29,17,3,2500,900,1500
29,10,1,2700,1100,0
29,2,1,6500,3900,0
30,8,2,2900,1200,1160
30,12,1,2400,800,0
30,18,1,4800,2100,0
30,7,1,3800,1600,0
31,5,1,3200,1500,0
31,6,2,4200,1900,0
31,9,2,3500,1500,0
32,16,1,1600,500,160
32,19,1,1200,300,0
32,18,1,4800,2100,0
33,3,1,4500,2200,0
33,12,1,2400,800,480
33,8,1,2900,1200,0
33,7,1,3800,1600,380
34,8,1,2900,1200,290
34,20,1,3900,1700,0
34,2,1,6500,3900,0
34,11,1,3400,1300,340
35,10,2,2700,1100,0
36,3,1,4500,2200,0
37,7,1,3800,1600,380
38,5,1,3200,1500,320
39,18,2,4800,2100,0
39,3,1,4500,2200,0
39,8,1,2900,1200,0
40,19,1,1200,300,120
41,20,2,3900,1700,0
41,3,1,4500,2200,450
41,10,1,2700,1100,0
42,5,3,3200,1500,0
42,10,2,2700,1100,0
42,12,1,2400,800,0
43,7,1,3800,1600,0
43,12,1,2400,800,0
43,20,1,3900,1700,390
44,18,1,4800,2100,0
45,19,3,1200,300,0
45,16,1,1600,500,0
46,16,1,1600,500,0
46,15,1,1800,600,0
46,11,1,3400,1300,0
47,14,2,3000,1100,0
47,9,1,3500,1500,350
48,18,2,4800,2100,960
48,4,1,7200,4200,0
48,6,1,4200,1900,420
48,3,1,4500,2200,0
49,19,1,1200,300,240
49,7,1,3800,1600,380
49,2,1,6500,3900,0
49,9,2,3500,1500,700
50,13,1,2200,700,0
51,17,1,2500,900,0
51,5,2,3200,1500,640
52,2,1,6500,3900,0
52,8,1,2900,1200,290
52,16,1,1600,500,160
53,2,3,6500,3900,0
54,9,1,3500,1500,0
54,19,1,1200,300,0
54,18,2,4800,2100,0
55,12,2,2400,800,0
55,20,2,3900,1700,0
55,16,1,1600,500,0
55,18,1,4800,2100,0
56,8,1,2900,1200,0
57,19,1,1200,300,0
57,6,1,4200,1900,0
58,19,1,1200,300,0
59,10,2,2700,1100,0
60,8,1,2900,1200,290
60,14,2,3000,1100,0
61,15,1,1800,600,0
61,19,1,1200,300,0
61,3,2,4500,2200,0
62,16,2,1600,500,0
62,2,2,6500,3900,0
63,14,1,3000,1100,0
64,13,1,2200,700,0
64,12,1,2400,800,240
64,4,1,7200,4200,720
64,14,1,3000,1100,0
65,17,1,2500,900,250
66,5,1,3200,1500,0
67,20,2,3900,1700,0
67,9,2,3500,1500,0
67,13,1,2200,700,0
68,5,2,3200,1500,1280
68,4,1,7200,4200,0
68,8,2,2900,1200,580
68,15,1,1800,600,180
69,3,2,4500,2200,0
70,12,1,2400,800,240
70,3,2,4500,2200,0
71,6,1,4200,1900,0
72,7,1,3800,1600,0
72,2,1,6500,3900,0
72,17,1,2500,900,0
73,12,1,2400,800,240
73,13,1,2200,700,0
73,19,1,1200,300,120
73,7,2,3800,1600,0
74,15,1,1800,600,0
74,13,1,2200,700,0
75,17,3,2500,900,750
76,13,2,2200,700,880
76,19,1,1200,300,0
76,16,1,1600,500,0
76,8,1,2900,1200,0
77,11,3,3400,1300,0
77,14,1,3000,1100,300
78,3,1,4500,2200,0
78,18,2,4800,2100,0
78,6,2,4200,1900,840
79,8,1,2900,1200,0
79,9,1,3500,1500,0
80,16,1,1600,500,160
81,20,2,3900,1700,780
81,11,1,3400,1300,0
81,16,1,1600,500,160
82,2,2,6500,3900,0
82,17,1,2500,900,0
83,4,1,7200,4200,0
83,17,1,2500,900,0
83,15,1,1800,600,0
83,11,1,3400,1300,0
84,12,1,2400,800,0
84,6,2,4200,1900,0
84,16,1,1600,500,0
85,4,2,7200,4200,0
85,9,2,3500,1500,0
86,6,1,4200,1900,0
87,16,1,1600,500,0
87,10,1,2700,1100,270
87,9,1,3500,1500,350
88,9,1,3500,1500,700
88,12,1,2400,800,0
88,19,1,1200,300,120
89,10,1,2700,1100,0
89,12,2,2400,800,0
90,6,1,4200,1900,0
90,11,1,3400,1300,680
91,10,1,2700,1100,0
91,9,2,3500,1500,0
91,13,1,2200,700,440
92,8,2,2900,1200,580
92,9,1,3500,1500,0
93,18,1,4800,2100,960
93,2,1,6500,3900,0
93,1,1,8900,5400,1780
93,13,1,2200,700,0
94,17,1,2500,900,250
94,6,2,4200,1900,0
95,18,3,4800,2100,1440
95,15,1,1800,600,0
95,5,1,3200,1500,0
96,12,1,2400,800,0
96,16,1,1600,500,0
96,18,1,4800,2100,0
97,10,1,2700,1100,540
97,16,2,1600,500,0
97,18,1,4800,2100,0
98,7,1,3800,1600,0
98,14,1,3000,1100,0
98,18,2,4800,2100,0
99,10,1,2700,1100,270
99,18,1,4800,2100,0
99,9,1,3500,1500,0
100,1,3,8900,5400,0
100,5,3,3200,1500,0
100,2,1,6500,3900,0
101,7,2,3800,1600,0
101,11,1,3400,1300,340
101,14,1,3000,1100,0
101,10,2,2700,1100,0
102,6,2,4200,1900,0
102,7,2,3800,1600,0
102,9,2,3500,1500,0
102,13,1,2200,700,0
103,16,1,1600,500,0
103,13,1,2200,700,0
104,9,1,3500,1500,0
105,4,1,7200,4200,0
105,8,1,2900,1200,0
106,19,2,1200,300,0
107,6,1,4200,1900,0
107,16,2,1600,500,640
108,18,1,4800,2100,0
108,4,3,7200,4200,2160
109,1,1,8900,5400,0
109,13,2,2200,700,0
110,7,1,3800,1600,0
110,19,2,1200,300,0
110,6,2,4200,1900,0
110,12,1,2400,800,0
111,17,1,2500,900,0
112,11,1,3400,1300,0
112,3,1,4500,2200,0
113,11,1,3400,1300,0
113,14,1,3000,1100,300
113,20,1,3900,1700,390
114,19,1,1200,300,0
115,2,1,6500,3900,0
115,12,2,2400,800,0
115,8,1,2900,1200,290
116,18,2,4800,2100,0
116,14,1,3000,1100,0
116,12,1,2400,800,240
117,4,1,7200,4200,0
118,18,1,4800,2100,0
118,20,1,3900,1700,0
119,6,2,4200,1900,0
120,12,2,2400,800,0
120,11,1,3400,1300,340
120,18,1,4800,2100,0
120,19,1,1200,300,0
121,15,3,1800,600,0
121,13,1,2200,700,440
121,1,1,8900,5400,0
121,2,1,6500,3900,650
122,18,1,4800,2100,0
122,17,1,2500,900,0
122,20,1,3900,1700,0
123,3,1,4500,2200,0
123,19,1,1200,300,0
123,13,1,2200,700,0
124,20,1,3900,1700,0
125,11,1,3400,1300,340
126,20,1,3900,1700,0
126,1,1,8900,5400,0
127,5,1,3200,1500,640
127,2,3,6500,3900,1950
128,13,1,2200,700,0
128,5,1,3200,1500,0
128,19,1,1200,300,0
129,16,1,1600,500,0
129,18,1,4800,2100,0
130,14,1,3000,1100,0
130,11,1,3400,1300,0
130,3,1,4500,2200,450
131,20,2,3900,1700,0
131,5,1,3200,1500,0
131,15,1,1800,600,0
131,2,1,6500,3900,0
132,1,1,8900,5400,0
132,11,1,3400,1300,340
132,4,1,7200,4200,0
133,1,1,8900,5400,890
133,13,1,2200,700,0
134,2,1,6500,3900,650
134,15,1,1800,600,360
134,1,1,8900,5400,0
135,13,3,2200,700,0
135,17,1,2500,900,250
136,18,2,4800,2100,0
136,1,1,8900,5400,890
136,2,1,6500,3900,650
136,8,1,2900,1200,0
137,13,2,2200,700,0
137,1,1,8900,5400,0
137,18,1,4800,2100,480
138,14,1,3000,1100,0
138,8,1,2900,1200,0
139,19,1,1200,300,0
139,18,1,4800,2100,480
140,19,1,1200,300,0
140,6,2,4200,1900,0
141,11,2,3400,1300,0
142,5,1,3200,1500,0
142,7,3,3800,1600,0
142,4,1,7200,4200,0
143,3,1,4500,2200,0
143,16,1,1600,500,0
143,5,2,3200,1500,0
144,1,1,8900,5400,1780
144,9,2,3500,1500,0
144,14,2,3000,1100,1200
144,8,2,2900,1200,0
145,13,1,2200,700,440
145,2,1,6500,3900,0
145,20,1,3900,1700,390
145,11,1,3400,1300,0
146,17,1,2500,900,250
146,18,1,4800,2100,0
147,13,1,2200,700,0
147,10,2,2700,1100,540
147,19,2,1200,300,0
147,15,1,1800,600,0
148,13,1,2200,700,0
148,14,1,3000,1100,300
149,11,1,3400,1300,340
149,6,1,4200,1900,0
149,4,1,7200,4200,720
150,2,1,6500,3900,0
150,6,2,4200,1900,0
150,11,1,3400,1300,340
150,5,3,3200,1500,0
151,1,1,8900,5400,0
151,9,1,3500,1500,350
152,15,1,1800,600,0
152,14,2,3000,1100,0
152,20,1,3900,1700,390
152,3,1,4500,2200,0
153,19,2,1200,300,0
154,6,1,4200,1900,420
154,10,1,2700,1100,270
155,2,1,6500,3900,650
155,3,2,4500,2200,900
155,10,2,2700,1100,0
156,11,1,3400,1300,340
156,17,1,2500,900,0
156,14,1,3000,1100,0
157,14,1,3000,1100,600
157,11,1,3400,1300,0
157,9,1,3500,1500,0
158,10,1,2700,1100,0
158,7,1,3800,1600,0
159,14,1,3000,1100,0
159,2,1,6500,3900,0
159,11,1,3400,1300,340
159,12,1,2400,800,0
160,11,2,3400,1300,0
160,13,2,2200,700,880
160,1,1,8900,5400,0
161,18,2,4800,2100,0
161,11,1,3400,1300,0
161,15,1,1800,600,0
161,14,1,3000,1100,0
162,3,2,4500,2200,0
162,5,1,3200,1500,0
162,9,1,3500,1500,0
163,11,1,3400,1300,0
163,2,1,6500,3900,0
163,9,3,3500,1500,0
164,7,2,3800,1600,0
165,7,2,3800,1600,760
165,11,1,3400,1300,340
166,7,1,3800,1600,380
166,2,1,6500,3900,0
167,11,1,3400,1300,0
168,19,2,1200,300,0
169,18,1,4800,2100,0
169,11,1,3400,1300,0
169,15,3,1800,600,0
170,9,1,3500,1500,0
170,5,1,3200,1500,320
170,10,1,2700,1100,0
171,13,1,2200,700,0
172,20,2,3900,1700,780
172,12,1,2400,800,0
172,10,3,2700,1100,810
172,11,1,3400,1300,0
173,15,1,1800,600,0
174,5,2,3200,1500,0
174,9,1,3500,1500,350
175,1,1,8900,5400,0
175,3,1,4500,2200,450
175,16,1,1600,500,0
175,4,1,7200,4200,720
176,10,1,2700,1100,0
177,16,1,1600,500,0
177,13,1,2200,700,0
178,6,1,4200,1900,420
178,3,2,4500,2200,0
179,6,1,4200,1900,420
179,10,1,2700,1100,270
179,13,1,2200,700,0
179,3,1,4500,2200,0
180,5,1,3200,1500,0
181,7,1,3800,1600,380
181,11,1,3400,1300,680
182,19,1,1200,300,240
183,12,2,2400,800,960
184,4,1,7200,4200,720
184,10,1,2700,1100,0
184,1,1,8900,5400,0
185,7,1,3800,1600,760
185,18,2,4800,2100,0
186,1,1,8900,5400,890
187,5,1,3200,1500,0
188,20,1,3900,1700,390
188,6,1,4200,1900,0
188,15,1,1800,600,0
188,17,1,2500,900,250
189,2,1,6500,3900,0
189,20,1,3900,1700,390
189,16,1,1600,500,160
190,17,1,2500,900,0
190,3,1,4500,2200,450
190,20,1,3900,1700,0
190,19,1,1200,300,0
191,15,1,1800,600,360
191,17,2,2500,900,0
191,16,1,1600,500,320
191,11,1,3400,1300,340
192,19,1,1200,300,0
192,2,1,6500,3900,0
193,9,1,3500,1500,0
193,5,1,3200,1500,0
193,20,2,3900,1700,780
194,8,2,2900,1200,580
194,16,1,1600,500,0
194,6,1,4200,1900,840
195,13,1,2200,700,220
195,8,1,2900,1200,0
195,15,2,1800,600,0
195,6,1,4200,1900,0
196,13,1,2200,700,0
196,20,2,3900,1700,0
197,4,2,7200,4200,0
198,11,2,3400,1300,0
198,9,1,3500,1500,0
198,19,1,1200,300,0
199,6,1,4200,1900,0
199,11,1,3400,1300,0
199,18,1,4800,2100,480
200,2,1,6500,3900,0
200,1,1,8900,5400,890
201,3,2,4500,2200,0
202,4,1,7200,4200,0
202,6,2,4200,1900,0
203,9,1,3500,1500,0
203,6,1,4200,1900,840
203,3,1,4500,2200,450
204,20,1,3900,1700,0
204,13,1,2200,700,220
205,9,1,3500,1500,350
205,4,2,7200,4200,0
205,2,1,6500,3900,650
205,3,1,4500,2200,0
206,19,1,1200,300,0
206,1,1,8900,5400,890
206,17,1,2500,900,0
206,16,1,1600,500,160
207,11,1,3400,1300,680
207,10,1,2700,1100,0
207,13,2,2200,700,0
208,6,1,4200,1900,0
208,18,1,4800,2100,480
209,3,1,4500,2200,0
209,15,3,1800,600,0
209,7,1,3800,1600,380
209,5,1,3200,1500,0
210,2,1,6500,3900,0
211,18,1,4800,2100,0
211,5,1,3200,1500,0
211,8,2,2900,1200,0
211,3,1,4500,2200,0
212,15,1,1800,600,180
213,20,1,3900,1700,390
213,8,3,2900,1200,870
213,3,1,4500,2200,900
213,7,1,3800,1600,0
214,19,1,1200,300,0
215,18,1,4800,2100,0
215,6,1,4200,1900,420
215,15,1,1800,600,0
216,1,1,8900,5400,0
217,5,1,3200,1500,0
217,7,2,3800,1600,0
217,20,1,3900,1700,0
217,9,1,3500,1500,700
218,1,1,8900,5400,0
218,18,1,4800,2100,0
218,8,2,2900,1200,0
218,7,1,3800,1600,380
219,5,1,3200,1500,640
220,2,1,6500,3900,0
221,2,1,6500,3900,0
221,4,1,7200,4200,0
221,20,1,3900,1700,0
221,6,1,4200,1900,0
222,11,1,3400,1300,0
223,3,1,4500,2200,0
223,16,1,1600,500,0
224,15,1,1800,600,360
224,7,1,3800,1600,0
225,15,1,1800,600,0
226,20,1,3900,1700,0
226,6,1,4200,1900,0
227,15,1,1800,600,0
227,9,1,3500,1500,0
227,1,2,8900,5400,0
227,14,1,3000,1100,0
228,17,1,2500,900,250
228,2,1,6500,3900,0
228,14,1,3000,1100,0
228,20,2,3900,1700,780
229,8,1,2900,1200,0
229,3,1,4500,2200,450
229,1,1,8900,5400,0
230,6,2,4200,1900,0
230,12,2,2400,800,0
230,15,1,1800,600,0
230,1,1,8900,5400,1780
231,20,2,3900,1700,780
232,2,1,6500,3900,0
232,4,1,7200,4200,0
232,13,1,2200,700,0
233,8,1,2900,1200,290
233,18,2,4800,2100,960
233,4,1,7200,4200,720
234,17,1,2500,900,0
234,14,1,3000,1100,0
234,9,2,3500,1500,0
235,15,1,1800,600,180
235,12,1,2400,800,0
235,3,1,4500,2200,900
236,16,2,1600,500,0
236,5,1,3200,1500,0
237,14,1,3000,1100,0
237,15,2,1800,600,0
237,1,2,8900,5400,0
238,16,2,1600,500,0
238,19,1,1200,300,0
238,17,2,2500,900,0
239,2,1,6500,3900,1300
239,5,1,3200,1500,0
239,12,1,2400,800,0
240,6,1,4200,1900,840
240,8,1,2900,1200,0
241,11,3,3400,1300,0
242,4,2,7200,4200,1440
242,1,2,8900,5400,3560
242,13,1,2200,700,440
243,16,2,1600,500,320
243,10,2,2700,1100,0
243,5,1,3200,1500,0
244,1,1,8900,5400,0
244,13,1,2200,700,0
244,8,1,2900,1200,0
245,18,2,4800,2100,960
246,16,1,1600,500,0
246,11,1,3400,1300,340
247,13,1,2200,700,0
247,12,3,2400,800,720
247,1,1,8900,5400,890
248,10,1,2700,1100,0
248,6,1,4200,1900,0
248,14,1,3000,1100,300
248,18,3,4800,2100,0
249,14,1,3000,1100,0
250,7,2,3800,1600,0
250,6,1,4200,1900,420
251,8,1,2900,1200,580
251,1,2,8900,5400,0
251,19,1,1200,300,120
251,5,1,3200,1500,0
252,16,1,1600,500,0
252,3,2,4500,2200,0
252,12,1,2400,800,240
253,9,1,3500,1500,0
254,6,1,4200,1900,0
254,2,3,6500,3900,0
254,9,1,3500,1500,0
255,4,1,7200,4200,720
255,6,2,4200,1900,840
256,4,2,7200,4200,0
256,18,1,4800,2100,0
256,12,1,2400,800,0
257,7,1,3800,1600,380
257,18,1,4800,2100,0
258,15,2,1800,600,0
258,3,1,4500,2200,0
258,4,2,7200,4200,1440
258,5,1,3200,1500,320
259,8,1,2900,1200,290
260,3,1,4500,2200,450
260,14,1,3000,1100,300
261,17,1,2500,900,0
262,4,2,7200,4200,2880
263,1,2,8900,5400,3560
263,3,2,4500,2200,0
263,5,1,3200,1500,0
264,4,2,7200,4200,1440
265,6,3,4200,1900,0
265,18,1,4800,2100,0
265,1,1,8900,5400,0
266,6,2,4200,1900,1680
267,11,1,3400,1300,0
268,18,1,4800,2100,0
268,2,1,6500,3900,0
268,3,1,4500,2200,900
269,7,1,3800,1600,760
269,3,1,4500,2200,0
269,16,1,1600,500,160
269,12,1,2400,800,0
270,3,3,4500,2200,0
270,12,1,2400,800,480
271,9,1,3500,1500,350
271,19,3,1200,300,720
271,20,1,3900,1700,0
271,13,1,2200,700,0
272,1,1,8900,5400,890
272,4,1,7200,4200,0
273,10,2,2700,1100,540
273,4,1,7200,4200,0
274,17,2,2500,900,0
274,9,1,3500,1500,350
274,18,3,4800,2100,1440
274,11,1,3400,1300,0
275,6,1,4200,1900,420
276,5,2,3200,1500,0
276,10,1,2700,1100,0
276,13,1,2200,700,0
276,16,1,1600,500,0
277,20,1,3900,1700,0
277,12,1,2400,800,0
277,10,2,2700,1100,0
277,11,2,3400,1300,0
278,14,1,3000,1100,0
278,12,1,2400,800,0
278,2,2,6500,3900,0
279,2,1,6500,3900,1300
279,15,1,1800,600,180
279,14,1,3000,1100,600
280,16,1,1600,500,160
281,6,3,4200,1900,0
281,10,1,2700,1100,540
281,12,1,2400,800,240
282,8,1,2900,1200,0
282,3,1,4500,2200,0
282,4,1,7200,4200,0
282,11,2,3400,1300,0
283,14,1,3000,1100,0
283,13,1,2200,700,0
284,19,1,1200,300,240
284,16,1,1600,500,0
285,19,1,1200,300,0
285,2,1,6500,3900,650
285,17,1,2500,900,0
285,7,1,3800,1600,380
286,10,1,2700,1100,0
286,6,1,4200,1900,0
286,9,1,3500,1500,350
287,14,1,3000,1100,0
287,2,2,6500,3900,0
287,7,1,3800,1600,0
287,6,1,4200,1900,420
288,11,1,3400,1300,340
289,13,2,2200,700,440
290,17,1,2500,900,0
291,8,1,2900,1200,290
292,8,1,2900,1200,0
292,14,1,3000,1100,0
292,7,2,3800,1600,0
292,5,1,3200,1500,320
293,9,1,3500,1500,350
293,5,2,3200,1500,0
294,8,1,2900,1200,0
295,18,2,4800,2100,960
296,10,1,2700,1100,270
296,3,1,4500,2200,0
296,8,1,2900,1200,290
297,16,1,1600,500,0
298,6,1,4200,1900,0
299,15,1,1800,600,0
299,1,1,8900,5400,0
299,2,1,6500,3900,0
300,8,1,2900,1200,290
300,17,1,2500,900,0
301,15,1,1800,600,180
301,16,2,1600,500,320
301,5,1,3200,1500,0
302,1,2,8900,5400,0
302,20,1,3900,1700,780
303,2,1,6500,3900,0
303,13,1,2200,700,440
304,15,1,1800,600,0
304,16,2,1600,500,320
304,4,1,7200,4200,0
304,8,1,2900,1200,290
305,14,1,3000,1100,0
305,6,1,4200,1900,0
306,3,2,4500,2200,1800
306,1,1,8900,5400,0
306,16,1,1600,500,0
306,5,1,3200,1500,0
307,16,3,1600,500,960
307,12,3,2400,800,0
308,10,3,2700,1100,0
308,13,1,2200,700,0
308,12,1,2400,800,480
308,5,2,3200,1500,0
309,4,3,7200,4200,0
309,11,3,3400,1300,0
309,2,1,6500,3900,0
310,17,2,2500,900,0
310,11,3,3400,1300,1020
310,14,1,3000,1100,300
311,5,1,3200,1500,0
311,2,1,6500,3900,650
312,2,1,6500,3900,0
312,15,1,1800,600,0
312,12,1,2400,800,0
312,16,1,1600,500,160
313,19,1,1200,300,0
313,1,1,8900,5400,0
314,1,1,8900,5400,0
314,10,3,2700,1100,810
314,4,1,7200,4200,0
315,20,3,3900,1700,1170
315,1,3,8900,5400,0
315,11,1,3400,1300,340
316,10,1,2700,1100,0
317,13,1,2200,700,0
318,6,2,4200,1900,0
318,13,2,2200,700,440
319,20,1,3900,1700,390
319,5,1,3200,1500,0
319,12,2,2400,800,0
320,12,1,2400,800,0
320,6,3,4200,1900,1260
320,14,1,3000,1100,300
320,18,2,4800,2100,0
321,3,3,4500,2200,1350
321,16,1,1600,500,0
321,10,1,2700,1100,0
321,5,1,3200,1500,640
322,15,1,1800,600,0
323,4,1,7200,4200,0
324,14,2,3000,1100,0
325,20,1,3900,1700,0
325,9,3,3500,1500,0
325,11,1,3400,1300,0
325,6,1,4200,1900,0
326,20,1,3900,1700,780
326,16,1,1600,500,160
326,10,1,2700,1100,0
326,12,1,2400,800,240
327,16,1,1600,500,0
327,5,1,3200,1500,320
328,16,1,1600,500,0
328,14,1,3000,1100,300
329,7,1,3800,1600,380
329,10,1,2700,1100,0
330,16,1,1600,500,0
330,19,1,1200,300,120
330,18,2,4800,2100,1920
330,10,2,2700,1100,0
331,18,2,4800,2100,0
331,3,1,4500,2200,0
331,9,2,3500,1500,0
332,16,1,1600,500,0
332,12,1,2400,800,240
333,5,2,3200,1500,640
333,10,1,2700,1100,270
333,13,2,2200,700,440
333,14,1,3000,1100,0
334,7,1,3800,1600,0
334,6,1,4200,1900,840
335,12,2,2400,800,0
336,3,1,4500,2200,0
337,11,2,3400,1300,0
337,12,2,2400,800,480
337,2,2,6500,3900,0
338,15,2,1800,600,0
338,4,1,7200,4200,0
338,19,2,1200,300,480
338,18,1,4800,2100,0
339,5,1,3200,1500,0
340,1,1,8900,5400,0
340,8,1,2900,1200,290
340,16,1,1600,500,0
340,11,1,3400,1300,340
341,14,2,3000,1100,0
341,20,1,3900,1700,0
341,15,1,1800,600,180
341,17,2,2500,900,0
342,2,2,6500,3900,0
342,13,1,2200,700,220
342,20,1,3900,1700,0
342,5,1,3200,1500,0
343,12,2,2400,800,0
343,1,1,8900,5400,0
343,9,1,3500,1500,350
344,13,1,2200,700,0
344,7,1,3800,1600,380
344,10,2,2700,1100,0
345,17,1,2500,900,250
345,11,1,3400,1300,0
345,6,2,4200,1900,0
346,12,1,2400,800,0
347,15,1,1800,600,180
348,12,1,2400,800,240
348,10,1,2700,1100,270
349,11,1,3400,1300,0
350,14,1,3000,1100,0
350,3,1,4500,2200,0
350,19,1,1200,300,0
350,2,1,6500,3900,650
351,15,1,1800,600,0
351,16,1,1600,500,0
351,14,1,3000,1100,300
351,6,1,4200,1900,0
352,4,1,7200,4200,0
352,14,1,3000,1100,0
352,20,1,3900,1700,780
353,5,1,3200,1500,640
353,19,1,1200,300,0
354,18,1,4800,2100,480
355,11,2,3400,1300,0
355,13,1,2200,700,0
355,16,1,1600,500,160
355,5,1,3200,1500,320
356,11,1,3400,1300,0
356,18,2,4800,2100,960
356,2,1,6500,3900,650
356,15,1,1800,600,0
357,19,1,1200,300,120
358,1,2,8900,5400,0
358,9,1,3500,1500,350
359,13,1,2200,700,440
359,19,1,1200,300,0
359,2,1,6500,3900,0
360,18,1,4800,2100,0
361,6,1,4200,1900,0
361,2,1,6500,3900,0
361,11,1,3400,1300,0
361,20,1,3900,1700,390
362,16,2,1600,500,0
362,17,1,2500,900,0
363,14,1,3000,1100,600
364,8,2,2900,1200,580
365,17,1,2500,900,500
366,18,3,4800,2100,0
366,14,1,3000,1100,300
367,1,2,8900,5400,0
367,2,1,6500,3900,650
368,19,1,1200,300,0
368,17,1,2500,900,0
369,18,2,4800,2100,0
369,9,1,3500,1500,350
370,15,1,1800,600,0
370,9,1,3500,1500,700
370,8,1,2900,1200,580
371,1,1,8900,5400,890
371,20,1,3900,1700,0
371,6,1,4200,1900,420
371,14,1,3000,1100,0
372,12,3,2400,800,0
373,4,1,7200,4200,1440
374,12,2,2400,800,0
374,7,2,3800,1600,0
374,3,3,4500,2200,2700
375,1,3,8900,5400,0
375,7,1,3800,1600,0
376,3,1,4500,2200,0
376,19,1,1200,300,0
377,7,1,3800,1600,380
377,1,2,8900,5400,0
377,18,1,4800,2100,480
378,14,1,3000,1100,0
378,9,2,3500,1500,700
378,4,1,7200,4200,0
378,17,1,2500,900,0
379,8,3,2900,1200,0
380,10,1,2700,1100,0
380,3,1,4500,2200,450
380,4,2,7200,4200,1440
381,2,2,6500,3900,2600
381,11,2,3400,1300,0
381,17,2,2500,900,0
382,13,1,2200,700,220
383,2,1,6500,3900,0
383,10,1,2700,1100,270
383,14,1,3000,1100,0
383,3,1,4500,2200,450
384,15,1,1800,600,180
384,14,1,3000,1100,0
384,4,1,7200,4200,0
384,11,1,3400,1300,340
385,17,1,2500,900,0
385,9,1,3500,1500,0
386,19,3,1200,300,360
386,14,1,3000,1100,300
386,17,2,2500,900,0
387,17,1,2500,900,250
388,14,1,3000,1100,600
389,7,1,3800,1600,0
389,16,1,1600,500,320
389,15,1,1800,600,0
390,16,1,1600,500,0
391,8,1,2900,1200,580
391,16,1,1600,500,160
392,12,1,2400,800,0
393,19,1,1200,300,0
393,12,1,2400,800,0
394,6,1,4200,1900,420
394,7,2,3800,1600,0
395,11,2,3400,1300,0
396,17,2,2500,900,0
396,14,1,3000,1100,600
397,11,2,3400,1300,680
397,14,1,3000,1100,300
397,8,1,2900,1200,0
398,17,2,2500,900,0
398,19,1,1200,300,0
399,17,1,2500,900,0
399,12,1,2400,800,240
399,16,1,1600,500,0
399,20,1,3900,1700,0
400,8,1,2900,1200,0
400,7,1,3800,1600,0
401,9,1,3500,1500,0
401,18,1,4800,2100,0
401,3,1,4500,2200,0
402,14,1,3000,1100,0
402,12,1,2400,800,0
402,16,1,1600,500,320
402,11,1,3400,1300,0
403,4,1,7200,4200,0
403,20,1,3900,1700,0
404,7,2,3800,1600,0
404,5,1,3200,1500,320
404,18,2,4800,2100,0
405,16,1,1600,500,320
406,16,1,1600,500,160
406,8,2,2900,1200,580
407,14,1,3000,1100,0
407,20,1,3900,1700,0
408,16,2,1600,500,320
409,18,1,4800,2100,0
409,10,1,2700,1100,540
409,11,3,3400,1300,0
409,1,2,8900,5400,3560
410,13,1,2200,700,0
410,3,1,4500,2200,0
411,4,1,7200,4200,720
411,18,1,4800,2100,0
412,7,1,3800,1600,0
412,8,1,2900,1200,0
412,10,1,2700,1100,270
413,18,1,4800,2100,0
413,14,3,3000,1100,900
414,6,1,4200,1900,420
414,19,1,1200,300,0
414,10,1,2700,1100,0
414,7,1,3800,1600,380
415,15,1,1800,600,180
415,20,1,3900,1700,390
415,2,1,6500,3900,0
415,3,1,4500,2200,450
416,15,1,1800,600,360
416,13,1,2200,700,220
416,6,1,4200,1900,0
416,4,1,7200,4200,1440
417,14,1,3000,1100,0
417,18,2,4800,2100,0
417,4,1,7200,4200,0
417,12,1,2400,800,0
418,13,1,2200,700,0
418,11,1,3400,1300,680
418,20,1,3900,1700,390
418,7,1,3800,1600,0
419,5,1,3200,1500,0
419,16,1,1600,500,0
419,9,1,3500,1500,0
419,6,1,4200,1900,420
420,7,2,3800,1600,0
420,2,1,6500,3900,0
421,13,1,2200,700,0
422,8,2,2900,1200,0
422,12,1,2400,800,0
423,8,3,2900,1200,0
424,2,1,6500,3900,650
424,14,1,3000,1100,0
425,4,1,7200,4200,0
425,8,1,2900,1200,0
425,7,1,3800,1600,0
425,20,1,3900,1700,390
426,14,2,3000,1100,0
426,10,3,2700,1100,810
427,9,1,3500,1500,700
427,4,1,7200,4200,720
428,16,1,1600,500,320
428,3,1,4500,2200,0
428,11,1,3400,1300,0
429,10,1,2700,1100,0
430,16,1,1600,500,0
430,10,1,2700,1100,540
430,7,1,3800,1600,760
431,2,1,6500,3900,0
431,17,1,2500,900,250
431,14,1,3000,1100,0
432,8,1,2900,1200,0
432,13,1,2200,700,0
433,7,1,3800,1600,0
433,5,2,3200,1500,1280
434,10,1,2700,1100,0
434,6,1,4200,1900,0
434,7,3,3800,1600,0
434,8,2,2900,1200,0
435,14,2,3000,1100,600
435,17,1,2500,900,0
435,20,2,3900,1700,780
435,5,2,3200,1500,0
436,15,1,1800,600,0
436,10,1,2700,1100,0
436,20,1,3900,1700,0
436,19,1,1200,300,0
437,14,1,3000,1100,0
437,13,1,2200,700,0
437,12,1,2400,800,480
437,19,1,1200,300,0
438,17,1,2500,900,250
438,16,2,1600,500,320
438,12,1,2400,800,0
439,5,1,3200,1500,0
440,1,2,8900,5400,0
440,4,2,7200,4200,0
441,14,2,3000,1100,0
441,6,1,4200,1900,840
442,3,1,4500,2200,0
442,4,1,7200,4200,720
442,12,1,2400,800,0
442,5,1,3200,1500,0
443,14,1,3000,1100,300
443,6,1,4200,1900,0
443,19,2,1200,300,0
444,7,3,3800,1600,1140
444,9,1,3500,1500,700
445,3,1,4500,2200,0
445,13,1,2200,700,0
445,4,1,7200,4200,0
446,4,1,7200,4200,720
447,16,1,1600,500,0
447,20,1,3900,1700,0
447,11,1,3400,1300,0
448,12,2,2400,800,480
449,1,2,8900,5400,0
449,4,1,7200,4200,720
450,17,3,2500,900,1500
450,14,2,3000,1100,0
450,7,1,3800,1600,0
450,1,2,8900,5400,0
451,12,1,2400,800,480
452,13,1,2200,700,0
453,5,1,3200,1500,0
454,6,1,4200,1900,0
454,15,1,1800,600,180
454,4,1,7200,4200,0
454,16,1,1600,500,160
455,9,3,3500,1500,1050
455,8,1,2900,1200,580
455,20,1,3900,1700,0
455,16,2,1600,500,0
456,11,1,3400,1300,340
457,8,1,2900,1200,0
457,20,1,3900,1700,0
457,9,1,3500,1500,700
457,4,1,7200,4200,0
458,10,1,2700,1100,0
459,5,1,3200,1500,0
459,17,2,2500,900,0
459,8,2,2900,1200,0
460,5,1,3200,1500,640
460,2,1,6500,3900,1300
460,11,1,3400,1300,0
461,2,2,6500,3900,2600
461,11,1,3400,1300,340
461,5,2,3200,1500,640
461,7,2,3800,1600,760
462,1,1,8900,5400,0
462,18,1,4800,2100,0
463,10,1,2700,1100,0
463,7,2,3800,1600,0
463,18,2,4800,2100,960
464,15,1,1800,600,0
464,16,1,1600,500,160
465,5,1,3200,1500,640
466,12,3,2400,800,0
467,19,1,1200,300,0
467,14,1,3000,1100,0
467,5,1,3200,1500,320
468,15,2,1800,600,360
469,4,1,7200,4200,0
470,19,1,1200,300,0
471,13,3,2200,700,660
471,16,1,1600,500,0
472,13,1,2200,700,220
472,1,2,8900,5400,0
473,7,3,3800,1600,1140
474,18,1,4800,2100,0
475,3,1,4500,2200,450
475,18,1,4800,2100,0
476,1,2,8900,5400,0
476,8,2,2900,1200,580
476,10,1,2700,1100,0
476,2,1,6500,3900,0
477,2,1,6500,3900,0
478,20,1,3900,1700,0
478,18,1,4800,2100,0
479,13,1,2200,700,0
479,15,1,1800,600,180
480,7,1,3800,1600,0
480,12,1,2400,800,480
480,17,1,2500,900,0
481,18,1,4800,2100,0
482,5,1,3200,1500,0
482,8,3,2900,1200,0
482,9,1,3500,1500,700
483,4,1,7200,4200,0
483,17,2,2500,900,0
483,12,2,2400,800,0
483,10,1,2700,1100,270
484,16,1,1600,500,0
484,19,1,1200,300,0
484,5,1,3200,1500,320
484,9,1,3500,1500,350
485,15,2,1800,600,0
485,6,1,4200,1900,0
485,20,2,3900,1700,780
485,12,2,2400,800,0
486,3,1,4500,2200,900
486,20,1,3900,1700,0
486,19,1,1200,300,0
487,17,1,2500,900,500
487,5,2,3200,1500,640
487,16,1,1600,500,0
487,18,2,4800,2100,960
488,8,1,2900,1200,580
488,17,1,2500,900,250
488,2,1,6500,3900,0
489,2,1,6500,3900,0
489,14,1,3000,1100,600
489,16,1,1600,500,0
490,10,1,2700,1100,0
490,9,1,3500,1500,0
490,7,2,3800,1600,0
490,1,2,8900,5400,0
491,12,1,2400,800,0
492,13,1,2200,700,0
492,12,1,2400,800,0
493,1,1,8900,5400,0
493,5,1,3200,1500,320
493,9,1,3500,1500,0
493,8,3,2900,1200,870
494,1,1,8900,5400,0
494,12,1,2400,800,240
494,7,2,3800,1600,0
494,4,1,7200,4200,0
495,18,2,4800,2100,960
495,16,1,1600,500,160
495,5,1,3200,1500,320
495,11,1,3400,1300,680
496,8,1,2900,1200,290
497,16,1,1600,500,0
497,10,1,2700,1100,270
497,19,1,1200,300,0
497,20,1,3900,1700,0
498,16,1,1600,500,0
498,4,1,7200,4200,1440
499,5,1,3200,1500,0
500,3,1,4500,2200,0
500,2,1,6500,3900,1300
501,2,1,6500,3900,1300
501,10,1,2700,1100,0
501,4,2,7200,4200,0
501,9,1,3500,1500,350
502,14,1,3000,1100,600
503,18,2,4800,2100,0
504,8,1,2900,1200,0
504,9,1,3500,1500,0
504,7,1,3800,1600,0
505,7,2,3800,1600,0
505,15,1,1800,600,0
506,2,1,6500,3900,0
506,5,1,3200,1500,320
507,12,2,2400,800,0
507,15,1,1800,600,360
507,4,1,7200,4200,0
508,2,2,6500,3900,1300
508,19,1,1200,300,0
508,20,1,3900,1700,390
509,18,1,4800,2100,0
509,13,1,2200,700,0
509,19,1,1200,300,240
509,9,1,3500,1500,0
510,10,1,2700,1100,0
510,9,1,3500,1500,0
511,5,1,3200,1500,0
511,9,2,3500,1500,0
511,2,1,6500,3900,0
512,5,1,3200,1500,0
512,14,2,3000,1100,600
512,10,1,2700,1100,540
513,13,2,2200,700,0
514,8,1,2900,1200,290
514,11,2,3400,1300,0
514,9,1,3500,1500,350
514,7,1,3800,1600,760
515,7,1,3800,1600,380
515,19,1,1200,300,0
516,3,1,4500,2200,0
516,5,2,3200,1500,1280
517,20,1,3900,1700,0
518,5,1,3200,1500,0
519,4,1,7200,4200,720
520,19,1,1200,300,0
520,15,1,1800,600,180
520,6,1,4200,1900,0
520,10,2,2700,1100,0
521,5,1,3200,1500,0
521,1,1,8900,5400,0
521,8,2,2900,1200,580
521,19,1,1200,300,120
522,8,1,2900,1200,580
523,3,1,4500,2200,0
523,2,1,6500,3900,650
523,5,1,3200,1500,320
524,9,2,3500,1500,700
525,1,2,8900,5400,3560
526,15,1,1800,600,360
526,16,1,1600,500,0
526,3,3,4500,2200,0
526,4,1,7200,4200,0
527,5,1,3200,1500,0
527,8,1,2900,1200,0
527,13,2,2200,700,0
528,3,1,4500,2200,0
528,8,2,2900,1200,0
529,12,1,2400,800,240
530,18,1,4800,2100,480
530,14,1,3000,1100,0
531,14,1,3000,1100,300
532,1,1,8900,5400,0
532,5,1,3200,1500,0
533,5,1,3200,1500,0
533,17,2,2500,900,500
533,10,1,2700,1100,0
533,16,2,1600,500,0
534,14,2,3000,1100,0
534,15,1,1800,600,0
534,18,1,4800,2100,960
534,9,1,3500,1500,700
535,8,1,2900,1200,290
536,16,1,1600,500,160
536,11,1,3400,1300,0
536,13,1,2200,700,0
536,18,1,4800,2100,480
537,3,1,4500,2200,0
538,8,1,2900,1200,580
539,2,2,6500,3900,0
539,20,1,3900,1700,0
539,11,1,3400,1300,0
539,3,2,4500,2200,900
540,17,1,2500,900,250
540,4,1,7200,4200,720
540,20,1,3900,1700,0
540,5,1,3200,1500,0
541,5,3,3200,1500,0
541,6,3,4200,1900,0
542,11,1,3400,1300,340
542,10,1,2700,1100,270
543,5,1,3200,1500,640
544,18,1,4800,2100,0
544,3,2,4500,2200,0
544,16,1,1600,500,0
545,9,1,3500,1500,0
545,16,1,1600,500,0
545,20,1,3900,1700,390
545,15,1,1800,600,180
546,12,1,2400,800,0
546,3,2,4500,2200,900
546,14,1,3000,1100,0
547,5,2,3200,1500,0
548,13,1,2200,700,0
548,15,1,1800,600,0
549,13,2,2200,700,0
550,7,1,3800,1600,0
550,16,2,1600,500,0
550,4,1,7200,4200,0
550,9,3,3500,1500,1050
551,16,2,1600,500,640
551,7,1,3800,1600,0
551,2,1,6500,3900,0
551,19,1,1200,300,0
552,17,2,2500,900,0
552,7,2,3800,1600,0
552,9,2,3500,1500,0
552,6,1,4200,1900,0
553,12,1,2400,800,240
553,19,1,1200,300,120
553,13,1,2200,700,0
553,1,1,8900,5400,890
554,1,2,8900,5400,0
554,5,1,3200,1500,320
554,15,1,1800,600,0
555,15,1,1800,600,0
555,19,3,1200,300,0
556,12,3,2400,800,1440
556,7,1,3800,1600,0
557,17,1,2500,900,0
557,4,1,7200,4200,0
557,16,1,1600,500,0
558,14,1,3000,1100,0
558,12,2,2400,800,480
558,6,1,4200,1900,0
558,18,1,4800,2100,960
559,3,1,4500,2200,0
560,15,1,1800,600,180
561,15,1,1800,600,0
561,18,1,4800,2100,0
562,1,1,8900,5400,890
562,12,1,2400,800,240
562,8,2,2900,1200,0
562,17,1,2500,900,500
563,17,1,2500,900,0
563,11,1,3400,1300,0
563,19,1,1200,300,0
564,5,2,3200,1500,0
564,13,1,2200,700,0
564,6,2,4200,1900,0
564,19,1,1200,300,120
565,11,1,3400,1300,0
565,7,1,3800,1600,380
566,19,1,1200,300,120
567,6,1,4200,1900,0
567,8,1,2900,1200,290
567,19,2,1200,300,240
568,1,2,8900,5400,0
568,19,2,1200,300,0
569,3,1,4500,2200,0
570,14,1,3000,1100,600
571,15,1,1800,600,360
571,6,1,4200,1900,0
571,19,2,1200,300,0
572,6,1,4200,1900,0
573,17,1,2500,900,0
574,11,1,3400,1300,0
575,7,1,3800,1600,380
575,3,1,4500,2200,900
575,12,2,2400,800,0
575,10,1,2700,1100,270
576,6,1,4200,1900,0
576,7,1,3800,1600,0
576,16,1,1600,500,0
577,3,2,4500,2200,1800
577,15,1,1800,600,0
577,6,1,4200,1900,420
578,4,1,7200,4200,0
579,12,1,2400,800,0
579,20,1,3900,1700,390
580,8,1,2900,1200,0
580,18,1,4800,2100,0
580,3,1,4500,2200,0
581,14,1,3000,1100,300
581,11,1,3400,1300,680
581,19,1,1200,300,0
581,7,1,3800,1600,0
582,19,3,1200,300,720
583,18,2,4800,2100,0
584,10,1,2700,1100,0
584,9,1,3500,1500,0
584,11,1,3400,1300,340
584,12,1,2400,800,240
585,1,1,8900,5400,890
586,8,1,2900,1200,290
586,6,2,4200,1900,0
586,3,1,4500,2200,450
586,7,1,3800,1600,380
587,9,1,3500,1500,0
588,19,1,1200,300,0
588,15,1,1800,600,0
589,4,1,7200,4200,720
589,17,3,2500,900,0
589,19,1,1200,300,0
589,8,1,2900,1200,0
590,7,1,3800,1600,0
590,3,1,4500,2200,450
591,11,1,3400,1300,0
592,15,1,1800,600,0
592,5,2,3200,1500,0
592,17,1,2500,900,0
593,14,3,3000,1100,0
593,6,1,4200,1900,0
593,10,1,2700,1100,0
594,16,1,1600,500,0
595,14,1,3000,1100,0
595,7,1,3800,1600,0
595,5,1,3200,1500,0
596,7,1,3800,1600,0
596,13,1,2200,700,0
596,6,1,4200,1900,0
597,19,1,1200,300,0
598,13,1,2200,700,220
598,20,1,3900,1700,0
598,4,2,7200,4200,0
598,8,1,2900,1200,0
599,10,1,2700,1100,0
599,8,1,2900,1200,0
599,6,3,4200,1900,1260
599,11,1,3400,1300,0
600,20,1,3900,1700,0
601,2,2,6500,3900,0
602,5,1,3200,1500,320
602,4,1,7200,4200,0
603,9,2,3500,1500,0
603,12,1,2400,800,0
603,15,1,1800,600,180
603,1,2,8900,5400,0
604,5,3,3200,1500,960
605,8,1,2900,1200,290
606,13,3,2200,700,660
606,4,1,7200,4200,720
607,9,2,3500,1500,0
607,12,1,2400,800,480
608,20,2,3900,1700,0
608,4,2,7200,4200,0
608,14,1,3000,1100,0
609,17,1,2500,900,250
609,10,1,2700,1100,0
610,10,1,2700,1100,0
610,19,1,1200,300,0
611,10,1,2700,1100,0
611,17,1,2500,900,500
611,18,1,4800,2100,0
612,8,1,2900,1200,580
612,13,2,2200,700,880
612,14,1,3000,1100,0
613,7,1,3800,1600,0
613,9,1,3500,1500,0
614,13,1,2200,700,0
614,14,1,3000,1100,0
615,15,1,1800,600,0
615,14,3,3000,1100,0
615,19,2,1200,300,0
615,20,1,3900,1700,0
616,2,1,6500,3900,0
616,13,2,2200,700,440
616,5,1,3200,1500,0
617,11,1,3400,1300,340
618,4,1,7200,4200,720
619,18,1,4800,2100,480
619,16,1,1600,500,0
620,16,1,1600,500,0
621,17,1,2500,900,0
622,2,1,6500,3900,0
622,4,1,7200,4200,720
622,10,1,2700,1100,0
622,13,1,2200,700,220
623,5,1,3200,1500,320
623,8,1,2900,1200,0
624,12,1,2400,800,0
624,9,1,3500,1500,0
624,13,1,2200,700,0
624,18,1,4800,2100,0
625,2,2,6500,3900,0
625,12,1,2400,800,0
625,5,1,3200,1500,320
625,15,1,1800,600,360
626,12,1,2400,800,240
626,19,2,1200,300,0
627,16,1,1600,500,0
628,5,1,3200,1500,320
628,11,1,3400,1300,0
628,12,1,2400,800,0
629,11,2,3400,1300,0
629,8,2,2900,1200,580
629,19,1,1200,300,0
629,4,1,7200,4200,0
630,20,1,3900,1700,390
630,1,1,8900,5400,1780
630,6,1,4200,1900,0
631,7,1,3800,1600,0
631,6,2,4200,1900,0
632,2,2,6500,3900,0
632,5,1,3200,1500,0
633,7,1,3800,1600,0
633,20,1,3900,1700,0
633,16,1,1600,500,0
633,17,1,2500,900,0
634,4,1,7200,4200,0
635,9,1,3500,1500,350
635,13,3,2200,700,0
635,12,1,2400,800,240
636,18,1,4800,2100,0
637,2,1,6500,3900,0
638,18,2,4800,2100,960
638,11,2,3400,1300,0
639,12,3,2400,800,1440
640,5,1,3200,1500,0
640,9,1,3500,1500,0
640,2,1,6500,3900,650
640,4,3,7200,4200,0
641,18,1,4800,2100,480
641,13,1,2200,700,0
642,18,1,4800,2100,0
642,5,2,3200,1500,0
642,4,1,7200,4200,1440
642,15,1,1800,600,0
643,1,2,8900,5400,0
644,10,1,2700,1100,0
644,2,2,6500,3900,2600
645,3,1,4500,2200,900
646,8,2,2900,1200,580
646,15,1,1800,600,180
646,10,1,2700,1100,0
647,14,1,3000,1100,600
647,16,2,1600,500,0
647,9,1,3500,1500,0
648,2,1,6500,3900,0
648,8,1,2900,1200,0
649,10,2,2700,1100,0
649,3,1,4500,2200,0
649,2,1,6500,3900,0
649,9,1,3500,1500,350
650,1,2,8900,5400,0
650,11,2,3400,1300,0
650,9,2,3500,1500,0
651,4,1,7200,4200,1440
652,14,1,3000,1100,0
652,19,1,1200,300,240
652,17,1,2500,900,0
652,9,2,3500,1500,1400
653,11,1,3400,1300,0
653,19,1,1200,300,0
653,13,1,2200,700,220
654,9,1,3500,1500,0
654,6,1,4200,1900,840
654,15,1,1800,600,180
655,9,2,3500,1500,0
656,9,1,3500,1500,0
656,16,2,1600,500,320
656,5,1,3200,1500,320
657,2,1,6500,3900,650
657,18,1,4800,2100,0
657,8,1,2900,1200,290
658,12,1,2400,800,0
658,4,1,7200,4200,0
659,3,1,4500,2200,0
659,14,1,3000,1100,600
659,10,2,2700,1100,0
659,5,2,3200,1500,0
660,19,1,1200,300,0
660,1,1,8900,5400,890
661,7,1,3800,1600,0
661,13,2,2200,700,0
661,2,3,6500,3900,3900
662,18,1,4800,2100,480
662,4,1,7200,4200,0
662,17,1,2500,900,0
662,2,2,6500,3900,0
663,11,1,3400,1300,340
663,4,1,7200,4200,0
663,8,1,2900,1200,580
663,15,1,1800,600,0
664,18,2,4800,2100,0
664,8,1,2900,1200,0
665,3,1,4500,2200,0
666,6,1,4200,1900,0
666,15,1,1800,600,0
667,14,1,3000,1100,0
668,14,1,3000,1100,0
668,12,1,2400,800,0
668,5,2,3200,1500,0
668,13,1,2200,700,0
669,15,1,1800,600,0
669,14,2,3000,1100,600
669,20,1,3900,1700,390
670,5,2,3200,1500,0
671,15,1,1800,600,0
671,6,2,4200,1900,0
671,17,1,2500,900,0
672,10,2,2700,1100,1080
672,11,1,3400,1300,680
672,13,2,2200,700,440
672,19,1,1200,300,0
673,6,1,4200,1900,0
673,4,2,7200,4200,0
673,10,2,2700,1100,1080
674,5,1,3200,1500,0
674,4,1,7200,4200,0
674,7,1,3800,1600,380
675,12,1,2400,800,480
676,15,2,1800,600,360
676,10,2,2700,1100,0
677,9,3,3500,1500,1050
677,4,1,7200,4200,0
678,15,1,1800,600,0
678,17,2,2500,900,0
678,3,2,4500,2200,900
679,1,1,8900,5400,0
680,16,2,1600,500,320
680,5,1,3200,1500,0
680,20,2,3900,1700,1560
681,3,1,4500,2200,0
681,16,1,1600,500,0
681,18,1,4800,2100,0
681,7,1,3800,1600,0
682,16,1,1600,500,0
682,20,1,3900,1700,0
682,13,3,2200,700,660
683,8,1,2900,1200,580
683,14,1,3000,1100,0
683,4,1,7200,4200,0
684,20,1,3900,1700,0
684,14,2,3000,1100,600
684,8,1,2900,1200,290
684,1,1,8900,5400,0
685,2,1,6500,3900,0
685,9,2,3500,1500,0
685,16,1,1600,500,0
686,20,1,3900,1700,0
687,3,1,4500,2200,0
687,11,1,3400,1300,0
687,12,1,2400,800,0
687,20,2,3900,1700,0
688,7,1,3800,1600,0
688,18,2,4800,2100,0
688,8,1,2900,1200,0
688,1,1,8900,5400,0
689,9,1,3500,1500,350
690,3,1,4500,2200,450
690,20,1,3900,1700,0
690,19,1,1200,300,0
691,7,1,3800,1600,0
691,10,1,2700,1100,0
691,11,1,3400,1300,340
691,14,1,3000,1100,0
692,16,1,1600,500,0
692,10,3,2700,1100,810
692,18,3,4800,2100,1440
693,13,2,2200,700,0
694,5,1,3200,1500,0
694,3,2,4500,2200,0
694,4,1,7200,4200,0
695,2,1,6500,3900,0
695,16,1,1600,500,0
696,9,1,3500,1500,350
697,11,1,3400,1300,0
697,15,2,1800,600,720
698,13,1,2200,700,0
699,4,1,7200,4200,720
699,2,1,6500,3900,650
699,14,1,3000,1100,0
699,16,1,1600,500,0
700,17,1,2500,900,0
700,11,1,3400,1300,340
700,12,2,2400,800,960
701,7,1,3800,1600,380
701,11,1,3400,1300,0
701,5,1,3200,1500,0
701,6,3,4200,1900,0
702,11,1,3400,1300,0
702,4,1,7200,4200,720
702,2,1,6500,3900,0
702,15,1,1800,600,0
703,12,1,2400,800,0
703,13,1,2200,700,0
703,9,1,3500,1500,0
704,11,1,3400,1300,0
704,19,1,1200,300,0
704,9,2,3500,1500,0
704,16,1,1600,500,0
705,5,1,3200,1500,0
706,8,1,2900,1200,0
707,17,3,2500,900,1500
707,3,2,4500,2200,900
707,7,2,3800,1600,0
708,18,2,4800,2100,960
709,12,1,2400,800,0
709,14,1,3000,1100,0
709,7,1,3800,1600,0
709,18,1,4800,2100,0
710,20,1,3900,1700,0
711,9,2,3500,1500,1400
711,2,3,6500,3900,0
711,1,1,8900,5400,0
712,2,1,6500,3900,0
713,3,2,4500,2200,0
713,14,1,3000,1100,300
714,20,1,3900,1700,390
714,1,2,8900,5400,1780
715,17,1,2500,900,250
715,1,1,8900,5400,0
715,13,2,2200,700,0
716,20,1,3900,1700,0
716,7,2,3800,1600,1520
716,17,1,2500,900,0
717,19,2,1200,300,0
718,11,1,3400,1300,0
718,19,1,1200,300,0
719,10,1,2700,1100,270
719,7,1,3800,1600,0
720,14,1,3000,1100,0
720,8,3,2900,1200,0
720,7,1,3800,1600,0
721,6,1,4200,1900,0
721,2,1,6500,3900,0
721,13,2,2200,700,440
721,5,1,3200,1500,320
722,3,1,4500,2200,0
722,17,1,2500,900,0
722,7,1,3800,1600,0
723,19,1,1200,300,120
723,2,1,6500,3900,0
723,11,1,3400,1300,0
723,4,1,7200,4200,1440
724,15,2,1800,600,0
725,8,1,2900,1200,0
725,9,1,3500,1500,700
725,12,1,2400,800,480
725,11,2,3400,1300,0
726,19,1,1200,300,0
726,1,1,8900,5400,890
726,6,1,4200,1900,840
726,17,1,2500,900,0
727,10,2,2700,1100,0
728,5,1,3200,1500,0
729,14,1,3000,1100,0
729,3,1,4500,2200,450
730,18,1,4800,2100,480
730,13,1,2200,700,220
730,7,1,3800,1600,0
730,16,2,1600,500,0
731,20,1,3900,1700,390
731,13,3,2200,700,0
731,18,2,4800,2100,0
731,3,1,4500,2200,0
732,3,1,4500,2200,0
732,8,1,2900,1200,0
732,5,1,3200,1500,0
732,16,1,1600,500,0
733,6,2,4200,1900,0
733,20,1,3900,1700,390
733,13,1,2200,700,220
733,17,2,2500,900,0
734,1,2,8900,5400,0
734,16,1,1600,500,0
734,13,1,2200,700,220
734,14,1,3000,1100,0
735,4,1,7200,4200,0
735,6,1,4200,1900,0
735,14,1,3000,1100,600
736,14,1,3000,1100,300
736,2,1,6500,3900,0
736,15,1,1800,600,0
736,10,1,2700,1100,270
737,10,1,2700,1100,0
737,12,1,2400,800,0
738,8,1,2900,1200,0
738,6,1,4200,1900,420
738,3,1,4500,2200,0
738,4,1,7200,4200,1440
739,2,1,6500,3900,0
739,3,1,4500,2200,450
739,11,1,3400,1300,0
739,12,1,2400,800,0
740,6,3,4200,1900,0
741,4,1,7200,4200,0
741,7,2,3800,1600,760
741,9,1,3500,1500,0
741,10,1,2700,1100,540
742,17,2,2500,900,500
742,2,1,6500,3900,0
742,13,1,2200,700,0
743,4,1,7200,4200,0
743,8,1,2900,1200,0
743,19,1,1200,300,120
744,16,1,1600,500,0
744,18,1,4800,2100,0
744,1,1,8900,5400,0
744,11,1,3400,1300,340
745,16,1,1600,500,0
746,10,1,2700,1100,0
746,11,1,3400,1300,0
746,15,1,1800,600,0
747,8,1,2900,1200,580
747,13,1,2200,700,0
747,18,1,4800,2100,0
747,5,1,3200,1500,320
748,18,1,4800,2100,0
748,14,1,3000,1100,0
748,12,1,2400,800,240
748,7,3,3800,1600,1140
749,13,2,2200,700,0
749,16,2,1600,500,0
750,15,1,1800,600,180
750,6,3,4200,1900,0
750,4,1,7200,4200,0
751,20,1,3900,1700,0
752,3,1,4500,2200,450
752,12,2,2400,800,0
752,1,1,8900,5400,890
752,13,1,2200,700,440
753,1,1,8900,5400,0
754,6,1,4200,1900,0
754,15,1,1800,600,0
755,1,1,8900,5400,890
756,3,1,4500,2200,0
756,14,3,3000,1100,900
756,9,1,3500,1500,350
756,4,1,7200,4200,720
757,13,1,2200,700,0
757,17,1,2500,900,0
757,15,2,1800,600,360
758,5,1,3200,1500,0
758,8,1,2900,1200,0
758,16,2,1600,500,0
759,11,1,3400,1300,340
759,15,1,1800,600,0
759,9,1,3500,1500,0
759,18,1,4800,2100,0
760,16,1,1600,500,160
760,15,1,1800,600,0
760,10,2,2700,1100,0
761,5,1,3200,1500,320
761,19,1,1200,300,240
761,1,1,8900,5400,0
762,17,2,2500,900,0
762,12,1,2400,800,0
762,13,1,2200,700,220
763,10,1,2700,1100,0
763,7,2,3800,1600,760
764,17,2,2500,900,500
765,11,1,3400,1300,0
766,2,1,6500,3900,0
767,8,1,2900,1200,580
767,15,1,1800,600,0
768,5,1,3200,1500,0
769,15,1,1800,600,0
769,4,1,7200,4200,0
769,18,1,4800,2100,0
769,2,1,6500,3900,0
770,4,3,7200,4200,0
770,15,1,1800,600,0
770,7,1,3800,1600,0
770,19,1,1200,300,0
771,11,1,3400,1300,0
771,9,1,3500,1500,0
772,17,1,2500,900,0
772,16,1,1600,500,0
772,19,2,1200,300,0
773,4,1,7200,4200,0
773,8,1,2900,1200,0
774,19,1,1200,300,0
774,5,1,3200,1500,0
775,20,2,3900,1700,0
775,14,2,3000,1100,0
775,9,1,3500,1500,0
775,8,1,2900,1200,290
776,1,1,8900,5400,890
776,13,3,2200,700,660
776,2,1,6500,3900,650
776,14,1,3000,1100,300
777,13,2,2200,700,0
777,11,1,3400,1300,0
777,18,1,4800,2100,0
777,7,1,3800,1600,760
778,13,1,2200,700,440
779,2,1,6500,3900,0
779,4,2,7200,4200,0
779,20,1,3900,1700,390
779,11,1,3400,1300,340
780,19,1,1200,300,0
780,7,1,3800,1600,380
780,18,1,4800,2100,0
781,11,3,3400,1300,0
782,11,1,3400,1300,0
782,15,1,1800,600,360
783,5,1,3200,1500,0
784,17,1,2500,900,0
785,18,1,4800,2100,0
785,16,1,1600,500,0
785,10,3,2700,1100,810
786,19,2,1200,300,0
787,9,1,3500,1500,0
787,15,1,1800,600,0
787,19,1,1200,300,120
787,5,2,3200,1500,0
788,1,1,8900,5400,0
788,20,1,3900,1700,390
788,8,1,2900,1200,0
788,11,1,3400,1300,340
789,7,1,3800,1600,0
789,5,1,3200,1500,0
790,3,2,4500,2200,900
790,11,1,3400,1300,0
790,19,3,1200,300,0
791,15,2,1800,600,0
791,4,1,7200,4200,720
792,13,1,2200,700,0
792,7,3,3800,1600,0
792,19,1,1200,300,0
792,20,1,3900,1700,0
793,14,3,3000,1100,900
793,7,1,3800,1600,0
793,19,1,1200,300,0
794,12,1,2400,800,0
795,8,2,2900,1200,0
795,3,3,4500,2200,1350
795,13,2,2200,700,0
796,17,1,2500,900,0
796,5,1,3200,1500,0
797,20,1,3900,1700,0
797,14,1,3000,1100,0
797,6,2,4200,1900,840
798,1,1,8900,5400,0
798,16,1,1600,500,160
799,1,1,8900,5400,0
799,16,1,1600,500,0
799,2,2,6500,3900,1300
800,3,3,4500,2200,0
800,14,1,3000,1100,600
801,10,1,2700,1100,270
802,20,1,3900,1700,390
802,4,1,7200,4200,0
802,16,1,1600,500,160
803,13,1,2200,700,0
804,11,1,3400,1300,680
804,15,1,1800,600,180
804,17,1,2500,900,0
805,13,1,2200,700,220
806,6,1,4200,1900,0
806,13,1,2200,700,0
807,15,1,1800,600,0
807,7,1,3800,1600,380
807,20,2,3900,1700,0
807,9,2,3500,1500,0
808,4,1,7200,4200,0
808,11,1,3400,1300,680
808,17,1,2500,900,0
808,9,1,3500,1500,0
809,10,1,2700,1100,540
809,15,3,1800,600,1080
809,14,1,3000,1100,300
810,1,1,8900,5400,0
810,7,1,3800,1600,0
811,18,1,4800,2100,0
811,8,1,2900,1200,0
811,17,2,2500,900,0
812,7,1,3800,1600,760
812,9,3,3500,1500,1050
812,2,1,6500,3900,0
812,13,2,2200,700,0
813,20,1,3900,1700,0
813,3,1,4500,2200,450
814,13,1,2200,700,0
814,6,1,4200,1900,420
815,13,1,2200,700,0
815,4,1,7200,4200,0
816,4,1,7200,4200,0
817,10,1,2700,1100,270
817,4,2,7200,4200,1440
817,18,2,4800,2100,1920
817,15,1,1800,600,180
818,16,1,1600,500,0
818,10,3,2700,1100,0
819,14,2,3000,1100,0
819,20,1,3900,1700,0
819,2,1,6500,3900,0
819,4,1,7200,4200,720
820,8,1,2900,1200,290
820,19,1,1200,300,120
820,16,1,1600,500,0
820,20,2,3900,1700,0
821,20,1,3900,1700,390
822,8,1,2900,1200,290
823,12,1,2400,800,0
824,14,1,3000,1100,600
824,1,1,8900,5400,1780
824,7,2,3800,1600,760
824,6,2,4200,1900,0
825,9,2,3500,1500,0
825,15,1,1800,600,0
826,13,2,2200,700,440
826,12,1,2400,800,0
826,6,1,4200,1900,420
827,13,1,2200,700,0
828,12,2,2400,800,960
828,11,1,3400,1300,0
828,15,1,1800,600,360
828,20,1,3900,1700,0
829,7,1,3800,1600,380
830,5,1,3200,1500,0
830,11,1,3400,1300,340
830,18,1,4800,2100,480
831,11,3,3400,1300,0
832,1,2,8900,5400,3560
832,16,1,1600,500,0
832,8,1,2900,1200,0
833,15,1,1800,600,180
833,14,1,3000,1100,0
833,18,2,4800,2100,1920
833,7,1,3800,1600,380
834,12,1,2400,800,0
834,8,1,2900,1200,0
834,11,2,3400,1300,680
835,18,1,4800,2100,480
835,11,1,3400,1300,0
835,4,3,7200,4200,0
835,8,1,2900,1200,0
836,6,1,4200,1900,0
837,3,1,4500,2200,450
837,12,1,2400,800,480
838,5,1,3200,1500,320
838,13,1,2200,700,0
838,7,2,3800,1600,0
838,15,1,1800,600,180
839,12,1,2400,800,240
840,7,3,3800,1600,1140
840,8,3,2900,1200,870
841,11,1,3400,1300,680
842,13,1,2200,700,0
842,16,1,1600,500,0
842,5,1,3200,1500,0
842,11,1,3400,1300,0
843,15,1,1800,600,180
843,4,1,7200,4200,0
843,17,1,2500,900,0
844,11,1,3400,1300,0
845,6,1,4200,1900,0
846,5,1,3200,1500,0
847,17,2,2500,900,0
847,5,1,3200,1500,640
848,10,1,2700,1100,0
848,4,1,7200,4200,0
848,12,1,2400,800,0
849,15,1,1800,600,0
849,4,1,7200,4200,720
849,18,1,4800,2100,0
849,3,1,4500,2200,900
850,17,1,2500,900,250
851,18,1,4800,2100,480
851,7,1,3800,1600,0
851,10,1,2700,1100,0
851,11,1,3400,1300,0
852,16,1,1600,500,0
852,10,2,2700,1100,0
852,2,1,6500,3900,1300
853,18,1,4800,2100,960
854,14,1,3000,1100,0
855,7,1,3800,1600,760
856,16,1,1600,500,0
856,7,1,3800,1600,0
857,8,1,2900,1200,580
858,12,1,2400,800,0
858,13,1,2200,700,220
859,7,1,3800,1600,0
859,9,1,3500,1500,0
859,14,2,3000,1100,600
860,2,1,6500,3900,0
860,15,1,1800,600,180
860,5,1,3200,1500,0
860,8,1,2900,1200,290
861,10,2,2700,1100,0
861,18,2,4800,2100,0
861,20,2,3900,1700,0
861,19,1,1200,300,120
862,16,1,1600,500,0
862,4,1,7200,4200,720
862,19,1,1200,300,0
862,8,1,2900,1200,290
863,7,1,3800,1600,0
863,11,1,3400,1300,340
864,2,1,6500,3900,1300
864,13,1,2200,700,0
865,1,1,8900,5400,0
865,15,1,1800,600,0
865,3,1,4500,2200,0
865,8,1,2900,1200,0
866,12,2,2400,800,480
866,2,1,6500,3900,0
866,5,1,3200,1500,0
867,19,1,1200,300,0
868,10,1,2700,1100,0
868,13,1,2200,700,440
868,15,1,1800,600,360
868,8,1,2900,1200,0
869,13,2,2200,700,0
869,9,1,3500,1500,350
870,13,2,2200,700,0
870,5,2,3200,1500,0
871,15,1,1800,600,0
871,12,1,2400,800,0
871,11,1,3400,1300,0
871,18,2,4800,2100,960
872,12,1,2400,800,0
872,10,1,2700,1100,0
872,7,2,3800,1600,760
872,13,1,2200,700,0
873,17,1,2500,900,0
873,14,1,3000,1100,0
873,6,3,4200,1900,1260
873,15,2,1800,600,0
874,11,2,3400,1300,0
874,15,1,1800,600,180
874,8,1,2900,1200,0
874,5,1,3200,1500,0
875,11,2,3400,1300,0
876,10,1,2700,1100,540
876,3,1,4500,2200,450
877,4,2,7200,4200,0
877,18,1,4800,2100,0
877,6,1,4200,1900,0
878,8,2,2900,1200,0
878,4,1,7200,4200,720
878,5,1,3200,1500,0
879,15,1,1800,600,0
879,19,1,1200,300,120
879,6,1,4200,1900,0
880,20,1,3900,1700,780
880,10,1,2700,1100,540
881,10,1,2700,1100,270
881,3,1,4500,2200,450
881,12,1,2400,800,0
882,16,1,1600,500,0
883,14,1,3000,1100,300
883,11,1,3400,1300,0
883,2,1,6500,3900,0
883,9,3,3500,1500,0
884,16,1,1600,500,160
884,13,1,2200,700,0
885,14,1,3000,1100,0
885,11,1,3400,1300,0
885,5,2,3200,1500,1280
885,12,1,2400,800,240
886,5,2,3200,1500,0
887,3,1,4500,2200,0
887,20,2,3900,1700,780
888,11,1,3400,1300,0
888,4,1,7200,4200,0
888,19,1,1200,300,240
888,2,1,6500,3900,650
889,11,2,3400,1300,680
889,17,1,2500,900,250
889,7,1,3800,1600,380
889,16,1,1600,500,160
890,7,1,3800,1600,0
890,9,3,3500,1500,1050
891,8,1,2900,1200,0
891,6,1,4200,1900,0
891,13,1,2200,700,0
892,9,1,3500,1500,0
893,20,2,3900,1700,0
894,3,1,4500,2200,450
895,19,1,1200,300,120
896,16,1,1600,500,320
896,10,1,2700,1100,0
896,20,1,3900,1700,0
897,15,1,1800,600,180
897,20,1,3900,1700,0
897,19,1,1200,300,0
897,5,3,3200,1500,0
898,5,2,3200,1500,0
898,19,1,1200,300,0
899,6,1,4200,1900,0
899,10,1,2700,1100,0
899,18,2,4800,2100,0
899,9,3,3500,1500,0
900,20,1,3900,1700,0
900,10,1,2700,1100,0
900,5,3,3200,1500,0
900,8,1,2900,1200,0
901,17,1,2500,900,0
901,10,1,2700,1100,0
902,12,2,2400,800,480
902,14,2,3000,1100,1200
902,8,1,2900,1200,580
902,7,1,3800,1600,0
903,5,2,3200,1500,0
903,11,2,3400,1300,680
904,19,1,1200,300,0
904,16,2,1600,500,0
904,1,1,8900,5400,0
904,11,1,3400,1300,340
905,7,2,3800,1600,0
905,9,1,3500,1500,0
905,5,1,3200,1500,320
905,12,1,2400,800,0
906,20,2,3900,1700,0
906,18,3,4800,2100,0
906,7,1,3800,1600,380
907,8,1,2900,1200,290
907,13,1,2200,700,0
907,14,1,3000,1100,0
908,5,1,3200,1500,320
908,15,1,1800,600,0
908,13,1,2200,700,220
908,6,1,4200,1900,0
909,11,1,3400,1300,0
910,14,1,3000,1100,0
911,11,2,3400,1300,0
911,19,1,1200,300,0
911,2,1,6500,3900,0
912,3,3,4500,2200,0
912,12,1,2400,800,240
913,13,2,2200,700,0
913,5,1,3200,1500,640
913,18,1,4800,2100,0
913,3,1,4500,2200,0
914,2,2,6500,3900,2600
914,20,1,3900,1700,0
914,8,1,2900,1200,0
914,18,1,4800,2100,0
915,18,1,4800,2100,0
915,3,1,4500,2200,0
915,2,1,6500,3900,0
915,7,1,3800,1600,380
916,20,1,3900,1700,0
917,11,2,3400,1300,0
917,7,1,3800,1600,0
917,20,1,3900,1700,780
918,4,1,7200,4200,0
918,2,2,6500,3900,0
919,19,1,1200,300,0
919,10,1,2700,1100,0
920,10,1,2700,1100,270
921,11,2,3400,1300,0
921,15,1,1800,600,180
921,13,1,2200,700,440
921,6,1,4200,1900,0
922,9,2,3500,1500,0
923,2,1,6500,3900,0
924,14,2,3000,1100,600
924,1,1,8900,5400,0
924,10,2,2700,1100,540
925,16,1,1600,500,0
926,9,1,3500,1500,350
926,1,1,8900,5400,0
926,16,1,1600,500,0
927,19,2,1200,300,240
928,16,1,1600,500,0
928,7,2,3800,1600,0
928,9,1,3500,1500,0
929,18,1,4800,2100,0
929,16,1,1600,500,160
929,8,1,2900,1200,0
929,2,2,6500,3900,1300
930,14,1,3000,1100,600
930,6,2,4200,1900,0
930,13,1,2200,700,220
931,3,2,4500,2200,0
931,9,1,3500,1500,0
931,5,1,3200,1500,320
931,11,1,3400,1300,680
932,19,3,1200,300,360
932,5,2,3200,1500,0
933,17,1,2500,900,0
934,11,1,3400,1300,340
934,16,2,1600,500,0
935,19,1,1200,300,120
935,12,3,2400,800,0
936,1,2,8900,5400,0
936,17,2,2500,900,500
937,18,3,4800,2100,0
937,4,1,7200,4200,0
938,3,1,4500,2200,900
939,20,1,3900,1700,0
940,20,3,3900,1700,0
940,19,1,1200,300,0
940,2,1,6500,3900,650
940,16,2,1600,500,320
941,16,1,1600,500,0
941,1,2,8900,5400,0
941,13,1,2200,700,0
942,15,1,1800,600,0
943,18,1,4800,2100,0
943,15,1,1800,600,0
943,7,1,3800,1600,0
944,9,1,3500,1500,0
944,19,1,1200,300,0
944,13,1,2200,700,220
944,2,1,6500,3900,0
945,7,1,3800,1600,0
946,13,1,2200,700,0
946,2,2,6500,3900,0
947,4,1,7200,4200,0
948,12,2,2400,800,0
948,14,1,3000,1100,0
948,1,1,8900,5400,0
948,17,1,2500,900,0
949,16,2,1600,500,640
949,13,2,2200,700,0
949,17,1,2500,900,0
950,18,1,4800,2100,480
950,9,1,3500,1500,0
950,16,1,1600,500,0
951,1,2,8900,5400,0
951,12,1,2400,800,0
951,2,1,6500,3900,650
951,17,1,2500,900,500
952,16,1,1600,500,0
952,20,1,3900,1700,390
952,7,1,3800,1600,380
952,4,2,7200,4200,0
953,19,1,1200,300,0
954,9,1,3500,1500,0
954,14,2,3000,1100,600
955,13,1,2200,700,0
955,15,1,1800,600,180
955,8,2,2900,1200,0
956,16,1,1600,500,0
956,3,1,4500,2200,450
956,14,2,3000,1100,600
957,11,2,3400,1300,680
957,10,1,2700,1100,0
957,18,2,4800,2100,960
957,20,1,3900,1700,0
958,16,1,1600,500,0
958,11,1,3400,1300,0
959,10,1,2700,1100,540
959,17,2,2500,900,0
959,8,1,2900,1200,0
960,9,2,3500,1500,700
960,14,1,3000,1100,300
960,7,1,3800,1600,380
961,15,1,1800,600,0
961,19,1,1200,300,0
962,6,1,4200,1900,0
962,16,1,1600,500,0
962,12,1,2400,800,0
963,18,1,4800,2100,960
963,13,2,2200,700,0
963,1,3,8900,5400,0
963,3,1,4500,2200,0
964,20,1,3900,1700,0
964,4,1,7200,4200,0
964,16,2,1600,500,0
964,14,2,3000,1100,0
965,14,1,3000,1100,300
966,10,1,2700,1100,0
966,14,1,3000,1100,0
966,8,1,2900,1200,290
967,6,1,4200,1900,0
967,13,3,2200,700,0
968,4,1,7200,4200,0
968,20,1,3900,1700,0
968,8,1,2900,1200,0
968,14,1,3000,1100,0
969,7,1,3800,1600,0
969,8,1,2900,1200,290
969,4,2,7200,4200,1440
969,3,1,4500,2200,450
970,11,1,3400,1300,0
970,1,1,8900,5400,0
970,16,1,1600,500,0
971,7,1,3800,1600,0
971,20,1,3900,1700,0
971,11,1,3400,1300,0
971,12,1,2400,800,480
972,13,1,2200,700,0
973,3,1,4500,2200,0
973,14,3,3000,1100,0
973,9,1,3500,1500,350
973,12,1,2400,800,0
974,12,1,2400,800,0
974,2,1,6500,3900,0
974,8,1,2900,1200,0
974,3,1,4500,2200,0
975,8,1,2900,1200,0
975,14,1,3000,1100,0
976,10,1,2700,1100,0
976,18,1,4800,2100,0
977,4,1,7200,4200,720
978,6,2,4200,1900,0
978,5,1,3200,1500,320
978,18,2,4800,2100,0
979,5,1,3200,1500,0
979,6,2,4200,1900,840
979,2,1,6500,3900,0
979,16,1,1600,500,0
980,3,3,4500,2200,0
981,18,1,4800,2100,0
981,20,1,3900,1700,390
981,13,1,2200,700,220
981,17,1,2500,900,0
982,5,1,3200,1500,0
982,2,1,6500,3900,0
982,7,1,3800,1600,0
982,3,1,4500,2200,0
983,15,2,1800,600,360
983,19,1,1200,300,0
984,9,1,3500,1500,0
984,16,1,1600,500,0
984,13,3,2200,700,0
984,15,1,1800,600,0
985,13,1,2200,700,0
985,14,1,3000,1100,600
985,3,2,4500,2200,0
985,10,1,2700,1100,0
986,5,1,3200,1500,0
987,1,1,8900,5400,0
987,15,1,1800,600,0
987,13,1,2200,700,220
988,14,1,3000,1100,600
988,17,2,2500,900,0
988,2,1,6500,3900,0
988,19,1,1200,300,0
989,9,1,3500,1500,0
989,13,1,2200,700,0
989,8,1,2900,1200,290
989,2,2,6500,3900,0
990,3,1,4500,2200,0
991,6,1,4200,1900,420
991,16,1,1600,500,160
991,4,1,7200,4200,0
991,3,3,4500,2200,0
992,11,1,3400,1300,340
992,17,1,2500,900,250
992,5,2,3200,1500,640
993,9,1,3500,1500,350
993,11,1,3400,1300,680
993,17,1,2500,900,250
993,10,1,2700,1100,0
994,15,2,1800,600,360
994,5,1,3200,1500,0
995,8,1,2900,1200,0
996,14,1,3000,1100,0
997,4,1,7200,4200,1440
997,10,2,2700,1100,0
997,8,1,2900,1200,0
998,11,1,3400,1300,0
998,6,2,4200,1900,0
999,16,1,1600,500,0
999,3,1,4500,2200,900
999,5,1,3200,1500,320
999,2,2,6500,3900,0
1000,11,3,3400,1300,0
1000,4,1,7200,4200,0
1000,2,2,6500,3900,1300
1001,9,1,3500,1500,0
1002,3,1,4500,2200,0
1002,15,1,1800,600,180
1003,2,1,6500,3900,650
1003,13,2,2200,700,0
1003,11,1,3400,1300,0
1004,10,1,2700,1100,0
1004,11,1,3400,1300,0
1005,15,1,1800,600,180
1006,16,1,1600,500,320
1006,14,1,3000,1100,300
1007,16,1,1600,500,0
1007,2,1,6500,3900,0
1008,16,1,1600,500,0
1008,15,1,1800,600,0
1009,11,2,3400,1300,0
1009,19,1,1200,300,0
1009,6,2,4200,1900,0
1009,1,1,8900,5400,0
1010,6,1,4200,1900,0
1010,14,1,3000,1100,0
1011,17,1,2500,900,250
1011,7,1,3800,1600,0
1011,19,1,1200,300,120
1011,5,3,3200,1500,0
1012,15,3,1800,600,0
1013,10,1,2700,1100,0
1014,15,2,1800,600,0
1014,19,1,1200,300,120
1014,8,2,2900,1200,580
1014,11,1,3400,1300,0
1015,8,3,2900,1200,0
1016,9,1,3500,1500,350
1017,20,3,3900,1700,0
1017,2,1,6500,3900,0
1017,16,1,1600,500,0
1018,1,1,8900,5400,0
1018,14,2,3000,1100,0
1019,10,1,2700,1100,540
1019,9,1,3500,1500,0
1020,3,3,4500,2200,1350
1021,9,3,3500,1500,0
1022,17,2,2500,900,0
1022,4,1,7200,4200,0
1022,16,2,1600,500,0
1022,9,1,3500,1500,0
1023,3,1,4500,2200,0
1024,12,2,2400,800,0
1024,1,2,8900,5400,1780
1024,11,1,3400,1300,0
1024,13,1,2200,700,0
1025,16,2,1600,500,0
1025,18,1,4800,2100,0
1026,1,1,8900,5400,890
1026,12,3,2400,800,720
1026,11,1,3400,1300,340
1027,16,1,1600,500,0
1027,20,2,3900,1700,0
1028,8,2,2900,1200,0
1028,10,2,2700,1100,0
1028,18,1,4800,2100,960
1029,9,2,3500,1500,1400
1029,11,3,3400,1300,0
1030,1,3,8900,5400,0
1031,12,1,2400,800,480
1032,19,1,1200,300,0
1032,7,1,3800,1600,0
1033,18,2,4800,2100,960
1034,4,1,7200,4200,720
1034,13,1,2200,700,0
1034,2,1,6500,3900,0
1035,16,1,1600,500,160
1036,3,1,4500,2200,0
1036,11,1,3400,1300,340
1037,6,1,4200,1900,0
1037,17,1,2500,900,250
1038,16,1,1600,500,0
1038,18,1,4800,2100,0
1039,19,1,1200,300,120
1039,14,1,3000,1100,0
1039,10,1,2700,1100,0
1039,9,3,3500,1500,0
1040,19,3,1200,300,0
1040,4,1,7200,4200,0
1041,5,1,3200,1500,320
1041,7,1,3800,1600,380
1041,9,1,3500,1500,0
1041,4,1,7200,4200,0
1042,11,1,3400,1300,340
1042,14,1,3000,1100,0
1042,13,1,2200,700,0
1043,16,2,1600,500,0
1043,20,1,3900,1700,0
1044,15,1,1800,600,0
1045,6,1,4200,1900,420
1045,14,1,3000,1100,0
1045,1,1,8900,5400,0
1046,13,1,2200,700,440
1046,9,1,3500,1500,0
1046,6,1,4200,1900,0
1046,16,2,1600,500,0
1047,17,1,2500,900,250
1047,9,2,3500,1500,700
1047,4,1,7200,4200,0
1048,8,2,2900,1200,0
1048,18,3,4800,2100,0
1048,17,3,2500,900,0
1049,1,1,8900,5400,890
1049,16,1,1600,500,0
1049,7,1,3800,1600,0
1050,4,1,7200,4200,720
1050,13,1,2200,700,220
1050,16,1,1600,500,160
1051,3,1,4500,2200,450
1052,14,1,3000,1100,600
1052,18,1,4800,2100,0
1052,3,1,4500,2200,0
1052,4,1,7200,4200,0
1053,19,1,1200,300,240
1053,15,1,1800,600,0
1053,7,1,3800,1600,0
1054,16,1,1600,500,0
1055,7,1,3800,1600,0
1055,14,2,3000,1100,0
1055,11,1,3400,1300,0
1055,4,1,7200,4200,0
1056,9,1,3500,1500,350
1057,7,1,3800,1600,0
1057,20,1,3900,1700,0
1058,12,2,2400,800,0
1058,10,1,2700,1100,270
1059,2,1,6500,3900,650
1059,18,1,4800,2100,480
1059,6,1,4200,1900,0
1060,9,1,3500,1500,350
1060,17,1,2500,900,500
1061,15,1,1800,600,0
1061,6,1,4200,1900,0
1061,18,2,4800,2100,0
1062,7,1,3800,1600,0
1063,5,2,3200,1500,0
1064,13,1,2200,700,0
1064,19,1,1200,300,0
1064,5,2,3200,1500,0
1064,2,1,6500,3900,650
1065,9,1,3500,1500,0
1066,5,1,3200,1500,0
1066,8,1,2900,1200,0
1067,15,3,1800,600,0
1067,6,1,4200,1900,0
1067,9,1,3500,1500,350
1068,11,1,3400,1300,340
1069,16,1,1600,500,160
1069,4,1,7200,4200,0
1070,12,1,2400,800,0
1070,11,2,3400,1300,0
1071,20,1,3900,1700,0
1071,19,1,1200,300,120
1072,11,1,3400,1300,0
1073,1,1,8900,5400,890
1074,17,1,2500,900,0
1074,9,1,3500,1500,0
1074,20,2,3900,1700,0
1075,6,1,4200,1900,0
1075,19,1,1200,300,0
1075,13,1,2200,700,0
1076,1,1,8900,5400,0
1076,17,2,2500,900,1000
1076,6,2,4200,1900,0
1077,9,1,3500,1500,0
1078,16,1,1600,500,160
1078,8,1,2900,1200,0
1078,17,1,2500,900,0
1078,7,1,3800,1600,380
1079,14,1,3000,1100,300
1079,10,2,2700,1100,0
1079,6,1,4200,1900,420
1080,3,2,4500,2200,0
1080,15,3,1800,600,0
1080,2,1,6500,3900,650
1081,13,1,2200,700,0
1081,8,1,2900,1200,0
1082,3,1,4500,2200,0
1083,8,1,2900,1200,0
1084,11,1,3400,1300,340
1084,5,1,3200,1500,0
1084,15,1,1800,600,0
1085,7,1,3800,1600,0
1085,12,1,2400,800,240
1086,4,1,7200,4200,0
1086,3,1,4500,2200,450
1087,8,1,2900,1200,290
1087,19,1,1200,300,0
1088,2,1,6500,3900,1300
1088,3,3,4500,2200,0
1088,19,3,1200,300,360
1088,17,2,2500,900,500
1089,7,3,3800,1600,0
1089,1,1,8900,5400,890
1090,8,1,2900,1200,0
1091,20,2,3900,1700,780
1091,4,1,7200,4200,0
1091,14,1,3000,1100,0
1092,4,2,7200,4200,0
1093,8,1,2900,1200,0
1093,13,1,2200,700,0
1094,7,1,3800,1600,0
1094,17,1,2500,900,0
1095,5,1,3200,1500,320
1095,17,2,2500,900,0
1095,18,2,4800,2100,0
1096,17,1,2500,900,0
1097,7,2,3800,1600,0
1098,1,1,8900,5400,890
1099,6,2,4200,1900,0
1100,14,1,3000,1100,0
1100,19,1,1200,300,120
1101,10,1,2700,1100,270
1101,2,1,6500,3900,0
1101,4,1,7200,4200,0
1102,14,1,3000,1100,0
1102,2,1,6500,3900,0
1103,20,2,3900,1700,0
1104,10,2,2700,1100,540
1104,19,1,1200,300,0
1104,6,2,4200,1900,0
1105,20,2,3900,1700,0
1105,19,2,1200,300,240
1105,13,1,2200,700,220
1105,10,2,2700,1100,0
1106,19,1,1200,300,0
1106,13,1,2200,700,220
1106,8,2,2900,1200,0
1107,7,1,3800,1600,380
1107,4,2,7200,4200,0
1108,14,1,3000,1100,0
1109,15,2,1800,600,720
1110,10,2,2700,1100,540
1110,18,1,4800,2100,0
1111,17,1,2500,900,0
1111,5,1,3200,1500,320
1112,4,1,7200,4200,720
1112,5,2,3200,1500,0
1112,14,2,3000,1100,0
1112,11,1,3400,1300,340
1113,12,1,2400,800,0
1113,14,1,3000,1100,300
1113,3,1,4500,2200,0
1113,7,1,3800,1600,0
1114,9,2,3500,1500,700
1115,17,2,2500,900,500
1115,9,1,3500,1500,350
1115,2,1,6500,3900,650
1116,3,1,4500,2200,0
1116,2,1,6500,3900,650
1116,4,1,7200,4200,1440
1116,13,2,2200,700,0
1117,3,2,4500,2200,0
1117,10,1,2700,1100,270
1117,20,2,3900,1700,0
1118,5,1,3200,1500,0
1118,2,2,6500,3900,0
1118,12,1,2400,800,0
1118,8,1,2900,1200,580
1119,5,1,3200,1500,0
1119,20,2,3900,1700,780
1119,12,2,2400,800,960
1119,1,2,8900,5400,3560
1120,1,1,8900,5400,0
1120,13,3,2200,700,0
1120,17,1,2500,900,0
1121,7,2,3800,1600,0
1121,12,1,2400,800,480
1122,4,1,7200,4200,0
1122,3,1,4500,2200,450
1123,5,1,3200,1500,640
1123,15,1,1800,600,0
1123,16,1,1600,500,160
1124,6,2,4200,1900,0
1125,4,1,7200,4200,0
1126,4,1,7200,4200,1440
1126,13,2,2200,700,440
1126,16,1,1600,500,0
1127,3,2,4500,2200,0
1127,16,2,1600,500,0
1128,6,1,4200,1900,0
1128,19,1,1200,300,0
1128,18,1,4800,2100,0
1128,11,2,3400,1300,680
1129,18,1,4800,2100,0
1129,11,1,3400,1300,0
1130,13,1,2200,700,0
1130,4,2,7200,4200,0
1130,15,1,1800,600,180
1130,16,1,1600,500,160
1131,3,1,4500,2200,0
1131,6,1,4200,1900,0
1132,11,1,3400,1300,0
1133,3,1,4500,2200,900
1133,17,1,2500,900,0
1134,18,1,4800,2100,480
1135,18,1,4800,2100,960
1135,1,2,8900,5400,1780
1135,6,3,4200,1900,1260
1136,17,1,2500,900,0
1136,10,2,2700,1100,0
1136,5,1,3200,1500,0
1137,2,2,6500,3900,0
1137,15,1,1800,600,0
1137,3,1,4500,2200,0
1137,12,3,2400,800,0
1138,20,1,3900,1700,0
1139,18,1,4800,2100,480
1139,5,2,3200,1500,0
1139,14,1,3000,1100,0
1139,17,3,2500,900,0
1140,13,1,2200,700,220
1141,1,1,8900,5400,0
1141,12,1,2400,800,0
1141,13,1,2200,700,0
1142,12,1,2400,800,0
1142,9,1,3500,1500,0
1142,19,1,1200,300,120
1143,18,2,4800,2100,960
1143,19,2,1200,300,0
1144,11,1,3400,1300,0
1145,16,1,1600,500,320
1145,6,1,4200,1900,840
1145,11,1,3400,1300,340
1146,4,1,7200,4200,720
1146,8,1,2900,1200,0
1146,17,1,2500,900,0
1147,20,1,3900,1700,0
1148,7,1,3800,1600,0
1149,4,2,7200,4200,0
1150,19,2,1200,300,0
1150,8,1,2900,1200,0
1150,9,1,3500,1500,0
1151,7,1,3800,1600,0
1152,8,2,2900,1200,0
1153,5,3,3200,1500,960
1153,4,1,7200,4200,0
1153,10,1,2700,1100,0
1154,20,1,3900,1700,0
1155,17,1,2500,900,250
1155,20,1,3900,1700,390
1156,14,1,3000,1100,300
1156,2,1,6500,3900,0
1156,11,2,3400,1300,0
1156,17,1,2500,900,0
1157,19,2,1200,300,0
1157,14,1,3000,1100,0
1157,12,1,2400,800,0
1158,11,2,3400,1300,0
1158,1,2,8900,5400,0
1158,5,1,3200,1500,0
1158,19,1,1200,300,240
1159,11,2,3400,1300,0
1160,14,1,3000,1100,300
1160,18,1,4800,2100,0
1161,5,1,3200,1500,0
1161,16,1,1600,500,320
1161,8,1,2900,1200,0
1161,14,1,3000,1100,0
1162,10,1,2700,1100,270
1162,7,1,3800,1600,0
1162,3,2,4500,2200,900
1163,1,1,8900,5400,0
1163,10,1,2700,1100,270
1164,7,1,3800,1600,0
1164,18,1,4800,2100,0
1165,6,1,4200,1900,0
1165,12,1,2400,800,0
1166,19,1,1200,300,0
1166,2,1,6500,3900,650
1167,4,1,7200,4200,720
1167,13,1,2200,700,440
1168,7,2,3800,1600,760
1168,15,2,1800,600,360
1169,6,1,4200,1900,0
1169,20,1,3900,1700,390
1169,5,2,3200,1500,1280
1170,10,1,2700,1100,0
1171,8,1,2900,1200,0
1171,19,1,1200,300,0
1171,18,1,4800,2100,0
1172,13,1,2200,700,0
1172,10,1,2700,1100,270
1173,6,2,4200,1900,0
1174,19,1,1200,300,0
1174,6,1,4200,1900,420
1175,4,1,7200,4200,1440
1175,7,2,3800,1600,0
1175,16,1,1600,500,0
1175,11,1,3400,1300,680
1176,18,1,4800,2100,0
1177,17,1,2500,900,0
1177,20,1,3900,1700,390
1177,19,1,1200,300,0
1177,15,1,1800,600,0
1178,7,1,3800,1600,760
1179,4,1,7200,4200,720
1179,15,3,1800,600,540
1179,3,1,4500,2200,900
1180,19,1,1200,300,0
1180,12,1,2400,800,0
1181,1,1,8900,5400,0
1181,19,1,1200,300,0
1182,2,1,6500,3900,0
1182,5,1,3200,1500,320
1182,19,1,1200,300,0
1182,4,1,7200,4200,0
1183,4,1,7200,4200,0
1184,15,1,1800,600,0
1185,7,1,3800,1600,0
1185,20,1,3900,1700,0
1186,17,2,2500,900,0
1186,4,1,7200,4200,0
1186,5,2,3200,1500,640
1187,19,1,1200,300,240
1188,19,1,1200,300,120
1189,1,2,8900,5400,0
1190,1,1,8900,5400,0
1190,4,1,7200,4200,0
1190,8,1,2900,1200,0
1190,15,1,1800,600,360
1191,5,1,3200,1500,640
1192,16,1,1600,500,0
1192,8,1,2900,1200,0
1193,14,1,3000,1100,0
1193,19,1,1200,300,120
1193,1,2,8900,5400,0
1193,20,1,3900,1700,390
1194,8,1,2900,1200,290
1195,13,1,2200,700,220
1195,16,1,1600,500,0
1195,15,1,1800,600,180
1196,8,1,2900,1200,0
1196,9,2,3500,1500,0
1197,4,2,7200,4200,0
1198,18,1,4800,2100,480
1198,8,1,2900,1200,0
1198,4,1,7200,4200,0
1198,15,1,1800,600,180
1199,4,3,7200,4200,2160
1200,15,1,1800,600,0
1200,4,1,7200,4200,0
1200,8,2,2900,1200,0
1200,2,1,6500,3900,0
1201,7,1,3800,1600,0
1202,15,1,1800,600,0
1202,14,1,3000,1100,0
1202,19,1,1200,300,240
1203,6,2,4200,1900,0
1203,15,1,1800,600,0
1203,9,1,3500,1500,0
1203,14,1,3000,1100,300
1204,14,3,3000,1100,0
1204,20,1,3900,1700,0
1204,4,1,7200,4200,0
1204,10,1,2700,1100,0
1205,19,2,1200,300,0
1205,8,2,2900,1200,0
1205,18,1,4800,2100,480
1206,3,2,4500,2200,0
1206,11,1,3400,1300,0
1207,13,1,2200,700,0
1207,17,1,2500,900,250
1207,16,2,1600,500,0
1207,8,1,2900,1200,0
1208,7,1,3800,1600,0
1208,16,1,1600,500,0
1209,6,1,4200,1900,840
1209,7,3,3800,1600,0
1209,17,1,2500,900,250
1209,10,2,2700,1100,0
1210,1,1,8900,5400,0
1210,7,2,3800,1600,0
1211,1,1,8900,5400,1780
1211,9,2,3500,1500,1400
1212,5,3,3200,1500,960
1212,4,1,7200,4200,0
1212,3,3,4500,2200,2700
1212,15,1,1800,600,180
1213,9,1,3500,1500,0
1213,10,2,2700,1100,540
1213,18,1,4800,2100,480
1213,5,1,3200,1500,640
1214,2,1,6500,3900,0
1214,1,1,8900,5400,0
1215,13,1,2200,700,0
1215,19,1,1200,300,0
1216,19,1,1200,300,0
1216,9,1,3500,1500,350
1216,6,1,4200,1900,840
1216,14,2,3000,1100,0
1217,8,2,2900,1200,0
1217,4,1,7200,4200,0
1217,9,1,3500,1500,0
1218,18,1,4800,2100,0
1218,20,1,3900,1700,780
1218,8,1,2900,1200,290
1219,2,2,6500,3900,0
1219,14,1,3000,1100,300
1219,10,2,2700,1100,0
1220,15,1,1800,600,0
1221,19,1,1200,300,0
1221,8,1,2900,1200,580
1221,14,3,3000,1100,900
1222,20,2,3900,1700,0
1222,2,1,6500,3900,0
1223,14,1,3000,1100,300
1224,19,2,1200,300,480
1225,7,1,3800,1600,0
1225,14,1,3000,1100,300
1226,11,1,3400,1300,0
1226,18,2,4800,2100,0
1226,17,1,2500,900,500
1227,4,1,7200,4200,0
1227,20,1,3900,1700,0
1227,14,1,3000,1100,0
1228,3,1,4500,2200,0
1228,17,1,2500,900,0
1228,5,1,3200,1500,640
1228,9,1,3500,1500,0
1229,15,1,1800,600,0
1230,13,2,2200,700,0
1230,20,1,3900,1700,0
1231,20,2,3900,1700,0
1231,18,1,4800,2100,480
1231,15,1,1800,600,0
1231,10,1,2700,1100,0
1232,20,1,3900,1700,390
1232,6,1,4200,1900,0
1233,12,1,2400,800,0
1234,7,1,3800,1600,380
1234,14,1,3000,1100,0
1234,11,1,3400,1300,0
1234,8,1,2900,1200,0
1235,5,3,3200,1500,0
1235,10,1,2700,1100,540
1235,17,3,2500,900,750
1236,14,1,3000,1100,0
1236,16,1,1600,500,160
1236,20,2,3900,1700,0
1236,2,2,6500,3900,0
1237,10,2,2700,1100,540
1237,11,1,3400,1300,0
1237,8,2,2900,1200,0
1237,7,2,3800,1600,760
1238,11,1,3400,1300,0
1238,10,1,2700,1100,0
1238,2,1,6500,3900,650
1238,4,1,7200,4200,0
1239,15,3,1800,600,0
1239,14,1,3000,1100,0
1240,1,1,8900,5400,1780
1240,4,1,7200,4200,1440
1240,3,2,4500,2200,900
1240,6,1,4200,1900,420
1241,4,1,7200,4200,0
1242,7,1,3800,1600,0
1242,3,2,4500,2200,0
1243,15,2,1800,600,360
1243,5,1,3200,1500,0
1243,14,1,3000,1100,0
1244,16,1,1600,500,0
1244,11,1,3400,1300,0
1245,6,2,4200,1900,0
1245,12,1,2400,800,240
1245,9,1,3500,1500,0
1246,2,1,6500,3900,650
1246,20,1,3900,1700,0
1246,14,1,3000,1100,300
1247,5,1,3200,1500,0
1247,15,2,1800,600,360
1248,15,1,1800,600,180
1249,16,1,1600,500,160
1249,6,1,4200,1900,0
1250,1,2,8900,5400,0
1250,18,2,4800,2100,1920
1250,2,2,6500,3900,0
1251,11,1,3400,1300,0
1251,18,1,4800,2100,0
1252,4,1,7200,4200,720
1253,14,1,3000,1100,0
1254,9,1,3500,1500,0
1254,20,2,3900,1700,780
1254,14,1,3000,1100,0
1255,1,1,8900,5400,890
1256,20,1,3900,1700,0
1256,4,1,7200,4200,720
1257,19,2,1200,300,240
1257,17,1,2500,900,0
1257,20,3,3900,1700,0
1257,5,1,3200,1500,320
1258,9,1,3500,1500,350
1258,13,2,2200,700,880
1259,6,2,4200,1900,840
1259,9,1,3500,1500,0
1259,5,1,3200,1500,0
1260,18,1,4800,2100,0
1261,6,2,4200,1900,1680
1261,17,1,2500,900,0
1262,1,1,8900,5400,0
1263,15,1,1800,600,0
1263,14,2,3000,1100,0
1263,13,2,2200,700,880
1263,4,1,7200,4200,720
1264,7,2,3800,1600,0
1264,12,2,2400,800,0
1264,13,1,2200,700,440
1265,16,1,1600,500,160
1266,11,1,3400,1300,680
1266,10,1,2700,1100,270
1267,15,2,1800,600,0
1268,11,1,3400,1300,0
1268,19,1,1200,300,120
1268,13,1,2200,700,440
1269,1,2,8900,5400,0
1270,8,3,2900,1200,0
1271,20,1,3900,1700,0
1271,16,2,1600,500,320
1271,2,1,6500,3900,0
1272,6,1,4200,1900,0
1272,13,1,2200,700,0
1272,15,1,1800,600,0
1272,1,1,8900,5400,890
1273,1,1,8900,5400,0
1273,12,1,2400,800,0
1273,14,1,3000,1100,300
1274,14,1,3000,1100,600
1274,12,1,2400,800,0
1275,18,2,4800,2100,960
1276,15,1,1800,600,0
1277,3,1,4500,2200,0
1277,5,2,3200,1500,0
1277,16,1,1600,500,160
1278,5,1,3200,1500,0
1278,14,1,3000,1100,0
1278,9,1,3500,1500,0
1278,6,1,4200,1900,840
1279,5,1,3200,1500,0
1279,4,1,7200,4200,720
1279,18,1,4800,2100,480
1280,12,2,2400,800,480
1280,16,1,1600,500,160
1281,14,1,3000,1100,0
1281,9,1,3500,1500,350
1281,2,1,6500,3900,0
1282,1,1,8900,5400,890
1282,2,2,6500,3900,0
1282,3,1,4500,2200,0
1283,3,1,4500,2200,0
1283,13,2,2200,700,880
1283,18,1,4800,2100,480
1283,12,1,2400,800,0
1284,4,1,7200,4200,720
1284,3,1,4500,2200,0
1284,11,2,3400,1300,680
1284,6,1,4200,1900,420
1285,14,1,3000,1100,300
1286,17,1,2500,900,0
1287,19,1,1200,300,0
1287,17,1,2500,900,250
1288,16,2,1600,500,0
1288,4,1,7200,4200,720
1288,14,2,3000,1100,1200
1289,7,2,3800,1600,760
1290,12,1,2400,800,0
1290,18,1,4800,2100,0
1291,15,2,1800,600,360
1291,9,1,3500,1500,700
1291,17,1,2500,900,0
1292,14,1,3000,1100,0
1293,18,1,4800,2100,960
1293,17,1,2500,900,0
1293,7,2,3800,1600,760
1294,18,1,4800,2100,0
1294,2,2,6500,3900,2600
1295,12,3,2400,800,0
1295,3,1,4500,2200,450
1295,20,1,3900,1700,0
1296,2,1,6500,3900,650
1297,8,1,2900,1200,0
1298,4,2,7200,4200,1440
1298,1,1,8900,5400,0
1298,5,1,3200,1500,0
1298,11,1,3400,1300,0
1299,3,2,4500,2200,900
1299,6,1,4200,1900,840
1299,1,2,8900,5400,3560
1300,14,1,3000,1100,0
1300,2,1,6500,3900,650
1301,15,1,1800,600,0
1301,11,2,3400,1300,0
1301,2,1,6500,3900,0
1302,19,2,1200,300,240
1302,12,2,2400,800,0
1302,1,3,8900,5400,0
1303,7,1,3800,1600,0
1304,7,1,3800,1600,0
1305,18,1,4800,2100,0
1306,20,1,3900,1700,390
1306,6,1,4200,1900,0
1306,18,1,4800,2100,0
1307,16,1,1600,500,0
1307,19,2,1200,300,240
1307,1,1,8900,5400,0
1307,18,1,4800,2100,0
1308,17,1,2500,900,0
1308,9,1,3500,1500,0
1308,5,3,3200,1500,0
1308,7,1,3800,1600,0
1309,11,1,3400,1300,0
1309,20,1,3900,1700,0
1310,5,1,3200,1500,0
1310,13,1,2200,700,0
1310,6,1,4200,1900,420
1311,10,2,2700,1100,0
1311,11,1,3400,1300,0
1312,12,1,2400,800,0
1313,8,2,2900,1200,0
1313,1,1,8900,5400,0
1313,5,2,3200,1500,0
1314,11,1,3400,1300,0
1314,19,1,1200,300,0
1314,18,1,4800,2100,480
1314,15,1,1800,600,0
1315,1,1,8900,5400,0
1315,5,1,3200,1500,0
1316,1,1,8900,5400,890
1316,15,2,1800,600,0
1317,6,1,4200,1900,840
1317,4,2,7200,4200,0
1317,20,2,3900,1700,780
1317,3,1,4500,2200,0
1318,7,1,3800,1600,0
1318,18,1,4800,2100,0
1318,12,1,2400,800,240
1318,11,1,3400,1300,340
1319,11,2,3400,1300,0
1320,3,3,4500,2200,0
1320,18,1,4800,2100,960
1321,11,1,3400,1300,680
1321,10,1,2700,1100,270
1321,2,1,6500,3900,0
1322,8,1,2900,1200,0
1322,5,1,3200,1500,0
1323,17,1,2500,900,500
1323,4,3,7200,4200,0
1324,1,1,8900,5400,0
1324,5,1,3200,1500,640
1325,15,1,1800,600,360
1325,16,1,1600,500,0
1326,17,1,2500,900,250
1326,3,1,4500,2200,0
1327,20,1,3900,1700,0
1327,8,2,2900,1200,0
1327,15,1,1800,600,0
1328,14,1,3000,1100,300
1329,6,1,4200,1900,840
1330,8,1,2900,1200,0
1330,18,1,4800,2100,0
1330,9,2,3500,1500,0
1331,12,1,2400,800,240
1332,15,1,1800,600,360
1332,2,1,6500,3900,0
1332,13,1,2200,700,0
1332,8,1,2900,1200,0
1333,15,3,1800,600,0
1334,8,1,2900,1200,0
1334,19,1,1200,300,0
1335,5,1,3200,1500,0
1335,14,1,3000,1100,0
1335,4,1,7200,4200,720
1335,3,1,4500,2200,450
1336,17,2,2500,900,0
1337,20,2,3900,1700,0
1338,20,1,3900,1700,0
1339,5,2,3200,1500,1280
1339,10,1,2700,1100,0
1340,9,2,3500,1500,0
1340,7,1,3800,1600,0
1341,13,1,2200,700,0
1341,1,1,8900,5400,1780
1341,12,1,2400,800,0
1341,9,1,3500,1500,0
1342,11,3,3400,1300,0
1342,7,1,3800,1600,760
1342,12,1,2400,800,0
1343,14,1,3000,1100,0
1344,18,1,4800,2100,0
1345,17,1,2500,900,0
1345,3,1,4500,2200,450
1345,11,1,3400,1300,0
1346,1,2,8900,5400,0
1346,15,1,1800,600,180
1347,4,1,7200,4200,0
1347,10,1,2700,1100,270
1347,2,2,6500,3900,1300
1347,9,1,3500,1500,0
1348,19,1,1200,300,240
1348,14,1,3000,1100,0
1348,8,1,2900,1200,290
1348,15,1,1800,600,360
1349,3,1,4500,2200,0
1350,6,2,4200,1900,840
1350,7,1,3800,1600,0
1350,12,2,2400,800,0
1351,2,1,6500,3900,0
1351,4,1,7200,4200,720
1351,16,1,1600,500,0
1351,7,2,3800,1600,760
1352,15,1,1800,600,0
1352,5,1,3200,1500,0
1352,14,1,3000,1100,0
1352,13,2,2200,700,880
1353,18,1,4800,2100,0
1353,3,3,4500,2200,0
1353,1,2,8900,5400,0
1353,12,1,2400,800,240
1354,4,1,7200,4200,0
1354,14,3,3000,1100,900
1355,17,2,2500,900,0
1355,3,1,4500,2200,0
1355,16,1,1600,500,0
1355,6,2,4200,1900,0
1356,8,3,2900,1200,0
1356,12,2,2400,800,480
1356,5,1,3200,1500,0
1356,19,1,1200,300,0
1357,17,1,2500,900,0
1357,6,1,4200,1900,420
1358,8,1,2900,1200,0
1358,5,1,3200,1500,0
1358,20,1,3900,1700,780
1359,13,2,2200,700,0
1359,16,1,1600,500,0
1360,16,1,1600,500,0
1361,18,1,4800,2100,0
1361,20,1,3900,1700,390
1362,18,1,4800,2100,0
1362,9,2,3500,1500,0
1362,13,1,2200,700,440
1363,6,1,4200,1900,0
1363,17,1,2500,900,0
1364,6,1,4200,1900,0
1364,20,1,3900,1700,0
1365,12,2,2400,800,0
1365,2,2,6500,3900,1300
1366,18,1,4800,2100,0
1367,1,1,8900,5400,0
1367,16,1,1600,500,0
1368,3,1,4500,2200,0
1369,13,1,2200,700,0
1369,8,1,2900,1200,0
1369,16,1,1600,500,0
1370,12,1,2400,800,480
1371,11,1,3400,1300,680
1371,14,1,3000,1100,300
1371,9,1,3500,1500,0
1372,2,2,6500,3900,1300
1372,16,1,1600,500,0
1373,4,1,7200,4200,1440
1373,5,1,3200,1500,320
1373,3,1,4500,2200,900
1373,19,1,1200,300,0
1374,7,1,3800,1600,0
1374,3,1,4500,2200,0
1374,6,2,4200,1900,0
1374,14,1,3000,1100,300
1375,18,2,4800,2100,1920
1375,14,2,3000,1100,600
1375,12,2,2400,800,480
1375,8,1,2900,1200,0
1376,7,1,3800,1600,380
1376,1,1,8900,5400,0
1376,17,1,2500,900,0
1377,12,1,2400,800,0
1378,16,1,1600,500,0
1378,1,1,8900,5400,0
1378,2,1,6500,3900,650
1379,19,1,1200,300,0
1379,15,2,1800,600,0
1379,10,3,2700,1100,0
1379,3,1,4500,2200,0
1380,7,1,3800,1600,0
1380,2,3,6500,3900,0
1380,13,1,2200,700,0
1380,9,1,3500,1500,0
1381,12,1,2400,800,240
1382,15,1,1800,600,0
1382,14,1,3000,1100,0
1383,20,2,3900,1700,0
1383,13,1,2200,700,0
1383,12,1,2400,800,0
1384,10,2,2700,1100,540
1384,9,1,3500,1500,0
1385,9,1,3500,1500,0
1385,20,1,3900,1700,0
1386,5,1,3200,1500,0
1386,8,1,2900,1200,0
1387,4,1,7200,4200,0
1387,8,2,2900,1200,0
1387,6,1,4200,1900,420
1388,11,1,3400,1300,0
1388,10,2,2700,1100,0
1388,17,1,2500,900,0
1388,12,2,2400,800,0
1389,10,1,2700,1100,0
1389,13,1,2200,700,0
1389,3,2,4500,2200,900
1389,5,1,3200,1500,320
1390,12,1,2400,800,0
1390,17,1,2500,900,0
1390,13,1,2200,700,440
1390,7,3,3800,1600,0
1391,12,1,2400,800,240
1391,18,1,4800,2100,0
1391,10,1,2700,1100,540
1392,6,1,4200,1900,420
1392,7,1,3800,1600,380
1392,14,1,3000,1100,0
1393,1,1,8900,5400,890
1394,18,1,4800,2100,480
1394,1,1,8900,5400,0
1394,2,2,6500,3900,2600
1394,11,1,3400,1300,340
1395,10,1,2700,1100,0
1395,3,1,4500,2200,0
1395,15,1,1800,600,0
1395,9,2,3500,1500,0
1396,14,1,3000,1100,300
1396,13,1,2200,700,220
1396,11,2,3400,1300,0
1397,1,1,8900,5400,0
1397,5,1,3200,1500,0
1398,7,1,3800,1600,0
1398,9,1,3500,1500,0
1399,15,2,1800,600,0
1400,8,1,2900,1200,0
1400,2,1,6500,3900,1300
1400,6,1,4200,1900,0
1401,6,1,4200,1900,840
1401,8,2,2900,1200,0
1401,1,1,8900,5400,0
1401,7,2,3800,1600,760
1402,3,1,4500,2200,0
1403,12,1,2400,800,240
1404,4,2,7200,4200,0
1404,16,1,1600,500,160
1404,19,2,1200,300,0
1404,11,1,3400,1300,0
1405,5,1,3200,1500,640
1405,16,1,1600,500,0
1405,20,1,3900,1700,780
1405,11,2,3400,1300,0
1406,17,1,2500,900,0
1406,5,1,3200,1500,320
1406,8,1,2900,1200,0
1407,17,1,2500,900,0
1408,20,2,3900,1700,780
1408,2,1,6500,3900,650
1408,3,2,4500,2200,1800
1408,15,1,1800,600,0
1409,6,1,4200,1900,0
1409,11,1,3400,1300,0
1409,4,1,7200,4200,0
1410,12,2,2400,800,0
1411,9,2,3500,1500,0
1411,19,1,1200,300,120
1411,13,1,2200,700,220
1412,1,1,8900,5400,0
1412,10,2,2700,1100,0
1412,17,1,2500,900,250
1412,18,1,4800,2100,0
1413,3,2,4500,2200,0
1413,11,1,3400,1300,340
1413,7,1,3800,1600,0
1414,14,1,3000,1100,600
1414,8,1,2900,1200,290
1414,9,1,3500,1500,0
1415,12,2,2400,800,0
1415,18,1,4800,2100,0
1415,3,2,4500,2200,0
1415,5,1,3200,1500,0
1416,7,1,3800,1600,380
1416,2,1,6500,3900,0
1416,5,1,3200,1500,320
1416,11,2,3400,1300,0
1417,2,1,6500,3900,0
1417,14,1,3000,1100,0
1418,7,1,3800,1600,0
1418,4,2,7200,4200,0
1419,3,1,4500,2200,0
1419,20,2,3900,1700,0
1420,12,1,2400,800,240
1421,10,1,2700,1100,0
1421,1,1,8900,5400,0
1421,4,3,7200,4200,2160
1421,18,2,4800,2100,960
1422,15,2,1800,600,0
1422,17,2,2500,900,1000
1422,16,1,1600,500,0
1422,8,2,2900,1200,580
1423,7,1,3800,1600,0
1423,10,1,2700,1100,540
1424,1,1,8900,5400,0
1424,10,1,2700,1100,0
1425,17,1,2500,900,0
1425,19,1,1200,300,120
1425,4,1,7200,4200,0
1425,3,1,4500,2200,0
1426,4,1,7200,4200,0
1426,18,1,4800,2100,0
1427,2,1,6500,3900,1300
1428,7,1,3800,1600,0
1428,4,1,7200,4200,0
1428,1,1,8900,5400,0
1428,11,1,3400,1300,680
1429,19,1,1200,300,0
1429,2,1,6500,3900,0
1430,6,3,4200,1900,0
1430,18,2,4800,2100,0
1431,7,1,3800,1600,380
1431,16,1,1600,500,0
1432,6,1,4200,1900,0
1432,13,3,2200,700,0
1432,15,3,1800,600,0
1432,4,1,7200,4200,720
1433,4,2,7200,4200,1440
1433,18,1,4800,2100,480
1434,17,1,2500,900,250
1435,16,1,1600,500,0
1435,20,1,3900,1700,0
1435,13,1,2200,700,0
1435,4,2,7200,4200,0
1436,3,1,4500,2200,0
1436,5,1,3200,1500,0
1437,19,1,1200,300,0
1437,18,1,4800,2100,0
1437,8,1,2900,1200,290
1437,10,1,2700,1100,0
1438,6,1,4200,1900,0
1438,12,1,2400,800,0
1438,4,2,7200,4200,0
1438,5,1,3200,1500,0
1439,10,1,2700,1100,0
1439,5,2,3200,1500,0
1439,1,1,8900,5400,1780
1439,15,1,1800,600,0
1440,18,2,4800,2100,0
1441,20,1,3900,1700,0
1441,19,1,1200,300,120
1441,10,2,2700,1100,540
1442,17,1,2500,900,0
1442,11,1,3400,1300,680
1442,7,1,3800,1600,0
1442,13,1,2200,700,0
1443,1,2,8900,5400,3560
1443,11,1,3400,1300,0
1443,6,1,4200,1900,0
1443,4,1,7200,4200,0
1444,18,1,4800,2100,480
1444,9,1,3500,1500,350
1444,12,1,2400,800,0
1445,18,1,4800,2100,480
1445,20,1,3900,1700,390
1445,8,3,2900,1200,0
1446,15,2,1800,600,0
1446,12,1,2400,800,240
1447,19,2,1200,300,240
1448,13,1,2200,700,220
1448,10,1,2700,1100,0
1448,4,1,7200,4200,720
1449,1,1,8900,5400,890
1449,4,2,7200,4200,0
1449,17,1,2500,900,0
1449,16,1,1600,500,160
1450,9,1,3500,1500,0
1450,5,1,3200,1500,0
1450,2,2,6500,3900,0
1451,13,1,2200,700,220
1452,16,2,1600,500,0
1452,5,2,3200,1500,0
1452,11,1,3400,1300,0
1452,14,2,3000,1100,0
1453,10,1,2700,1100,270
1453,16,1,1600,500,0
1453,13,1,2200,700,0
1453,20,1,3900,1700,390
1454,3,1,4500,2200,0
1454,5,1,3200,1500,320
1454,10,2,2700,1100,0
1454,11,1,3400,1300,0
1455,16,1,1600,500,160
1456,14,1,3000,1100,0
1456,9,1,3500,1500,0
1457,6,1,4200,1900,420
1457,20,1,3900,1700,390
1457,10,1,2700,1100,0
1458,15,1,1800,600,0
1459,10,1,2700,1100,0
1459,3,1,4500,2200,450
1459,9,1,3500,1500,0
1460,4,1,7200,4200,0
1460,15,2,1800,600,0
1460,20,1,3900,1700,0
1461,16,1,1600,500,0
1461,17,1,2500,900,0
1462,8,2,2900,1200,1160
1462,17,1,2500,900,0
1463,12,2,2400,800,0
1464,6,1,4200,1900,0
1464,11,1,3400,1300,0
1464,3,1,4500,2200,900
1464,19,1,1200,300,0
1465,12,1,2400,800,0
1466,16,1,1600,500,0
1467,10,1,2700,1100,270
1468,14,1,3000,1100,0
1468,9,2,3500,1500,700
1468,11,1,3400,1300,0
1468,2,1,6500,3900,0
1469,6,1,4200,1900,0
1469,4,1,7200,4200,1440
1469,3,1,4500,2200,0
1470,20,1,3900,1700,0
1470,15,2,1800,600,360
1470,12,2,2400,800,0
1471,17,2,2500,900,0
1471,4,1,7200,4200,0
1472,5,1,3200,1500,0
1473,15,1,1800,600,0
1474,11,2,3400,1300,0
1474,4,1,7200,4200,720
1474,9,1,3500,1500,0
1475,1,1,8900,5400,0
1475,7,1,3800,1600,0
1476,18,1,4800,2100,480
1476,3,1,4500,2200,450
1476,9,1,3500,1500,350
1476,11,2,3400,1300,0
1477,19,1,1200,300,120
1477,2,2,6500,3900,0
1477,12,1,2400,800,240
1477,11,1,3400,1300,340
1478,15,3,1800,600,0
1479,1,2,8900,5400,0
1479,4,1,7200,4200,720
1479,19,1,1200,300,0
1479,8,1,2900,1200,0
1480,2,1,6500,3900,0
1480,19,1,1200,300,0
1480,20,1,3900,1700,0
1480,17,1,2500,900,0
1481,11,2,3400,1300,680
1482,5,1,3200,1500,0
1482,15,1,1800,600,0
1482,3,1,4500,2200,0
1482,7,1,3800,1600,380
1483,3,1,4500,2200,0
1483,12,1,2400,800,0
1483,10,1,2700,1100,0
1483,15,1,1800,600,0
1484,8,1,2900,1200,290
1484,13,2,2200,700,0
1484,2,1,6500,3900,0
1485,14,1,3000,1100,0
1485,1,1,8900,5400,0
1485,11,1,3400,1300,340
1485,8,1,2900,1200,0
1486,7,2,3800,1600,0
1486,11,1,3400,1300,340
1486,18,1,4800,2100,0
1487,5,1,3200,1500,0
1488,5,1,3200,1500,320
1488,17,1,2500,900,0
1488,4,1,7200,4200,0
1488,9,2,3500,1500,1400
1489,16,1,1600,500,0
1489,13,1,2200,700,220
1489,9,2,3500,1500,0
1489,1,2,8900,5400,1780
1490,11,1,3400,1300,0
1490,18,2,4800,2100,0
1491,18,2,4800,2100,960
1491,20,2,3900,1700,780
1491,4,2,7200,4200,0
1491,19,1,1200,300,0
1492,7,1,3800,1600,0
1492,18,1,4800,2100,480
1492,16,1,1600,500,0
1492,15,1,1800,600,0
1493,20,2,3900,1700,1560
1494,1,1,8900,5400,0
1494,6,2,4200,1900,1680
1494,18,2,4800,2100,0
1494,5,2,3200,1500,640
1495,15,1,1800,600,180
1495,20,1,3900,1700,0
1495,5,1,3200,1500,320
1496,6,1,4200,1900,420
1496,9,2,3500,1500,0
1497,4,2,7200,4200,0
1497,5,1,3200,1500,0
1497,19,1,1200,300,0
1498,7,1,3800,1600,0
1498,6,1,4200,1900,0
1498,19,1,1200,300,0
1498,12,2,2400,800,0
1499,2,1,6500,3900,0
1500,16,1,1600,500,0
1501,2,1,6500,3900,650
1501,20,1,3900,1700,390
1502,7,1,3800,1600,0
1502,14,1,3000,1100,0
1502,18,1,4800,2100,0
1503,1,2,8900,5400,0
1504,15,1,1800,600,0
1505,17,1,2500,900,0
1506,9,1,3500,1500,700
1507,16,1,1600,500,0
1508,15,1,1800,600,0
1509,10,2,2700,1100,1080
1509,20,1,3900,1700,0
1510,6,2,4200,1900,0
1510,7,1,3800,1600,760
1510,9,1,3500,1500,0
1511,6,1,4200,1900,0
1511,13,1,2200,700,0
1511,1,1,8900,5400,0
1511,7,1,3800,1600,380
1512,5,1,3200,1500,0
1513,13,1,2200,700,0
1514,6,2,4200,1900,0
1515,9,2,3500,1500,1400
1515,16,1,1600,500,0
1515,18,1,4800,2100,0
1515,14,1,3000,1100,0
1516,17,1,2500,900,0
1517,19,1,1200,300,0
1518,2,1,6500,3900,650
1518,20,1,3900,1700,390
1518,13,2,2200,700,880
1519,7,3,3800,1600,0
1519,11,1,3400,1300,0
1520,4,1,7200,4200,0
1520,8,1,2900,1200,0
1521,6,1,4200,1900,420
1522,12,2,2400,800,0
1523,1,1,8900,5400,0
1524,15,1,1800,600,0
1524,8,2,2900,1200,0
1524,4,1,7200,4200,0
1524,1,1,8900,5400,0
1525,19,1,1200,300,0
1525,5,1,3200,1500,320
1525,8,1,2900,1200,580
1525,20,1,3900,1700,0
1526,10,2,2700,1100,540
1526,18,1,4800,2100,0
1526,3,1,4500,2200,0
1527,8,1,2900,1200,0
1527,20,2,3900,1700,1560
1527,14,1,3000,1100,0
1528,9,1,3500,1500,0
1528,11,2,3400,1300,0
1528,17,1,2500,900,0
1529,7,1,3800,1600,0
1529,11,1,3400,1300,0
1529,8,1,2900,1200,0
1530,14,1,3000,1100,0
1530,15,1,1800,600,0
1530,5,1,3200,1500,0
1530,2,2,6500,3900,2600
1531,17,1,2500,900,250
1531,15,3,1800,600,0
1532,17,1,2500,900,0
1532,3,1,4500,2200,0
1532,16,2,1600,500,0
1533,12,1,2400,800,0
1533,15,1,1800,600,0
1534,4,1,7200,4200,1440
1534,18,1,4800,2100,480
1534,20,3,3900,1700,0
1535,4,1,7200,4200,0
1535,2,1,6500,3900,0
1535,19,1,1200,300,0
1535,15,1,1800,600,0
1536,7,1,3800,1600,760
1536,5,1,3200,1500,0
1537,18,1,4800,2100,0
1537,12,2,2400,800,0
1537,1,2,8900,5400,1780
1538,2,3,6500,3900,0
1538,10,1,2700,1100,0
1538,6,1,4200,1900,840
1538,5,1,3200,1500,0
1539,10,2,2700,1100,0
1539,16,1,1600,500,320
1540,6,2,4200,1900,840
1540,11,1,3400,1300,0
1541,14,3,3000,1100,900
1541,13,1,2200,700,0
1541,12,2,2400,800,480
1541,19,2,1200,300,0
1542,20,1,3900,1700,0
1542,10,1,2700,1100,0
1542,16,1,1600,500,0
1543,17,3,2500,900,1500
1543,19,1,1200,300,0
1543,16,1,1600,500,0
1544,18,1,4800,2100,480
1544,5,1,3200,1500,0
1544,4,1,7200,4200,0
1544,19,1,1200,300,0
1545,10,1,2700,1100,270
1545,3,1,4500,2200,0
1545,4,1,7200,4200,0
1546,8,1,2900,1200,290
1546,10,1,2700,1100,270
1546,20,2,3900,1700,780
1546,11,1,3400,1300,0
1547,13,2,2200,700,440
1547,9,3,3500,1500,0
1547,1,1,8900,5400,890
1547,12,1,2400,800,240
1548,1,1,8900,5400,0
1548,4,1,7200,4200,1440
1549,5,1,3200,1500,0
1549,4,1,7200,4200,1440
1549,17,1,2500,900,0
1549,13,1,2200,700,0
1550,9,1,3500,1500,0
1551,8,1,2900,1200,290
1552,2,2,6500,3900,2600
1552,4,1,7200,4200,0
1552,13,2,2200,700,0
1552,5,1,3200,1500,0
1553,17,1,2500,900,0
1553,11,3,3400,1300,0
1553,12,1,2400,800,0
1553,1,1,8900,5400,0
1554,17,2,2500,900,0
1554,1,1,8900,5400,0
1554,16,1,1600,500,0
1554,5,1,3200,1500,0
1555,5,1,3200,1500,320
1555,7,1,3800,1600,760
1556,16,2,1600,500,0
1556,11,2,3400,1300,0
1557,18,1,4800,2100,0
1557,1,2,8900,5400,0
1557,20,1,3900,1700,390
1558,7,3,3800,1600,0
1558,13,2,2200,700,0
1559,18,1,4800,2100,0
1559,12,1,2400,800,0
1559,15,1,1800,600,0
1559,9,1,3500,1500,0
1560,5,1,3200,1500,0
1560,3,1,4500,2200,0
1560,11,1,3400,1300,0
1561,2,2,6500,3900,0
1561,17,2,2500,900,500
1561,9,1,3500,1500,0
1562,17,1,2500,900,0
1562,3,1,4500,2200,0
1562,8,2,2900,1200,0
1563,4,2,7200,4200,0
1563,12,1,2400,800,240
1564,13,1,2200,700,440
1564,8,2,2900,1200,0
1564,19,1,1200,300,0
1565,16,2,1600,500,0
1565,14,1,3000,1100,300
1565,9,2,3500,1500,700
1566,11,1,3400,1300,0
1566,4,1,7200,4200,0
1566,5,2,3200,1500,0
1567,11,1,3400,1300,0
1568,6,1,4200,1900,420
1568,8,1,2900,1200,290
1568,13,3,2200,700,660
1568,1,1,8900,5400,0
1569,1,1,8900,5400,0
1570,16,1,1600,500,160
1570,18,1,4800,2100,0
1570,8,1,2900,1200,0
1571,3,2,4500,2200,900
1571,10,1,2700,1100,0
1571,17,1,2500,900,0
1572,5,2,3200,1500,1280
1572,15,1,1800,600,0
1572,6,1,4200,1900,0
1572,17,2,2500,900,500
1573,11,1,3400,1300,680
1573,7,1,3800,1600,0
1574,17,2,2500,900,500
1574,16,2,1600,500,0
1574,2,2,6500,3900,2600
1574,14,1,3000,1100,0
1575,9,1,3500,1500,0
1575,1,1,8900,5400,890
1576,3,3,4500,2200,1350
1576,11,1,3400,1300,340
1576,15,1,1800,600,0
1576,14,1,3000,1100,0
1577,12,1,2400,800,0
1577,9,1,3500,1500,0
1577,6,2,4200,1900,0
1578,5,1,3200,1500,0
1578,15,2,1800,600,0
1578,7,1,3800,1600,380
1578,6,2,4200,1900,840
1579,16,1,1600,500,0
1580,4,2,7200,4200,0
1580,10,1,2700,1100,0
1580,9,1,3500,1500,0
1581,6,2,4200,1900,840
1581,1,3,8900,5400,5340
1582,6,1,4200,1900,0
1582,13,1,2200,700,0
1582,9,1,3500,1500,0
1583,13,2,2200,700,0
1584,2,1,6500,3900,0
1585,9,2,3500,1500,700
1585,13,1,2200,700,0
1585,8,2,2900,1200,0
1586,19,1,1200,300,120
1586,2,1,6500,3900,0
1587,4,1,7200,4200,720
1587,8,3,2900,1200,0
1587,19,1,1200,300,0
1588,12,1,2400,800,240
1588,2,2,6500,3900,0
1589,11,1,3400,1300,0
1589,6,3,4200,1900,0
1589,15,1,1800,600,180
1589,19,1,1200,300,0
1590,10,3,2700,1100,810
1590,1,2,8900,5400,0
1590,14,1,3000,1100,0
1590,16,1,1600,500,0
1591,6,2,4200,1900,840
1591,3,2,4500,2200,900
1592,19,1,1200,300,120
1593,1,1,8900,5400,0
1593,6,1,4200,1900,0
1594,4,1,7200,4200,720
1595,8,2,2900,1200,0
1596,20,2,3900,1700,0
1596,7,2,3800,1600,0
1597,5,1,3200,1500,320
1597,1,1,8900,5400,0
1597,18,1,4800,2100,480
1597,19,2,1200,300,240
1598,11,3,3400,1300,0
1598,13,1,2200,700,0
1598,20,1,3900,1700,0
1598,5,1,3200,1500,0
1599,20,1,3900,1700,0
1599,9,2,3500,1500,0
1600,15,1,1800,600,0
1600,3,1,4500,2200,900
1600,8,2,2900,1200,0
1600,4,1,7200,4200,720
1601,4,1,7200,4200,720
1601,5,1,3200,1500,0
1601,1,1,8900,5400,890
1601,14,2,3000,1100,1200
1602,6,1,4200,1900,420
1602,4,2,7200,4200,0
1603,4,1,7200,4200,0
1603,19,1,1200,300,0
1604,5,1,3200,1500,320
1604,9,2,3500,1500,0
1604,15,1,1800,600,0
1604,20,1,3900,1700,0
1605,19,1,1200,300,240
1606,2,2,6500,3900,0
1606,14,1,3000,1100,0
1606,16,1,1600,500,0
1606,13,1,2200,700,0
1607,11,1,3400,1300,340
1607,15,3,1800,600,0
1608,17,2,2500,900,0
1608,20,3,3900,1700,0
1608,7,1,3800,1600,380
1609,13,1,2200,700,220
1609,16,1,1600,500,320
1609,5,2,3200,1500,0
1610,6,1,4200,1900,0
1610,18,2,4800,2100,0
1610,20,1,3900,1700,390
1610,19,2,1200,300,0
1611,18,1,4800,2100,480
1611,14,2,3000,1100,0
1612,8,1,2900,1200,0
1612,9,1,3500,1500,0
1613,6,1,4200,1900,0
1613,15,2,1800,600,360
1613,2,2,6500,3900,0
1613,5,1,3200,1500,0
1614,1,1,8900,5400,0
1615,8,2,2900,1200,0
1615,12,1,2400,800,0
1616,13,1,2200,700,0
1616,1,1,8900,5400,0
1617,9,2,3500,1500,0
1617,13,3,2200,700,660
1617,4,1,7200,4200,0
1617,14,1,3000,1100,600
1618,6,1,4200,1900,420
1618,7,1,3800,1600,380
1618,9,1,3500,1500,0
1618,14,2,3000,1100,0
1619,10,1,2700,1100,540
1619,3,1,4500,2200,0
1619,14,1,3000,1100,300
1620,15,1,1800,600,0
1620,16,1,1600,500,320
1621,9,1,3500,1500,700
1621,10,2,2700,1100,540
1622,4,1,7200,4200,1440
1622,17,2,2500,900,0
1622,18,1,4800,2100,0
1623,10,1,2700,1100,0
1623,18,2,4800,2100,0
1624,11,1,3400,1300,0
1624,7,2,3800,1600,0
1624,17,1,2500,900,0
1624,13,1,2200,700,220
1625,9,1,3500,1500,0
1626,1,3,8900,5400,0
1627,16,1,1600,500,160
1627,9,1,3500,1500,350
1627,6,1,4200,1900,420
1628,9,1,3500,1500,0
1629,10,1,2700,1100,0
1630,2,1,6500,3900,0
1630,13,1,2200,700,220
1630,19,2,1200,300,0
1630,3,1,4500,2200,0
1631,18,2,4800,2100,0
1631,3,1,4500,2200,0
1631,12,1,2400,800,0
1631,10,1,2700,1100,0
1632,1,2,8900,5400,0
1633,1,1,8900,5400,890
1633,10,1,2700,1100,270
1633,8,1,2900,1200,0
1633,12,1,2400,800,0
1634,15,1,1800,600,180
1634,7,2,3800,1600,0
1634,1,1,8900,5400,890
1634,13,1,2200,700,220
1635,20,1,3900,1700,0
1636,17,1,2500,900,250
1636,11,1,3400,1300,0
1637,17,2,2500,900,1000
1637,20,1,3900,1700,390
1638,10,1,2700,1100,0
1639,3,1,4500,2200,0
1639,18,1,4800,2100,0
1639,13,1,2200,700,220
1639,15,1,1800,600,360
1640,17,1,2500,900,0
1640,3,1,4500,2200,0
1641,7,1,3800,1600,380
1641,8,2,2900,1200,0
1641,15,2,1800,600,0
1642,1,1,8900,5400,0
1642,7,1,3800,1600,380
1643,10,1,2700,1100,270
1643,1,1,8900,5400,0
1643,4,1,7200,4200,0
1644,7,3,3800,1600,0
1644,1,3,8900,5400,0
1644,12,1,2400,800,0
1644,9,2,3500,1500,700
1645,15,1,1800,600,0
1646,13,1,2200,700,0
1646,9,1,3500,1500,350
1646,8,2,2900,1200,0
1646,4,1,7200,4200,720
1647,17,1,2500,900,0
1647,3,1,4500,2200,0
1648,14,1,3000,1100,300
1648,10,1,2700,1100,0
1649,15,1,1800,600,0
1650,10,2,2700,1100,0
1650,20,2,3900,1700,780
1651,19,1,1200,300,0
1651,6,1,4200,1900,0
1651,15,2,1800,600,360
1652,6,2,4200,1900,0
1653,1,1,8900,5400,0
1653,8,1,2900,1200,290
1654,9,1,3500,1500,0
1654,20,1,3900,1700,0
1654,7,1,3800,1600,760
1655,3,1,4500,2200,450
1656,10,1,2700,1100,0
1656,6,1,4200,1900,0
1657,15,1,1800,600,0
1657,12,2,2400,800,0
1658,8,1,2900,1200,0
1659,8,1,2900,1200,290
1659,13,1,2200,700,0
1659,11,1,3400,1300,340
1660,12,2,2400,800,480
1660,9,1,3500,1500,350
1660,1,1,8900,5400,0
1660,8,1,2900,1200,290
1661,9,1,3500,1500,0
1661,13,1,2200,700,0
1661,14,1,3000,1100,300
1662,10,1,2700,1100,0
1662,19,2,1200,300,480
1662,3,2,4500,2200,900
1662,5,1,3200,1500,320
1663,6,1,4200,1900,0
1663,14,1,3000,1100,0
1664,6,1,4200,1900,0
1664,7,2,3800,1600,0
1664,12,2,2400,800,0
1664,13,1,2200,700,220
1665,13,1,2200,700,0
1665,18,1,4800,2100,960
1665,17,1,2500,900,0
1665,15,1,1800,600,0
1666,20,1,3900,1700,0
1666,8,1,2900,1200,580
1666,4,1,7200,4200,0
1667,10,1,2700,1100,270
1668,20,3,3900,1700,0
1668,3,1,4500,2200,0
1669,7,1,3800,1600,0
1670,18,1,4800,2100,0
1670,16,1,1600,500,0
1671,10,1,2700,1100,540
1671,1,1,8900,5400,0
1672,19,2,1200,300,480
1673,18,2,4800,2100,0
1673,13,3,2200,700,660
1673,5,2,3200,1500,1280
1674,18,1,4800,2100,0
1674,5,1,3200,1500,0
1674,1,1,8900,5400,0
1674,3,2,4500,2200,0
1675,1,2,8900,5400,0
1675,10,1,2700,1100,270
1675,8,1,2900,1200,580
1676,13,1,2200,700,0
1676,4,1,7200,4200,0
1676,1,1,8900,5400,1780
1677,2,1,6500,3900,650
1677,5,1,3200,1500,0
1678,7,1,3800,1600,380
1678,20,2,3900,1700,780
1678,15,1,1800,600,180
1678,2,1,6500,3900,0
1679,18,1,4800,2100,0
1679,14,3,3000,1100,0
1679,5,2,3200,1500,0
1679,8,1,2900,1200,290
1680,3,3,4500,2200,0
1680,16,1,1600,500,0
1680,8,1,2900,1200,0
1681,17,1,2500,900,250
1681,1,1,8900,5400,890
1681,12,1,2400,800,240
1682,12,1,2400,800,0
1682,8,1,2900,1200,0
1682,4,1,7200,4200,0
1682,13,2,2200,700,0
1683,1,1,8900,5400,0
1683,8,1,2900,1200,290
1683,18,1,4800,2100,0
1684,8,1,2900,1200,580
1685,1,1,8900,5400,0
1685,15,1,1800,600,0
1685,18,1,4800,2100,960
1686,7,1,3800,1600,0
1686,8,1,2900,1200,580
1687,17,2,2500,900,1000
1688,17,1,2500,900,0
1689,2,1,6500,3900,0
1689,4,1,7200,4200,720
1690,3,1,4500,2200,450
1690,20,1,3900,1700,0
1691,18,1,4800,2100,0
1691,2,1,6500,3900,0
1691,11,1,3400,1300,0
1692,5,1,3200,1500,0
1692,1,1,8900,5400,0
1693,10,2,2700,1100,540
1693,16,1,1600,500,0
1693,2,1,6500,3900,0
1694,20,1,3900,1700,390
1695,13,1,2200,700,0
1695,14,2,3000,1100,0
1695,5,1,3200,1500,0
1695,19,1,1200,300,120
1696,12,2,2400,800,960
1696,16,1,1600,500,320
1697,13,1,2200,700,0
1698,5,1,3200,1500,320
1699,20,1,3900,1700,0
1700,6,1,4200,1900,420
1701,20,1,3900,1700,0
1702,19,1,1200,300,0
1702,15,1,1800,600,0
1702,12,1,2400,800,0
1703,12,1,2400,800,0
1703,16,1,1600,500,320
1703,10,1,2700,1100,0
1703,11,1,3400,1300,0
1704,4,1,7200,4200,0
1705,12,1,2400,800,240
1705,17,1,2500,900,0
1705,7,3,3800,1600,0
1706,4,1,7200,4200,0
1706,16,1,1600,500,0
1707,5,1,3200,1500,0
1707,10,1,2700,1100,0
1707,18,2,4800,2100,1920
1707,14,1,3000,1100,0
1708,1,3,8900,5400,2670
1708,3,1,4500,2200,0
1708,12,1,2400,800,480
1709,2,1,6500,3900,0
1709,12,1,2400,800,0
1709,17,1,2500,900,0
1709,15,1,1800,600,0
1710,7,1,3800,1600,760
1710,4,1,7200,4200,0
1710,11,1,3400,1300,0
1711,14,1,3000,1100,0
1711,10,1,2700,1100,0
1711,13,2,2200,700,440
1711,7,1,3800,1600,0
1712,12,1,2400,800,0
1713,16,1,1600,500,0
1713,3,1,4500,2200,0
1713,18,1,4800,2100,0
1713,9,1,3500,1500,0
1714,7,1,3800,1600,0
1714,5,2,3200,1500,1280
1714,20,1,3900,1700,390
1714,13,2,2200,700,880
1715,9,1,3500,1500,700
1715,6,1,4200,1900,420
1716,2,1,6500,3900,0
1716,5,1,3200,1500,0
1717,6,1,4200,1900,0
1717,17,3,2500,900,0
1718,16,1,1600,500,0
1719,5,2,3200,1500,0
1719,13,1,2200,700,220
1719,2,1,6500,3900,0
1720,10,1,2700,1100,270
1720,8,3,2900,1200,870
1720,7,1,3800,1600,0
1720,5,1,3200,1500,0
1721,13,1,2200,700,0
1722,7,1,3800,1600,0
1723,6,1,4200,1900,0
1723,17,1,2500,900,0
1723,10,1,2700,1100,270
1724,1,2,8900,5400,0
1724,14,1,3000,1100,0
1724,16,1,1600,500,0
1725,1,1,8900,5400,0
1725,2,2,6500,3900,1300
1726,9,1,3500,1500,0
1726,14,1,3000,1100,0
1726,3,1,4500,2200,0
1726,10,1,2700,1100,0
1727,20,1,3900,1700,390
1727,3,1,4500,2200,0
1727,9,1,3500,1500,0
1728,5,2,3200,1500,0
1728,14,1,3000,1100,0
1729,4,1,7200,4200,0
1729,5,2,3200,1500,0
1729,20,1,3900,1700,390
1729,6,2,4200,1900,0
1730,1,1,8900,5400,0
1730,20,1,3900,1700,780
1730,3,2,4500,2200,0
1731,16,2,1600,500,640
1731,10,1,2700,1100,0
1731,6,1,4200,1900,0
1732,5,1,3200,1500,0
1732,7,1,3800,1600,0
1733,13,1,2200,700,0
1734,19,1,1200,300,120
1734,12,1,2400,800,0
1734,13,2,2200,700,0
1735,15,2,1800,600,0
1735,9,3,3500,1500,1050
1735,13,2,2200,700,0
1735,7,1,3800,1600,380
1736,14,1,3000,1100,0
1736,3,1,4500,2200,0
1737,9,2,3500,1500,0
1737,11,2,3400,1300,0
1737,16,1,1600,500,0
1737,17,3,2500,900,0
1738,17,2,2500,900,0
1738,15,1,1800,600,0
1738,11,1,3400,1300,0
1738,20,1,3900,1700,0
1739,10,2,2700,1100,0
1739,9,1,3500,1500,0
1739,3,1,4500,2200,450
1740,1,2,8900,5400,1780
1740,17,1,2500,900,0
1740,8,3,2900,1200,0
1740,11,1,3400,1300,0
1741,17,1,2500,900,0
1741,14,1,3000,1100,300
1742,20,2,3900,1700,0
1743,19,2,1200,300,0
1744,5,1,3200,1500,0
1744,9,1,3500,1500,0
1744,11,1,3400,1300,0
1744,20,2,3900,1700,0
1745,10,1,2700,1100,0
1745,17,1,2500,900,0
1745,1,1,8900,5400,0
1745,11,2,3400,1300,680
1746,6,1,4200,1900,0
1747,8,3,2900,1200,0
1748,17,1,2500,900,250
1748,9,1,3500,1500,0
1748,1,1,8900,5400,0
1749,12,1,2400,800,240
1749,20,1,3900,1700,780
1749,4,1,7200,4200,720
1749,10,1,2700,1100,0
1750,17,2,2500,900,0
1750,13,1,2200,700,0
1750,20,1,3900,1700,0
1751,18,1,4800,2100,0
1751,13,1,2200,700,440
1751,9,1,3500,1500,350
1752,6,1,4200,1900,840
1752,19,1,1200,300,120
1752,7,2,3800,1600,0
1752,3,1,4500,2200,0
1753,19,1,1200,300,0
1753,10,1,2700,1100,0
1753,14,1,3000,1100,0
1754,15,1,1800,600,360
1755,16,1,1600,500,160
1755,19,2,1200,300,480
1756,2,3,6500,3900,0
1756,18,1,4800,2100,0
1756,9,2,3500,1500,0
1756,15,1,1800,600,0
1757,15,1,1800,600,0
1758,20,1,3900,1700,780
1758,2,2,6500,3900,0
1758,18,1,4800,2100,480
1758,10,1,2700,1100,0
1759,5,3,3200,1500,960
1760,4,1,7200,4200,0
1760,6,1,4200,1900,420
1760,20,1,3900,1700,0
1760,1,1,8900,5400,890
1761,17,2,2500,900,500
1762,13,1,2200,700,0
1762,2,1,6500,3900,0
1762,4,1,7200,4200,0
1762,19,1,1200,300,0
1763,10,1,2700,1100,0
1763,15,1,1800,600,0
1763,2,1,6500,3900,650
1763,8,2,2900,1200,580
1764,16,1,1600,500,160
1765,4,1,7200,4200,0
1765,11,1,3400,1300,340
1766,3,1,4500,2200,0
1766,17,2,2500,900,0
1767,10,1,2700,1100,0
1768,10,2,2700,1100,1080
1769,8,2,2900,1200,0
1769,11,1,3400,1300,0
1770,2,1,6500,3900,0
1771,5,1,3200,1500,640
1772,17,3,2500,900,0
1772,10,1,2700,1100,540
1772,9,3,3500,1500,1050
1772,14,1,3000,1100,300
1773,7,1,3800,1600,0
1773,5,1,3200,1500,320
1773,11,1,3400,1300,680
1773,16,1,1600,500,160
1774,15,1,1800,600,0
1774,8,1,2900,1200,290
1775,11,1,3400,1300,680
1776,8,1,2900,1200,0
1776,6,3,4200,1900,0
1777,19,2,1200,300,0
1777,14,1,3000,1100,0
1778,13,1,2200,700,0
1778,6,1,4200,1900,0
1778,4,1,7200,4200,0
1779,14,1,3000,1100,0
1780,17,1,2500,900,0
1781,4,2,7200,4200,1440
1781,8,1,2900,1200,290
1781,10,1,2700,1100,0
1782,10,1,2700,1100,0
1782,1,1,8900,5400,0
1782,5,1,3200,1500,640
1782,18,2,4800,2100,0
1783,19,1,1200,300,0
1784,14,1,3000,1100,0
1784,13,1,2200,700,440
1785,11,2,3400,1300,0
1785,13,2,2200,700,880
1786,8,1,2900,1200,0
1786,9,1,3500,1500,700
1787,14,1,3000,1100,300
1787,16,1,1600,500,160
1788,9,1,3500,1500,0
1788,13,1,2200,700,0
1788,4,2,7200,4200,0
1789,10,1,2700,1100,0
1789,5,1,3200,1500,0
1789,13,1,2200,700,0
1789,2,2,6500,3900,0
1790,12,1,2400,800,0
1790,19,1,1200,300,120
1790,6,1,4200,1900,0
1791,1,1,8900,5400,890
1791,6,3,4200,1900,1260
1791,11,2,3400,1300,0
1792,16,1,1600,500,0
1792,5,2,3200,1500,1280
1792,6,1,4200,1900,840
1792,8,1,2900,1200,290
1793,19,1,1200,300,0
1793,7,1,3800,1600,0
1793,5,1,3200,1500,0
1794,10,1,2700,1100,0
1795,4,1,7200,4200,720
1795,17,1,2500,900,0
1795,7,1,3800,1600,0
1795,2,3,6500,3900,0
1796,9,1,3500,1500,0
1797,16,2,1600,500,0
1798,17,1,2500,900,250
1798,11,2,3400,1300,0
1798,14,1,3000,1100,300
1798,10,1,2700,1100,0
1799,12,2,2400,800,0
1800,6,1,4200,1900,0
1801,1,1,8900,5400,890
1801,11,1,3400,1300,340
1801,5,1,3200,1500,0
1802,19,1,1200,300,240
1802,20,1,3900,1700,390
1802,5,1,3200,1500,320
1803,2,1,6500,3900,1300
1803,20,1,3900,1700,390
1803,11,1,3400,1300,0
1804,3,1,4500,2200,0
1805,7,1,3800,1600,0
1806,7,1,3800,1600,380
1807,11,1,3400,1300,0
1807,5,1,3200,1500,320
1807,7,1,3800,1600,0
1808,14,1,3000,1100,300
1808,7,1,3800,1600,0
1808,9,1,3500,1500,0
1808,6,1,4200,1900,0
1809,6,1,4200,1900,420
1809,16,1,1600,500,160
1809,8,3,2900,1200,1740
1810,9,1,3500,1500,350
1811,20,2,3900,1700,0
1812,8,2,2900,1200,580
1812,20,1,3900,1700,390
1812,13,2,2200,700,880
1813,8,1,2900,1200,290
1813,11,1,3400,1300,0
1813,7,2,3800,1600,760
1814,5,1,3200,1500,640
1814,10,2,2700,1100,0
1815,16,1,1600,500,160
1815,3,1,4500,2200,0
1815,6,1,4200,1900,0
1816,14,1,3000,1100,0
1816,18,1,4800,2100,0
1816,11,2,3400,1300,0
1817,20,2,3900,1700,0
1817,18,1,4800,2100,480
1818,17,1,2500,900,0
1818,7,2,3800,1600,0
1818,15,1,1800,600,0
1818,3,1,4500,2200,450
1819,16,1,1600,500,0
1819,18,1,4800,2100,0
1819,1,1,8900,5400,0
1819,5,2,3200,1500,0
1820,11,2,3400,1300,680
1820,9,3,3500,1500,0
1821,7,1,3800,1600,760
1821,20,2,3900,1700,0
1821,4,2,7200,4200,0
1821,15,1,1800,600,0
1822,6,1,4200,1900,420
1823,20,1,3900,1700,780
1824,7,1,3800,1600,0
1824,11,1,3400,1300,0
1825,4,1,7200,4200,720
1826,3,1,4500,2200,0
1827,16,1,1600,500,160
1827,7,1,3800,1600,380
1827,9,1,3500,1500,0
1827,4,1,7200,4200,0
1828,18,1,4800,2100,960
1828,3,1,4500,2200,450
1828,4,1,7200,4200,0
1829,2,1,6500,3900,650
1829,5,1,3200,1500,0
1830,3,2,4500,2200,0
1831,9,2,3500,1500,1400
1831,17,1,2500,900,0
1832,3,1,4500,2200,0
1832,14,3,3000,1100,0
1833,18,1,4800,2100,0
1833,13,1,2200,700,220
1834,5,1,3200,1500,0
1834,4,2,7200,4200,0
1835,6,3,4200,1900,0
1836,5,2,3200,1500,0
1837,3,2,4500,2200,0
1837,7,1,3800,1600,380
1837,14,1,3000,1100,0
1837,16,1,1600,500,320
1838,13,1,2200,700,0
1839,12,1,2400,800,0
1840,11,1,3400,1300,340
1840,2,3,6500,3900,0
1841,11,1,3400,1300,340
1841,6,1,4200,1900,420
1841,20,1,3900,1700,0
1842,19,1,1200,300,240
1842,18,1,4800,2100,0
1842,9,1,3500,1500,700
1842,17,1,2500,900,500
1843,14,2,3000,1100,1200
1843,15,1,1800,600,0
1843,12,1,2400,800,240
1844,15,1,1800,600,0
1845,9,1,3500,1500,0
1846,4,3,7200,4200,0
1846,8,1,2900,1200,580
1846,1,2,8900,5400,0
1847,1,1,8900,5400,0
1848,9,3,3500,1500,1050
1849,16,1,1600,500,0
1850,5,1,3200,1500,0
1850,8,1,2900,1200,0
1851,17,1,2500,900,0
1851,7,1,3800,1600,0
1852,15,1,1800,600,180
1852,4,1,7200,4200,1440
1852,8,1,2900,1200,0
1853,15,2,1800,600,0
1853,5,1,3200,1500,320
1853,6,2,4200,1900,0
1854,16,1,1600,500,0
1854,18,1,4800,2100,0
1854,2,1,6500,3900,650
1855,11,1,3400,1300,0
1855,8,2,2900,1200,580
1855,10,1,2700,1100,540
1856,15,1,1800,600,0
1856,10,1,2700,1100,540
1856,5,1,3200,1500,0
1856,2,2,6500,3900,0
1857,8,1,2900,1200,0
1858,9,1,3500,1500,0
1858,8,1,2900,1200,0
1858,13,1,2200,700,0
1858,1,1,8900,5400,890
1859,14,1,3000,1100,0
1860,17,1,2500,900,0
1860,18,1,4800,2100,0
1861,12,1,2400,800,0
1861,15,1,1800,600,0
1861,2,1,6500,3900,650
1862,5,1,3200,1500,0
1863,20,1,3900,1700,0
1863,6,2,4200,1900,840
1863,13,1,2200,700,220
1863,10,2,2700,1100,0
1864,6,1,4200,1900,420
1864,7,1,3800,1600,0
1864,10,1,2700,1100,0
1865,20,1,3900,1700,0
1865,4,3,7200,4200,4320
1865,11,1,3400,1300,340
1865,18,1,4800,2100,0
1866,8,3,2900,1200,0
1867,12,2,2400,800,0
1867,6,1,4200,1900,420
1867,8,1,2900,1200,0
1868,13,1,2200,700,0
1868,6,3,4200,1900,0
1868,3,2,4500,2200,0
1868,15,1,1800,600,0
1869,8,2,2900,1200,0
1869,19,1,1200,300,120
1869,6,2,4200,1900,0
1870,4,1,7200,4200,0
1870,8,1,2900,1200,290
1871,14,1,3000,1100,0
1872,12,1,2400,800,0
1872,8,1,2900,1200,0
1873,14,1,3000,1100,300
1873,4,1,7200,4200,720
1873,13,1,2200,700,0
1874,1,1,8900,5400,0
1874,15,2,1800,600,360
1874,5,3,3200,1500,0
1875,15,1,1800,600,0
1875,18,1,4800,2100,480
1875,3,1,4500,2200,450
1875,10,1,2700,1100,0
1876,3,1,4500,2200,900
1877,2,1,6500,3900,0
1877,12,2,2400,800,0
1877,6,1,4200,1900,0
1878,16,1,1600,500,0
1878,18,1,4800,2100,0
1878,2,1,6500,3900,0
1879,1,1,8900,5400,0
1879,13,1,2200,700,220
1879,16,1,1600,500,0
1879,14,1,3000,1100,300
1880,17,1,2500,900,0
1880,12,1,2400,800,240
1880,14,1,3000,1100,0
1881,11,2,3400,1300,680
1881,8,1,2900,1200,0
1881,18,1,4800,2100,0
1881,5,1,3200,1500,320
1882,18,1,4800,2100,0
1882,9,1,3500,1500,0
1882,4,1,7200,4200,720
1882,16,1,1600,500,0
1883,1,1,8900,5400,0
1883,13,1,2200,700,0
1883,12,2,2400,800,480
1884,16,3,1600,500,0
1884,6,1,4200,1900,840
1885,13,1,2200,700,440
1885,11,1,3400,1300,0
1885,20,1,3900,1700,0
1886,12,1,2400,800,0
1886,4,1,7200,4200,1440
1886,1,1,8900,5400,1780
1887,4,2,7200,4200,1440
1887,5,2,3200,1500,640
1887,2,1,6500,3900,0
1888,20,1,3900,1700,390
1889,3,1,4500,2200,0
1889,5,2,3200,1500,640
1890,10,1,2700,1100,540
1890,16,1,1600,500,160
1891,16,2,1600,500,0
1891,19,1,1200,300,0
1891,15,1,1800,600,0
1892,3,1,4500,2200,450
1892,10,2,2700,1100,1080
1893,2,1,6500,3900,0
1893,19,1,1200,300,240
1894,13,1,2200,700,0
1895,7,3,3800,1600,1140
1895,1,2,8900,5400,0
1895,4,2,7200,4200,0
1895,3,2,4500,2200,900
1896,9,3,3500,1500,0
1896,18,2,4800,2100,960
1896,7,1,3800,1600,760
1896,19,1,1200,300,240
1897,7,1,3800,1600,380
1898,14,1,3000,1100,0
1898,5,1,3200,1500,0
1898,1,2,8900,5400,0
1899,19,2,1200,300,0
1900,3,1,4500,2200,0
1901,18,2,4800,2100,0
1902,10,1,2700,1100,0
1903,13,1,2200,700,220
1903,20,2,3900,1700,0
1903,17,1,2500,900,0
1904,11,1,3400,1300,0
1904,12,1,2400,800,480
1904,17,1,2500,900,0
1904,2,1,6500,3900,0
1905,3,3,4500,2200,0
1906,13,2,2200,700,0
1907,14,1,3000,1100,0
1908,4,1,7200,4200,0
1908,3,1,4500,2200,0
1908,16,1,1600,500,0
1908,13,1,2200,700,0
1909,12,1,2400,800,0
1909,7,1,3800,1600,0
1910,8,3,2900,1200,0
1910,12,1,2400,800,240
1910,20,1,3900,1700,0
1911,11,1,3400,1300,0
1911,18,1,4800,2100,0
1911,2,1,6500,3900,0
1911,3,1,4500,2200,450
1912,7,1,3800,1600,380
1912,6,1,4200,1900,0
1912,15,1,1800,600,0
1913,6,1,4200,1900,420
1914,1,1,8900,5400,0
1914,18,2,4800,2100,0
1915,15,2,1800,600,0
1916,16,1,1600,500,160
1916,20,1,3900,1700,0
1916,15,1,1800,600,0
1916,4,1,7200,4200,0
1917,3,2,4500,2200,900
1917,5,1,3200,1500,0
1917,20,1,3900,1700,0
1917,2,2,6500,3900,2600
1918,16,1,1600,500,0
1918,4,1,7200,4200,0
1918,14,1,3000,1100,0
1918,19,2,1200,300,0
1919,17,2,2500,900,0
1919,8,1,2900,1200,0
1919,7,1,3800,1600,380
1919,10,1,2700,1100,0
1920,15,3,1800,600,0
1920,7,2,3800,1600,0
1921,15,1,1800,600,180
1922,11,1,3400,1300,0
1923,4,1,7200,4200,0
1924,17,1,2500,900,0
1925,15,2,1800,600,720
1925,11,1,3400,1300,0
1925,20,1,3900,1700,390
1926,4,1,7200,4200,0
1926,10,1,2700,1100,0
1927,13,1,2200,700,0
1927,10,2,2700,1100,1080
1927,8,1,2900,1200,290
1927,5,1,3200,1500,0
1928,9,3,3500,1500,0
1928,19,1,1200,300,0
1928,6,2,4200,1900,840
1929,2,2,6500,3900,0
1929,3,1,4500,2200,0
1929,10,1,2700,1100,0
1929,13,1,2200,700,220
1930,7,3,3800,1600,0
1931,20,2,3900,1700,0
1931,7,1,3800,1600,0
1931,1,2,8900,5400,0
1931,3,1,4500,2200,0
1932,18,1,4800,2100,960
1932,2,1,6500,3900,650
1932,6,1,4200,1900,0
1933,20,1,3900,1700,0
1934,14,1,3000,1100,0
1934,3,1,4500,2200,0
1934,8,2,2900,1200,0
1934,20,1,3900,1700,0
1935,15,2,1800,600,360
1935,9,2,3500,1500,0
1935,20,3,3900,1700,1170
1936,8,2,2900,1200,0
1936,1,2,8900,5400,0
1937,18,1,4800,2100,0
1938,16,1,1600,500,0
1938,14,1,3000,1100,300
1939,17,1,2500,900,0
1940,14,1,3000,1100,0
1940,8,1,2900,1200,0
1941,15,1,1800,600,0
1941,13,1,2200,700,0
1942,15,1,1800,600,0
1942,13,2,2200,700,0
1943,15,1,1800,600,0
1944,11,1,3400,1300,0
1944,20,1,3900,1700,0
1945,18,2,4800,2100,1920
1946,1,1,8900,5400,0
1946,3,2,4500,2200,900
1946,10,1,2700,1100,0
1947,19,2,1200,300,0
1947,12,1,2400,800,0
1948,17,1,2500,900,250
1948,14,2,3000,1100,0
1948,2,1,6500,3900,0
1949,18,3,4800,2100,0
1949,16,1,1600,500,160
1949,12,1,2400,800,0
1949,15,1,1800,600,180
1950,2,1,6500,3900,1300
1950,16,1,1600,500,0
1950,9,1,3500,1500,700
1950,6,1,4200,1900,420
1951,13,1,2200,700,0
1952,5,2,3200,1500,640
1953,9,1,3500,1500,0
1953,19,2,1200,300,240
1954,16,1,1600,500,320
1954,3,3,4500,2200,0
1954,9,1,3500,1500,350
1955,7,2,3800,1600,0
1955,12,1,2400,800,0
1955,10,1,2700,1100,0
1955,9,1,3500,1500,0
1956,9,1,3500,1500,0
1956,17,1,2500,900,0
1957,6,1,4200,1900,0
1957,14,1,3000,1100,0
1957,16,1,1600,500,160
1957,7,2,3800,1600,0
1958,8,2,2900,1200,0
1958,6,1,4200,1900,420
1958,14,1,3000,1100,0
1959,18,1,4800,2100,480
1959,2,1,6500,3900,650
1959,12,1,2400,800,240
1960,6,1,4200,1900,0
1960,1,3,8900,5400,0
1960,2,1,6500,3900,0
1960,15,1,1800,600,0
1961,9,1,3500,1500,700
1961,12,1,2400,800,0
1961,1,1,8900,5400,0
1962,10,3,2700,1100,0
1963,11,2,3400,1300,0
1963,8,1,2900,1200,0
1964,16,1,1600,500,160
1964,11,1,3400,1300,0
1965,9,3,3500,1500,0
1966,5,2,3200,1500,0
1966,18,1,4800,2100,480
1966,14,1,3000,1100,0
1967,12,3,2400,800,0
1967,10,2,2700,1100,1080
1967,11,2,3400,1300,680
1968,3,1,4500,2200,900
1969,15,2,1800,600,0
1969,2,1,6500,3900,0
1970,9,2,3500,1500,700
1970,13,2,2200,700,0
1970,4,1,7200,4200,720
1970,5,2,3200,1500,0
1971,1,1,8900,5400,1780
1971,17,1,2500,900,0
1971,9,1,3500,1500,0
1971,19,1,1200,300,0
1972,8,2,2900,1200,0
1973,10,1,2700,1100,270
1974,5,1,3200,1500,320
1974,14,1,3000,1100,0
1975,10,1,2700,1100,270
1976,5,1,3200,1500,320
1977,18,2,4800,2100,0
1977,6,1,4200,1900,0
1978,6,1,4200,1900,0
1978,3,1,4500,2200,0
1978,4,2,7200,4200,0
1978,11,1,3400,1300,0
1979,3,1,4500,2200,450
1979,2,1,6500,3900,0
1980,1,1,8900,5400,0
1980,14,1,3000,1100,0
1980,5,1,3200,1500,640
1981,7,2,3800,1600,0
1981,6,1,4200,1900,420
1981,17,1,2500,900,0
1981,4,2,7200,4200,0
1982,11,1,3400,1300,340
1983,12,1,2400,800,0
1984,12,2,2400,800,0
1984,3,1,4500,2200,0
1984,20,2,3900,1700,0
1985,18,1,4800,2100,0
1985,16,1,1600,500,320
1986,17,2,2500,900,0
1986,13,1,2200,700,0
1986,15,1,1800,600,180
1987,12,1,2400,800,0
1987,10,1,2700,1100,0
1987,3,2,4500,2200,900
1987,5,1,3200,1500,0
1988,8,1,2900,1200,0
1989,4,1,7200,4200,720
1990,18,1,4800,2100,480
1991,14,1,3000,1100,300
1992,16,3,1600,500,480
1993,16,1,1600,500,0
1993,14,1,3000,1100,0
1993,20,1,3900,1700,0
1994,4,1,7200,4200,720
1994,14,1,3000,1100,300
1994,8,1,2900,1200,0
1994,9,1,3500,1500,0
1995,19,2,1200,300,0
1996,14,1,3000,1100,0
1996,16,1,1600,500,0
1996,5,1,3200,1500,0
1997,17,1,2500,900,250
1998,4,2,7200,4200,0
1998,5,1,3200,1500,0
1998,13,1,2200,700,0
1998,18,1,4800,2100,0
1999,6,1,4200,1900,0
2000,13,1,2200,700,0
2000,3,1,4500,2200,0
2000,10,1,2700,1100,0
2001,14,1,3000,1100,0
2001,4,1,7200,4200,0
2001,10,1,2700,1100,0
2001,6,1,4200,1900,0
2002,9,1,3500,1500,0
2003,1,1,8900,5400,0
2003,7,1,3800,1600,380
2003,13,2,2200,700,0
2003,8,1,2900,1200,290
2004,5,1,3200,1500,0
2004,4,2,7200,4200,0
2005,2,1,6500,3900,0
2005,13,1,2200,700,0
2005,5,1,3200,1500,0
2006,15,1,1800,600,180
2007,11,1,3400,1300,340
2007,15,1,1800,600,0
2007,17,1,2500,900,0
2007,18,1,4800,2100,0
2008,9,1,3500,1500,0
2009,18,1,4800,2100,480
2010,16,1,1600,500,160
2011,8,2,2900,1200,0
2011,4,1,7200,4200,1440
2011,14,2,3000,1100,0
2011,7,1,3800,1600,380
2012,7,1,3800,1600,0
2012,16,2,1600,500,0
2012,18,1,4800,2100,0
2012,17,1,2500,900,0
2013,4,2,7200,4200,0
2014,12,1,2400,800,240
2014,7,1,3800,1600,0
2014,6,1,4200,1900,420
2014,4,1,7200,4200,0
2015,10,1,2700,1100,270
2016,10,2,2700,1100,0
2016,12,1,2400,800,0
2016,17,3,2500,900,750
2017,5,1,3200,1500,0
2018,11,1,3400,1300,340
2018,20,1,3900,1700,0
2019,9,2,3500,1500,700
2020,7,2,3800,1600,0
2020,13,1,2200,700,0
2021,18,1,4800,2100,0
2021,9,1,3500,1500,350
2022,20,2,3900,1700,0
2022,13,1,2200,700,0
2022,17,1,2500,900,0
2022,11,2,3400,1300,0
2023,18,3,4800,2100,0
2024,7,1,3800,1600,0
2024,11,2,3400,1300,0
2024,3,1,4500,2200,0
2024,14,1,3000,1100,0
2025,10,1,2700,1100,0
2025,1,1,8900,5400,0
2026,20,1,3900,1700,390
2027,8,1,2900,1200,580
2027,6,1,4200,1900,0
2027,20,1,3900,1700,0
2027,14,1,3000,1100,0
2028,6,1,4200,1900,0
2029,15,1,1800,600,360
2029,14,1,3000,1100,300
2029,12,1,2400,800,0
2030,4,1,7200,4200,0
2030,10,1,2700,1100,0
2030,16,1,1600,500,0
2031,3,2,4500,2200,0
2031,2,2,6500,3900,1300
2031,17,2,2500,900,0
2032,6,1,4200,1900,840
2032,19,1,1200,300,0
2032,20,1,3900,1700,0
2033,19,1,1200,300,0
2033,12,1,2400,800,0
2034,20,2,3900,1700,780
2034,1,2,8900,5400,0
2035,1,1,8900,5400,0
2035,13,1,2200,700,0
2035,14,1,3000,1100,0
2036,9,1,3500,1500,0
2036,7,3,3800,1600,0
2037,17,1,2500,900,250
2038,13,1,2200,700,0
2038,5,1,3200,1500,0
2039,6,2,4200,1900,1680
2039,18,1,4800,2100,480
2039,17,2,2500,900,500
2040,10,1,2700,1100,270
2040,11,1,3400,1300,0
2040,7,1,3800,1600,0
2040,19,1,1200,300,0
2041,9,1,3500,1500,0
2041,5,2,3200,1500,1280
2041,18,1,4800,2100,0
2042,14,1,3000,1100,0
2042,15,1,1800,600,180
2042,18,2,4800,2100,0
2042,9,2,3500,1500,700
2043,3,2,4500,2200,0
2043,20,3,3900,1700,1170
2043,1,2,8900,5400,0
2043,7,1,3800,1600,380
2044,3,1,4500,2200,0
2044,18,1,4800,2100,0
2044,17,1,2500,900,0
2045,12,1,2400,800,0
2045,14,2,3000,1100,1200
2046,14,1,3000,1100,0
2046,20,1,3900,1700,390
2046,8,2,2900,1200,1160
2047,11,1,3400,1300,680
2047,15,2,1800,600,0
2048,16,2,1600,500,320
2048,14,1,3000,1100,600
2048,6,1,4200,1900,0
2049,14,2,3000,1100,600
2049,18,1,4800,2100,0
2050,3,2,4500,2200,0
2051,20,1,3900,1700,0
2052,5,1,3200,1500,0
2052,16,1,1600,500,160
2052,15,1,1800,600,0
2053,9,1,3500,1500,0
2053,10,1,2700,1100,0
2054,8,1,2900,1200,290
2054,4,1,7200,4200,0
2055,15,2,1800,600,360
2056,15,1,1800,600,0
2056,20,1,3900,1700,0
2056,14,1,3000,1100,0
2057,16,1,1600,500,160
2057,9,1,3500,1500,700
2057,20,2,3900,1700,780
2057,12,1,2400,800,0
2058,1,1,8900,5400,0
2058,8,1,2900,1200,0
2058,16,2,1600,500,0
2059,10,1,2700,1100,0
2060,7,2,3800,1600,0
2060,20,1,3900,1700,390
2060,2,1,6500,3900,650
2060,18,1,4800,2100,0
2061,11,3,3400,1300,1020
2061,8,1,2900,1200,0
2061,17,1,2500,900,500
2062,14,1,3000,1100,0
2062,2,3,6500,3900,1950
2062,1,1,8900,5400,890
2062,19,2,1200,300,0
2063,3,1,4500,2200,450
2064,3,1,4500,2200,450
2064,20,1,3900,1700,390
2064,18,1,4800,2100,960
2065,16,2,1600,500,0
2065,15,2,1800,600,0
2065,14,1,3000,1100,0
2066,13,1,2200,700,220
2066,18,1,4800,2100,0
2066,5,1,3200,1500,0
2066,1,1,8900,5400,0
2067,1,1,8900,5400,0
2067,6,1,4200,1900,0
2068,20,1,3900,1700,780
2068,18,1,4800,2100,0
2069,13,1,2200,700,220
2069,2,1,6500,3900,0
2069,10,1,2700,1100,0
2069,16,1,1600,500,0
2070,1,1,8900,5400,0
2070,7,1,3800,1600,760
2071,17,1,2500,900,250
2071,16,3,1600,500,0
2072,14,1,3000,1100,0
2072,10,3,2700,1100,1620
2072,16,1,1600,500,160
2072,18,1,4800,2100,0
2073,11,1,3400,1300,0
2073,18,1,4800,2100,0
2073,3,1,4500,2200,450
2073,12,1,2400,800,0
2074,19,1,1200,300,120
2075,18,1,4800,2100,480
2075,13,2,2200,700,880
2076,7,1,3800,1600,380
2076,18,1,4800,2100,0
2077,2,3,6500,3900,3900
2078,9,1,3500,1500,700
2078,5,1,3200,1500,640
2079,8,1,2900,1200,0
2079,2,1,6500,3900,0
2079,4,1,7200,4200,0
2079,6,1,4200,1900,0
2080,12,3,2400,800,0
2080,7,1,3800,1600,0
2080,2,1,6500,3900,0
2081,2,1,6500,3900,650
2082,11,1,3400,1300,340
2082,15,1,1800,600,180
2082,14,1,3000,1100,300
2083,20,1,3900,1700,0
2083,19,1,1200,300,240
2084,3,1,4500,2200,0
2084,4,1,7200,4200,0
2084,1,1,8900,5400,890
2085,6,1,4200,1900,420
2085,9,1,3500,1500,0
2086,16,1,1600,500,0
2087,5,1,3200,1500,0
2087,1,2,8900,5400,1780
2087,17,1,2500,900,0
2087,7,1,3800,1600,0
2088,16,1,1600,500,0
2088,5,1,3200,1500,0
2088,19,1,1200,300,240
2089,20,1,3900,1700,0
2089,16,1,1600,500,0
2089,5,1,3200,1500,0
2090,11,1,3400,1300,0
2091,17,1,2500,900,0
2091,13,1,2200,700,0
2092,14,2,3000,1100,600
2093,20,1,3900,1700,0
2093,11,1,3400,1300,340
2093,2,1,6500,3900,0
2093,1,3,8900,5400,0
2094,14,1,3000,1100,0
2094,5,1,3200,1500,0
2094,8,1,2900,1200,0
2095,3,1,4500,2200,900
2095,7,1,3800,1600,0
2096,4,2,7200,4200,1440
2097,19,2,1200,300,0
2097,9,1,3500,1500,0
2097,15,1,1800,600,180
2097,3,1,4500,2200,450
2098,8,3,2900,1200,0
2098,18,1,4800,2100,0
2098,6,2,4200,1900,0
2099,8,1,2900,1200,0
2099,10,1,2700,1100,0
2099,15,1,1800,600,0
2100,5,1,3200,1500,320
2100,13,1,2200,700,0
2101,11,1,3400,1300,340
2101,13,1,2200,700,220
2101,5,2,3200,1500,0
2101,6,2,4200,1900,840
2102,5,1,3200,1500,0
2102,8,2,2900,1200,0
2103,16,1,1600,500,320
2103,14,1,3000,1100,300
2103,20,1,3900,1700,780
2103,17,1,2500,900,0
2104,8,1,2900,1200,0
2105,20,1,3900,1700,0
2105,6,1,4200,1900,0
2105,17,1,2500,900,500
2106,6,2,4200,1900,840
2106,14,1,3000,1100,300
2106,15,1,1800,600,0
2106,11,1,3400,1300,0
2107,14,1,3000,1100,0
2107,10,1,2700,1100,0
2107,4,1,7200,4200,1440
2108,2,1,6500,3900,0
2108,4,1,7200,4200,720
2109,6,1,4200,1900,0
2109,9,2,3500,1500,700
2110,16,1,1600,500,0
2110,13,1,2200,700,220
2111,17,3,2500,900,0
2112,3,2,4500,2200,0
2113,13,1,2200,700,0
2113,16,2,1600,500,0
2113,4,1,7200,4200,720
2113,12,1,2400,800,240
2114,5,1,3200,1500,320
2114,16,1,1600,500,160
2114,20,2,3900,1700,0
2114,2,1,6500,3900,0
2115,14,2,3000,1100,0
2115,15,1,1800,600,360
2115,5,2,3200,1500,1280
2116,18,2,4800,2100,960
2116,8,1,2900,1200,290
2117,6,2,4200,1900,0
2117,14,1,3000,1100,0
2117,9,1,3500,1500,0
2117,7,1,3800,1600,0
2118,3,1,4500,2200,0
2118,19,1,1200,300,0
2118,4,1,7200,4200,720
2119,11,1,3400,1300,0
2119,7,1,3800,1600,0
2120,19,1,1200,300,0
2120,16,1,1600,500,0
2120,9,2,3500,1500,0
2121,7,3,3800,1600,0
2121,10,1,2700,1100,0
2121,8,1,2900,1200,0
2122,19,1,1200,300,0
2123,10,1,2700,1100,0
2123,4,1,7200,4200,0
2124,9,2,3500,1500,700
2124,15,1,1800,600,0
2124,19,1,1200,300,120
2125,6,2,4200,1900,0
2125,12,1,2400,800,0
2126,10,2,2700,1100,0
2126,4,1,7200,4200,720
2126,13,1,2200,700,220
2126,11,1,3400,1300,680
2127,16,1,1600,500,0
2127,10,1,2700,1100,0
2127,20,1,3900,1700,390
2128,7,1,3800,1600,0
2129,15,1,1800,600,0
2129,1,1,8900,5400,0
2129,10,3,2700,1100,0
2130,8,1,2900,1200,0
2130,10,3,2700,1100,0
2130,4,1,7200,4200,1440
2130,12,1,2400,800,240
2131,4,1,7200,4200,720
2131,1,1,8900,5400,0
2131,3,1,4500,2200,450
2131,15,2,1800,600,0
2132,18,1,4800,2100,480
2132,14,1,3000,1100,300
2132,6,1,4200,1900,420
2132,17,1,2500,900,250
2133,15,3,1800,600,540
2133,13,1,2200,700,0
2133,8,2,2900,1200,580
2133,12,1,2400,800,0
2134,18,1,4800,2100,480
2134,20,3,3900,1700,0
2135,3,1,4500,2200,0
2136,10,2,2700,1100,1080
2136,8,1,2900,1200,290
2136,14,1,3000,1100,0
2136,13,2,2200,700,440
2137,7,1,3800,1600,380
2138,8,1,2900,1200,0
2138,12,2,2400,800,0
2138,14,3,3000,1100,0
2138,19,2,1200,300,240
2139,3,2,4500,2200,0
2139,5,1,3200,1500,0
2139,17,1,2500,900,0
2140,3,1,4500,2200,0
2140,9,2,3500,1500,700
2141,11,1,3400,1300,340
2141,10,1,2700,1100,540
2142,7,1,3800,1600,0
2142,6,1,4200,1900,0
2142,12,1,2400,800,240
2143,3,2,4500,2200,0
2143,7,3,3800,1600,1140
2143,13,1,2200,700,0
2144,15,1,1800,600,180
2144,14,1,3000,1100,300
2145,5,1,3200,1500,0
2145,6,1,4200,1900,0
2145,1,3,8900,5400,2670
2145,3,1,4500,2200,0
2146,1,1,8900,5400,890
2146,17,2,2500,900,0
2147,16,2,1600,500,0
2147,14,1,3000,1100,0
2147,4,1,7200,4200,720
2147,8,1,2900,1200,0
2148,2,1,6500,3900,650
2148,10,1,2700,1100,0
2149,2,2,6500,3900,1300
2149,8,1,2900,1200,0
2150,15,1,1800,600,0
2150,10,2,2700,1100,540
2150,4,1,7200,4200,0
2150,3,2,4500,2200,0
2151,1,1,8900,5400,890
2151,8,1,2900,1200,580
2151,10,1,2700,1100,0
2151,5,1,3200,1500,320
2152,18,3,4800,2100,0
2152,5,1,3200,1500,640
2152,13,2,2200,700,0
2152,15,1,1800,600,360
2153,13,1,2200,700,0
2153,1,1,8900,5400,1780
2154,9,1,3500,1500,350
2154,17,1,2500,900,0
2154,1,3,8900,5400,0
2155,1,1,8900,5400,0
2156,10,1,2700,1100,270
2156,11,1,3400,1300,0
2156,9,2,3500,1500,700
2156,13,1,2200,700,440
2157,7,1,3800,1600,0
2157,3,3,4500,2200,0
2158,11,1,3400,1300,680
2158,15,1,1800,600,0
2159,2,1,6500,3900,1300
2159,19,1,1200,300,0
2159,10,1,2700,1100,0
2159,3,1,4500,2200,0
2160,8,1,2900,1200,0
2160,15,2,1800,600,0
2161,2,1,6500,3900,0
2161,1,3,8900,5400,2670
2161,13,2,2200,700,440
2161,9,1,3500,1500,0
2162,8,1,2900,1200,0
2162,2,1,6500,3900,650
2162,20,1,3900,1700,0
2162,18,2,4800,2100,0
2163,10,1,2700,1100,270
2164,7,3,3800,1600,0
2164,4,2,7200,4200,1440
2164,18,1,4800,2100,0
2164,3,1,4500,2200,450
2165,16,1,1600,500,0
2165,14,3,3000,1100,0
2165,4,1,7200,4200,720
2166,11,1,3400,1300,0
2166,15,1,1800,600,180
2166,5,1,3200,1500,0
2166,17,1,2500,900,500
2167,13,1,2200,700,0
2167,17,1,2500,900,250
2167,12,1,2400,800,0
2168,3,2,4500,2200,900
2168,7,1,3800,1600,0
2168,17,2,2500,900,500
2168,5,2,3200,1500,0
2169,19,2,1200,300,0
2169,20,1,3900,1700,0
2170,3,2,4500,2200,1800
2170,20,1,3900,1700,0
2170,2,1,6500,3900,0
2170,15,2,1800,600,0
2171,7,1,3800,1600,760
2171,6,1,4200,1900,420
2171,8,1,2900,1200,0
2172,1,1,8900,5400,0
2172,13,1,2200,700,220
2172,9,1,3500,1500,0
2172,8,2,2900,1200,0
2173,8,1,2900,1200,0
2173,16,2,1600,500,0
2173,2,2,6500,3900,0
2174,8,3,2900,1200,0
2174,4,2,7200,4200,0
2174,19,1,1200,300,0
2175,11,1,3400,1300,0
2176,11,1,3400,1300,680
2176,1,1,8900,5400,0
2176,16,3,1600,500,0
2177,6,1,4200,1900,0
2177,4,1,7200,4200,1440
2178,18,2,4800,2100,1920
2178,13,2,2200,700,440
2178,14,1,3000,1100,0
2179,7,2,3800,1600,0
2179,3,2,4500,2200,0
2179,9,2,3500,1500,0
2179,6,1,4200,1900,0
2180,6,1,4200,1900,0
2180,18,1,4800,2100,0
2181,11,2,3400,1300,0
2181,3,1,4500,2200,450
2181,5,2,3200,1500,0
2182,3,1,4500,2200,0
2182,13,1,2200,700,220
2182,9,1,3500,1500,350
2183,1,1,8900,5400,890
2183,4,1,7200,4200,0
2183,12,1,2400,800,0
2184,10,1,2700,1100,0
2184,18,1,4800,2100,960
2184,7,1,3800,1600,0
2185,14,1,3000,1100,0
2186,8,1,2900,1200,0
2186,5,1,3200,1500,0
2187,1,1,8900,5400,0
2187,4,1,7200,4200,1440
2187,12,3,2400,800,720
2187,2,1,6500,3900,0
2188,18,1,4800,2100,0
2188,12,1,2400,800,0
2189,16,1,1600,500,0
2189,19,2,1200,300,0
2190,4,2,7200,4200,1440
2190,3,1,4500,2200,0
2190,14,1,3000,1100,600
2191,10,1,2700,1100,270
2191,4,2,7200,4200,0
2191,20,1,3900,1700,0
2191,6,1,4200,1900,0
2192,19,1,1200,300,240
2192,16,1,1600,500,160
2192,15,1,1800,600,180
2193,11,1,3400,1300,0
2193,10,1,2700,1100,0
2194,13,2,2200,700,440
2194,10,1,2700,1100,270
2194,8,1,2900,1200,0
2195,10,1,2700,1100,0
2196,2,1,6500,3900,0
2197,16,1,1600,500,160
2197,14,1,3000,1100,300
2198,20,1,3900,1700,390
2198,5,1,3200,1500,0
2198,2,1,6500,3900,1300
2199,11,1,3400,1300,0
2200,6,1,4200,1900,0
2200,13,1,2200,700,220
2201,3,1,4500,2200,0
2202,20,1,3900,1700,0
2202,17,1,2500,900,0
2202,9,1,3500,1500,350
2203,14,3,3000,1100,0
2203,16,1,1600,500,160
2203,19,1,1200,300,120
2203,3,1,4500,2200,0
2204,2,1,6500,3900,0
2205,14,1,3000,1100,0
2206,5,1,3200,1500,320
2206,15,1,1800,600,0
2206,17,1,2500,900,0
2207,13,1,2200,700,0
2208,15,1,1800,600,0
2208,12,1,2400,800,0
2208,9,1,3500,1500,0
2208,8,2,2900,1200,580
2209,6,1,4200,1900,0
2209,17,1,2500,900,0
2209,16,2,1600,500,0
2210,8,1,2900,1200,290
2210,9,1,3500,1500,0
2210,11,1,3400,1300,0
2210,20,2,3900,1700,0
2211,7,1,3800,1600,0
2211,15,1,1800,600,360
2211,6,1,4200,1900,0
2212,16,1,1600,500,0
2213,19,3,1200,300,0
2214,11,1,3400,1300,0
2214,13,1,2200,700,220
2214,10,2,2700,1100,0
2215,17,2,2500,900,500
2215,3,2,4500,2200,1800
2215,19,1,1200,300,120
2215,8,1,2900,1200,0
2216,20,1,3900,1700,0
2217,12,2,2400,800,0
2217,16,2,1600,500,0
2217,4,1,7200,4200,0
2218,4,1,7200,4200,720
2218,14,1,3000,1100,300
2218,5,1,3200,1500,0
2218,3,1,4500,2200,450
2219,2,1,6500,3900,0
2219,10,1,2700,1100,0
2219,5,1,3200,1500,320
2220,7,1,3800,1600,760
2220,20,1,3900,1700,390
2220,14,1,3000,1100,0
2221,2,1,6500,3900,0
2222,18,1,4800,2100,0
2223,13,2,2200,700,0
2224,3,2,4500,2200,1800
2224,17,1,2500,900,0
2224,12,1,2400,800,0
2225,13,1,2200,700,0
2225,16,1,1600,500,0
2226,10,1,2700,1100,0
2227,15,1,1800,600,180
2228,2,1,6500,3900,1300
2228,13,1,2200,700,0
2229,12,1,2400,800,0
2229,10,1,2700,1100,0
2229,18,1,4800,2100,0
2230,15,2,1800,600,360
2230,12,1,2400,800,0
2230,3,1,4500,2200,0
2230,11,1,3400,1300,0
2231,17,1,2500,900,0
2232,2,1,6500,3900,0
2233,8,1,2900,1200,0
2233,16,1,1600,500,160
2234,4,1,7200,4200,0
2234,19,1,1200,300,0
2234,6,2,4200,1900,0
2234,14,1,3000,1100,0
2235,1,1,8900,5400,1780
2235,2,1,6500,3900,650
2235,11,1,3400,1300,0
2236,13,1,2200,700,0
2236,15,1,1800,600,0
2236,8,1,2900,1200,290
2236,17,2,2500,900,0
2237,19,1,1200,300,0
2238,1,1,8900,5400,890
2238,16,1,1600,500,320
2239,14,1,3000,1100,0
2239,13,1,2200,700,0
2239,5,1,3200,1500,0
2240,13,1,2200,700,0
2240,2,1,6500,3900,650
2240,1,1,8900,5400,0
2241,6,1,4200,1900,420
2242,4,2,7200,4200,0
2242,17,2,2500,900,0
2242,6,1,4200,1900,0
2243,7,1,3800,1600,0
2243,19,1,1200,300,0
2244,7,1,3800,1600,0
2244,14,1,3000,1100,0
2244,3,2,4500,2200,900
2244,11,1,3400,1300,0
2245,9,1,3500,1500,0
2245,18,1,4800,2100,0
2246,2,2,6500,3900,1300
2246,8,2,2900,1200,0
2246,3,1,4500,2200,450
2247,4,1,7200,4200,0
2247,8,1,2900,1200,580
2247,14,2,3000,1100,600
2248,19,2,1200,300,0
2249,10,1,2700,1100,0
2249,16,2,1600,500,0
2250,7,2,3800,1600,0
2251,10,1,2700,1100,540
2252,4,1,7200,4200,0
2252,15,1,1800,600,0
2252,1,1,8900,5400,0
2253,4,1,7200,4200,0
2253,10,1,2700,1100,0
2253,17,2,2500,900,500
2253,15,1,1800,600,0
2254,16,1,1600,500,0
2254,9,1,3500,1500,350
2254,2,2,6500,3900,0
2255,1,1,8900,5400,0
2255,8,3,2900,1200,0
2255,19,1,1200,300,120
2255,4,1,7200,4200,0
2256,14,1,3000,1100,600
2256,15,1,1800,600,0
2257,3,1,4500,2200,900
2257,2,1,6500,3900,0
2258,8,1,2900,1200,0
2258,13,1,2200,700,0
2258,2,3,6500,3900,0
2259,17,1,2500,900,0
2259,9,1,3500,1500,0
2259,20,1,3900,1700,780
2260,15,1,1800,600,360
2261,20,2,3900,1700,1560
2261,7,1,3800,1600,0
2261,19,2,1200,300,0
2262,2,1,6500,3900,0
2263,11,1,3400,1300,0
2263,19,1,1200,300,120
2263,14,1,3000,1100,0
2264,6,1,4200,1900,420
2264,8,2,2900,1200,580
2264,4,1,7200,4200,1440
2265,13,3,2200,700,0
2265,20,1,3900,1700,0
2266,8,3,2900,1200,870
2266,4,2,7200,4200,1440
2266,15,1,1800,600,0
2266,7,1,3800,1600,0
2267,17,3,2500,900,0
2267,13,1,2200,700,220
2267,11,1,3400,1300,0
2268,8,1,2900,1200,0
2269,15,1,1800,600,0
2269,2,1,6500,3900,650
2269,14,2,3000,1100,0
2269,1,1,8900,5400,890
2270,19,2,1200,300,0
2270,18,1,4800,2100,480
2270,7,1,3800,1600,0
2270,12,1,2400,800,480
2271,16,1,1600,500,0
2271,1,1,8900,5400,0
2271,8,2,2900,1200,0
2272,12,1,2400,800,240
2272,11,1,3400,1300,0
2273,1,1,8900,5400,0
2274,3,2,4500,2200,0
2275,18,2,4800,2100,1920
2275,9,1,3500,1500,0
2276,1,1,8900,5400,0
2276,2,1,6500,3900,650
2277,19,1,1200,300,0
2277,2,2,6500,3900,0
2277,18,1,4800,2100,0
2277,13,1,2200,700,220
2278,12,1,2400,800,0
2278,11,1,3400,1300,680
2278,14,1,3000,1100,300
2278,3,1,4500,2200,0
2279,4,1,7200,4200,0
2279,16,3,1600,500,0
2279,13,1,2200,700,0
2280,20,1,3900,1700,780
2280,8,1,2900,1200,0
2280,14,2,3000,1100,0
2280,17,1,2500,900,0
2281,6,1,4200,1900,420
2281,11,1,3400,1300,340
2282,6,1,4200,1900,0
2283,6,1,4200,1900,0
2283,20,2,3900,1700,0
2283,11,1,3400,1300,0
2284,18,2,4800,2100,960
2284,14,1,3000,1100,300
2284,17,1,2500,900,0
2284,4,1,7200,4200,0
2285,3,1,4500,2200,450
2285,11,1,3400,1300,340
2285,19,2,1200,300,240
2285,12,1,2400,800,0
2286,19,1,1200,300,120
2286,4,3,7200,4200,4320
2286,5,1,3200,1500,0
2287,1,1,8900,5400,0
2287,7,1,3800,1600,0
2287,5,1,3200,1500,0
2287,19,1,1200,300,0
2288,19,2,1200,300,0
2288,7,1,3800,1600,0
2288,12,1,2400,800,0
2288,16,1,1600,500,0
2289,13,1,2200,700,220
2289,15,1,1800,600,360
2290,4,2,7200,4200,0
2290,20,2,3900,1700,0
2290,6,1,4200,1900,0
2290,12,1,2400,800,0
2291,19,1,1200,300,240
2291,6,1,4200,1900,0
2292,4,2,7200,4200,1440
2292,2,1,6500,3900,0
2293,12,1,2400,800,0
2293,10,1,2700,1100,0
2293,18,1,4800,2100,0
2293,20,1,3900,1700,0
2294,16,2,1600,500,0
2294,14,1,3000,1100,0
2295,3,3,4500,2200,1350
2295,1,1,8900,5400,0
2295,19,1,1200,300,0
2296,7,1,3800,1600,0
2296,2,3,6500,3900,0
2297,1,1,8900,5400,890
2297,7,2,3800,1600,0
2298,19,3,1200,300,360
2298,4,1,7200,4200,1440
2299,13,2,2200,700,440
2299,8,1,2900,1200,290
2299,4,1,7200,4200,720
2299,14,1,3000,1100,0
2300,3,1,4500,2200,0
2300,1,1,8900,5400,0
2300,13,1,2200,700,0
2301,11,1,3400,1300,0
2302,6,1,4200,1900,0
2302,17,1,2500,900,250
2302,1,1,8900,5400,1780
2302,5,1,3200,1500,0
2303,4,2,7200,4200,1440
2303,11,1,3400,1300,340
2304,11,1,3400,1300,0
2305,12,1,2400,800,480
2305,9,2,3500,1500,0
2306,20,1,3900,1700,0
2306,12,1,2400,800,0
2307,6,1,4200,1900,0
2307,15,3,1800,600,0
2307,19,1,1200,300,240
2307,20,1,3900,1700,780
2308,19,1,1200,300,120
2309,5,1,3200,1500,320
2309,6,3,4200,1900,1260
2309,8,1,2900,1200,0
2310,19,1,1200,300,0
2310,14,1,3000,1100,300
2310,15,1,1800,600,0
2311,1,2,8900,5400,0
2311,10,3,2700,1100,0
2312,3,3,4500,2200,0
2313,2,1,6500,3900,650
2313,4,1,7200,4200,720
2313,12,1,2400,800,0
2313,6,1,4200,1900,0
2314,5,1,3200,1500,0
2315,16,1,1600,500,320
2316,19,1,1200,300,240
2316,5,1,3200,1500,640
2316,15,2,1800,600,360
2316,4,1,7200,4200,0
2317,5,1,3200,1500,640
2317,17,1,2500,900,0
2317,12,1,2400,800,240
2318,19,1,1200,300,0
2318,15,1,1800,600,180
2319,19,1,1200,300,120
2319,10,1,2700,1100,0
2319,20,2,3900,1700,0
2319,9,2,3500,1500,0
2320,5,1,3200,1500,0
2320,13,1,2200,700,0
2320,11,1,3400,1300,340
2320,10,1,2700,1100,270
2321,20,1,3900,1700,0
2321,17,1,2500,900,0
2322,12,1,2400,800,0
2322,17,1,2500,900,0
2322,11,1,3400,1300,340
2322,15,1,1800,600,0
2323,2,1,6500,3900,0
2323,16,1,1600,500,160
2323,7,2,3800,1600,0
2324,11,1,3400,1300,0
2324,1,1,8900,5400,0
2325,10,2,2700,1100,0
2325,1,1,8900,5400,0
2325,8,3,2900,1200,0
2326,5,2,3200,1500,640
2327,11,2,3400,1300,0
2327,20,1,3900,1700,0
2328,8,1,2900,1200,0
2328,9,1,3500,1500,0
2329,12,3,2400,800,0
2329,20,3,3900,1700,0
2329,15,1,1800,600,0
2330,12,2,2400,800,480
2330,19,1,1200,300,0
2330,9,1,3500,1500,0
2331,16,2,1600,500,0
2331,1,1,8900,5400,0
2332,1,1,8900,5400,0
2332,12,1,2400,800,0
2333,11,1,3400,1300,680
2333,20,1,3900,1700,0
2333,19,1,1200,300,0
2334,7,1,3800,1600,380
2334,8,1,2900,1200,290
2334,5,1,3200,1500,320
2335,13,1,2200,700,220
2335,19,2,1200,300,0
2336,6,1,4200,1900,0
2336,5,2,3200,1500,640
2337,14,1,3000,1100,600
2338,4,1,7200,4200,0
2338,6,1,4200,1900,0
2338,2,1,6500,3900,0
2339,6,1,4200,1900,420
2339,3,2,4500,2200,0
2339,18,1,4800,2100,480
2339,7,1,3800,1600,0
2340,1,2,8900,5400,0
2341,2,2,6500,3900,0
2341,20,1,3900,1700,0
2341,18,1,4800,2100,0
2341,5,1,3200,1500,0
2342,6,1,4200,1900,0
2342,18,1,4800,2100,0
2342,5,1,3200,1500,320
2342,2,3,6500,3900,3900
2343,10,1,2700,1100,270
2344,16,2,1600,500,0
2344,14,1,3000,1100,0
2344,1,1,8900,5400,890
2345,11,1,3400,1300,0
2345,6,1,4200,1900,0
2345,12,1,2400,800,480
2346,14,1,3000,1100,300
2346,11,1,3400,1300,0
2346,16,1,1600,500,0
2347,18,1,4800,2100,0
2347,10,2,2700,1100,0
2348,13,1,2200,700,0
2349,17,2,2500,900,0
2350,7,1,3800,1600,380
2351,19,1,1200,300,0
2351,12,2,2400,800,480
2351,3,2,4500,2200,1800
2351,5,1,3200,1500,320
2352,3,1,4500,2200,0
2352,13,3,2200,700,0
2352,1,1,8900,5400,0
2353,1,2,8900,5400,0
2353,17,1,2500,900,0
2353,13,1,2200,700,220
2353,16,1,1600,500,160
2354,15,1,1800,600,0
2354,13,1,2200,700,0
2354,20,1,3900,1700,780
2355,2,1,6500,3900,0
2356,6,1,4200,1900,0
2357,8,1,2900,1200,0
2357,6,1,4200,1900,0
2358,9,2,3500,1500,0
2358,15,1,1800,600,180
2358,11,1,3400,1300,0
2358,8,2,2900,1200,0
2359,6,1,4200,1900,0
2359,2,1,6500,3900,650
2359,10,1,2700,1100,0
2360,7,1,3800,1600,760
2361,13,1,2200,700,220
2361,19,2,1200,300,240
2361,15,1,1800,600,0
2361,20,1,3900,1700,390
2362,12,1,2400,800,0
2363,19,1,1200,300,240
2363,2,2,6500,3900,0
2363,17,1,2500,900,250
2364,1,1,8900,5400,0
2364,19,1,1200,300,0
2364,18,1,4800,2100,0
2365,2,2,6500,3900,0
2366,14,1,3000,1100,300
2366,20,1,3900,1700,0
2366,17,2,2500,900,0
2367,2,1,6500,3900,0
2367,15,1,1800,600,360
2368,5,1,3200,1500,0
2368,14,3,3000,1100,0
2369,18,2,4800,2100,1920
2369,6,2,4200,1900,0
2369,17,1,2500,900,0
2370,9,1,3500,1500,0
2370,18,1,4800,2100,0
2370,20,1,3900,1700,0
2370,15,1,1800,600,360
2371,3,1,4500,2200,0
2371,9,1,3500,1500,0
2372,14,2,3000,1100,600
2372,15,1,1800,600,0
2373,16,1,1600,500,0
2373,11,1,3400,1300,0
2373,10,1,2700,1100,0
2373,9,1,3500,1500,0
2374,14,1,3000,1100,600
2374,1,1,8900,5400,890
2375,9,2,3500,1500,0
2375,13,1,2200,700,0
2376,16,1,1600,500,160
2376,8,1,2900,1200,580
2376,14,1,3000,1100,0
2377,8,3,2900,1200,870
2377,2,1,6500,3900,0
2378,8,1,2900,1200,290
2378,4,1,7200,4200,1440
2378,13,1,2200,700,0
2379,3,1,4500,2200,0
2379,18,2,4800,2100,0
2379,14,2,3000,1100,600
2379,6,1,4200,1900,0
2380,18,1,4800,2100,480
2380,16,2,1600,500,0
2381,17,1,2500,900,0
2381,13,1,2200,700,0
2381,19,1,1200,300,0
2382,11,1,3400,1300,0
2382,5,1,3200,1500,320
2383,20,1,3900,1700,390
2383,9,1,3500,1500,0
2383,13,1,2200,700,220
2384,2,1,6500,3900,650
2384,11,2,3400,1300,0
2384,5,1,3200,1500,0
2384,20,2,3900,1700,0
2385,1,2,8900,5400,3560
2385,7,1,3800,1600,760
2386,18,2,4800,2100,960
2386,13,2,2200,700,0
2386,5,1,3200,1500,0
2386,14,1,3000,1100,0
2387,15,1,1800,600,0
2387,18,1,4800,2100,0
2387,8,1,2900,1200,0
2387,9,1,3500,1500,0
2388,16,2,1600,500,0
2388,8,3,2900,1200,0
2388,11,2,3400,1300,680
2389,9,1,3500,1500,0
2390,5,2,3200,1500,0
2391,15,1,1800,600,180
2391,1,1,8900,5400,890
2391,10,1,2700,1100,0
2392,19,2,1200,300,480
2392,15,1,1800,600,0
2393,12,2,2400,800,0
2394,8,1,2900,1200,0
2394,17,3,2500,900,0
2394,13,1,2200,700,220
2394,11,1,3400,1300,0
2395,20,3,3900,1700,0
2395,3,1,4500,2200,0
2396,1,1,8900,5400,0
2397,19,3,1200,300,0
2397,20,1,3900,1700,0
2397,9,1,3500,1500,0
2398,8,2,2900,1200,0
2399,3,1,4500,2200,0
2399,13,1,2200,700,0
2399,5,2,3200,1500,640
2399,8,1,2900,1200,0
2400,7,1,3800,1600,380
2400,15,1,1800,600,0
2401,17,1,2500,900,0
2401,15,1,1800,600,0
2402,12,1,2400,800,0
2402,16,1,1600,500,0
2402,11,2,3400,1300,0
2403,19,1,1200,300,0
2403,3,1,4500,2200,450
2404,20,2,3900,1700,780
2404,12,1,2400,800,240
2405,17,1,2500,900,0
2405,20,2,3900,1700,0
2405,6,1,4200,1900,0
2405,3,2,4500,2200,0
2406,7,1,3800,1600,380
2407,15,1,1800,600,180
2407,7,1,3800,1600,760
2407,1,1,8900,5400,890
2408,6,1,4200,1900,0
2409,14,1,3000,1100,300
2409,8,2,2900,1200,0
2410,12,1,2400,800,240
2411,1,1,8900,5400,890
2412,5,1,3200,1500,0
2412,11,1,3400,1300,0
2413,9,1,3500,1500,0
2413,17,1,2500,900,0
2414,14,1,3000,1100,0
2414,18,2,4800,2100,0
2414,20,1,3900,1700,0
2414,3,1,4500,2200,0
2415,2,1,6500,3900,650
2415,3,1,4500,2200,0
2416,19,1,1200,300,0
2417,19,2,1200,300,0
2418,13,1,2200,700,440
2418,18,1,4800,2100,0
2418,7,2,3800,1600,0
2419,16,1,1600,500,160
2420,20,1,3900,1700,0
2421,4,1,7200,4200,0
2422,9,1,3500,1500,0
2422,20,3,3900,1700,0
2423,16,1,1600,500,160
2424,5,2,3200,1500,0
2424,8,1,2900,1200,290
2424,3,1,4500,2200,900
2424,13,1,2200,700,0
2425,11,2,3400,1300,680
2426,19,2,1200,300,0
2426,13,1,2200,700,220
2427,13,1,2200,700,0
2427,20,1,3900,1700,780
2427,19,1,1200,300,120
2428,17,1,2500,900,250
2428,1,1,8900,5400,890
2428,19,1,1200,300,0
2429,13,1,2200,700,0
2430,20,1,3900,1700,0
2430,6,1,4200,1900,420
2431,18,1,4800,2100,0
2431,5,1,3200,1500,0
2431,12,2,2400,800,0
2432,1,2,8900,5400,1780
2432,7,1,3800,1600,0
2432,10,1,2700,1100,0
2432,17,1,2500,900,0
2433,18,1,4800,2100,480
2433,1,1,8900,5400,0
2434,17,2,2500,900,0
2434,14,1,3000,1100,0
2434,16,1,1600,500,0
2435,19,1,1200,300,0
2435,15,1,1800,600,0
2436,9,1,3500,1500,0
2436,3,1,4500,2200,450
2436,12,1,2400,800,240
2437,10,1,2700,1100,0
2438,13,2,2200,700,0
2438,1,1,8900,5400,0
2439,17,2,2500,900,1000
2439,8,2,2900,1200,1160
2439,13,3,2200,700,0
2439,20,1,3900,1700,0
2440,11,2,3400,1300,0
2440,9,1,3500,1500,0
2440,20,1,3900,1700,780
2441,5,3,3200,1500,1920
2441,20,1,3900,1700,0
2441,16,2,1600,500,320
2441,19,1,1200,300,120
2442,13,1,2200,700,0
2442,17,2,2500,900,0
2443,1,1,8900,5400,890
2443,19,1,1200,300,0
2443,7,2,3800,1600,0
2443,9,1,3500,1500,0
2444,8,1,2900,1200,0
2445,15,1,1800,600,0
2445,2,1,6500,3900,650
2445,1,1,8900,5400,890
2445,14,1,3000,1100,300
2446,14,1,3000,1100,0
2446,19,1,1200,300,120
2446,11,2,3400,1300,680
2446,10,1,2700,1100,0
2447,4,1,7200,4200,1440
2448,7,1,3800,1600,380
2448,9,1,3500,1500,0
2448,10,1,2700,1100,0
2448,15,1,1800,600,0
2449,9,1,3500,1500,350
2449,17,1,2500,900,0
2449,16,1,1600,500,0
2449,3,2,4500,2200,0
2450,15,1,1800,600,0
2450,13,2,2200,700,440
2450,3,2,4500,2200,1800
2451,6,1,4200,1900,420
2451,8,2,2900,1200,580
2451,11,2,3400,1300,0
2452,12,1,2400,800,0
2452,13,1,2200,700,220
2452,16,1,1600,500,0
2452,4,3,7200,4200,0
2453,3,2,4500,2200,1800
2453,17,3,2500,900,750
2454,16,1,1600,500,0
2455,9,3,3500,1500,2100
2455,20,2,3900,1700,0
2455,13,2,2200,700,0
2455,3,2,4500,2200,0
2456,17,2,2500,900,500
2456,18,3,4800,2100,0
2457,18,1,4800,2100,0
2457,16,1,1600,500,0
2457,15,1,1800,600,0
2458,18,3,4800,2100,1440
2459,20,1,3900,1700,0
2460,7,2,3800,1600,0
2460,18,1,4800,2100,0
2460,20,1,3900,1700,390
2461,1,1,8900,5400,1780
2462,15,1,1800,600,0
2463,14,1,3000,1100,300
2463,19,2,1200,300,240
2463,8,1,2900,1200,290
2463,6,1,4200,1900,0
2464,16,2,1600,500,640
2464,10,1,2700,1100,0
2464,18,1,4800,2100,0
2464,15,1,1800,600,180
2465,14,1,3000,1100,300
2465,16,1,1600,500,0
2466,16,1,1600,500,320
2466,20,1,3900,1700,0
2466,12,2,2400,800,480
2467,20,1,3900,1700,390
2467,8,1,2900,1200,580
2467,2,1,6500,3900,1300
2467,7,1,3800,1600,0
2468,15,2,1800,600,360
2469,11,1,3400,1300,0
2469,3,1,4500,2200,0
2470,11,1,3400,1300,340
2470,18,1,4800,2100,960
2471,13,1,2200,700,0
2471,14,1,3000,1100,0
2472,13,1,2200,700,0
2472,6,2,4200,1900,840
2472,17,1,2500,900,250
2473,2,1,6500,3900,0
2474,1,1,8900,5400,0
2475,7,1,3800,1600,0
2476,4,2,7200,4200,0
2476,18,1,4800,2100,0
2477,16,1,1600,500,0
2477,18,1,4800,2100,0
2477,1,1,8900,5400,0
2478,14,2,3000,1100,600
2478,19,1,1200,300,0
2478,13,1,2200,700,0
2478,1,1,8900,5400,890
2479,15,1,1800,600,0
2479,6,1,4200,1900,0
2480,17,1,2500,900,500
2480,20,1,3900,1700,0
2480,12,1,2400,800,0
2480,7,1,3800,1600,0
2481,7,1,3800,1600,0
2481,3,1,4500,2200,0
2482,12,1,2400,800,0
2482,20,1,3900,1700,390
2482,3,1,4500,2200,0
2482,1,1,8900,5400,890
2483,16,1,1600,500,0
2483,14,1,3000,1100,300
2483,20,1,3900,1700,0
2484,8,1,2900,1200,0
2485,4,1,7200,4200,720
2485,11,1,3400,1300,340
2486,8,1,2900,1200,0
2486,9,1,3500,1500,350
2486,11,1,3400,1300,0
2486,10,2,2700,1100,540
2487,7,1,3800,1600,0
2487,2,1,6500,3900,650
2487,19,2,1200,300,480
2487,5,1,3200,1500,0
2488,15,2,1800,600,0
2488,7,2,3800,1600,0
2488,6,1,4200,1900,0
2488,18,1,4800,2100,480
2489,20,1,3900,1700,0
2490,15,1,1800,600,180
2491,18,1,4800,2100,0
2491,19,1,1200,300,0
2491,7,1,3800,1600,0
2491,16,1,1600,500,160
2492,14,1,3000,1100,600
2493,1,1,8900,5400,890
2494,19,2,1200,300,240
2494,10,3,2700,1100,0
2494,9,2,3500,1500,700
2494,16,1,1600,500,160
2495,11,1,3400,1300,0
2496,15,1,1800,600,360
2496,20,1,3900,1700,0
2496,3,1,4500,2200,0
2497,17,1,2500,900,0
2497,11,1,3400,1300,0
2497,7,1,3800,1600,380
2497,20,1,3900,1700,390
2498,9,1,3500,1500,350
2498,8,1,2900,1200,0
2499,4,1,7200,4200,720
2499,12,1,2400,800,0
2500,14,1,3000,1100,600
2500,10,1,2700,1100,0
2500,13,1,2200,700,0
2501,3,1,4500,2200,0
2502,19,1,1200,300,240
2502,13,1,2200,700,0
2503,2,2,6500,3900,0
2504,12,2,2400,800,0
2504,5,1,3200,1500,0
2505,1,1,8900,5400,890
2505,20,1,3900,1700,390
2505,6,1,4200,1900,840
2506,12,3,2400,800,0
2506,15,1,1800,600,0
2506,4,1,7200,4200,720
2507,7,2,3800,1600,0
2508,4,1,7200,4200,720
2508,19,1,1200,300,120
2508,20,1,3900,1700,0
2509,3,1,4500,2200,0
2509,16,1,1600,500,160
2509,1,1,8900,5400,890
2509,18,2,4800,2100,960
2510,1,1,8900,5400,0
2510,16,3,1600,500,0
2510,4,2,7200,4200,0
2511,2,2,6500,3900,1300
2511,19,2,1200,300,0
2512,3,1,4500,2200,0
2512,16,1,1600,500,0
2512,19,1,1200,300,0
2512,12,1,2400,800,240
2513,5,3,3200,1500,0
2513,2,2,6500,3900,2600
2513,8,1,2900,1200,0
2513,19,1,1200,300,0
2514,18,1,4800,2100,0
2515,20,1,3900,1700,0
2515,8,1,2900,1200,290
2516,2,2,6500,3900,0
2516,14,2,3000,1100,600
2517,1,2,8900,5400,1780
2518,10,1,2700,1100,0
2519,14,1,3000,1100,0
2519,1,1,8900,5400,0
2520,9,2,3500,1500,700
2520,14,1,3000,1100,0
2520,2,1,6500,3900,0
2521,19,1,1200,300,0
2521,11,2,3400,1300,0
2521,9,1,3500,1500,350
2521,18,1,4800,2100,960
2522,9,1,3500,1500,0
2522,11,1,3400,1300,0
2522,13,2,2200,700,0
2522,14,1,3000,1100,0
2523,20,1,3900,1700,0
2523,1,2,8900,5400,3560
2524,18,1,4800,2100,480
2524,10,1,2700,1100,270
2525,10,3,2700,1100,0
2525,16,1,1600,500,0
2525,5,1,3200,1500,320
2525,17,1,2500,900,500
2526,5,1,3200,1500,0
2526,15,1,1800,600,180
2526,13,1,2200,700,0
2526,3,1,4500,2200,0
2527,16,1,1600,500,0
2527,2,1,6500,3900,0
2527,4,1,7200,4200,0
2527,13,1,2200,700,0
2528,5,1,3200,1500,0
2529,2,1,6500,3900,0
2529,1,1,8900,5400,0
2529,17,2,2500,900,0
2529,11,1,3400,1300,680
2530,8,2,2900,1200,0
2530,11,1,3400,1300,0
2530,7,2,3800,1600,0
2531,5,1,3200,1500,320
2531,8,1,2900,1200,0
2531,20,2,3900,1700,1560
2532,4,2,7200,4200,0
2532,9,1,3500,1500,350
2533,17,1,2500,900,0
2533,8,2,2900,1200,0
2533,9,2,3500,1500,0
2533,7,2,3800,1600,0
2534,8,1,2900,1200,0
2534,3,1,4500,2200,450
2535,2,2,6500,3900,0
2536,12,2,2400,800,480
2536,15,1,1800,600,0
2536,17,3,2500,900,750
2536,14,2,3000,1100,600
2537,7,2,3800,1600,0
2537,16,1,1600,500,160
2538,3,2,4500,2200,1800
2539,11,1,3400,1300,0
2540,17,1,2500,900,500
2540,16,1,1600,500,0
2541,18,3,4800,2100,0
2541,20,1,3900,1700,390
2542,16,1,1600,500,0
2543,18,1,4800,2100,480
2543,12,1,2400,800,0
2543,7,1,3800,1600,0
2543,4,2,7200,4200,1440
2544,8,1,2900,1200,0
2544,1,1,8900,5400,0
2544,4,1,7200,4200,720
2545,10,1,2700,1100,270
2545,9,2,3500,1500,0
2545,7,1,3800,1600,380
2545,18,1,4800,2100,480
2546,6,1,4200,1900,420
2546,14,1,3000,1100,300
2546,15,1,1800,600,0
2546,1,1,8900,5400,0
2547,3,1,4500,2200,900
2547,17,1,2500,900,0
2547,19,1,1200,300,240
2547,18,2,4800,2100,0
2548,7,3,3800,1600,0
2548,15,1,1800,600,360
2548,14,1,3000,1100,0
2549,6,2,4200,1900,0
2549,8,1,2900,1200,580
2550,10,1,2700,1100,270
2551,18,1,4800,2100,480
2551,15,1,1800,600,0
2551,10,1,2700,1100,0
2551,19,2,1200,300,480
2552,13,1,2200,700,440
2552,5,2,3200,1500,0
2552,6,1,4200,1900,0
2552,19,2,1200,300,240
2553,16,2,1600,500,320
2553,18,1,4800,2100,0
2554,10,1,2700,1100,0
2555,2,1,6500,3900,1300
2555,13,1,2200,700,0
2556,9,1,3500,1500,0
2556,20,2,3900,1700,0
2557,14,1,3000,1100,0
2557,12,1,2400,800,240
2557,4,1,7200,4200,0
2558,10,1,2700,1100,270
2559,3,1,4500,2200,450
2560,19,1,1200,300,0
2560,9,1,3500,1500,0
2560,6,1,4200,1900,420
2561,19,1,1200,300,0
2561,16,1,1600,500,0
2561,6,1,4200,1900,0
2562,3,3,4500,2200,0
2562,16,1,1600,500,160
2562,9,3,3500,1500,0
2563,14,2,3000,1100,0
2563,16,1,1600,500,0
2564,1,1,8900,5400,0
2564,2,1,6500,3900,0
2564,4,3,7200,4200,0
2565,16,1,1600,500,0
2565,6,1,4200,1900,0
2565,3,1,4500,2200,900
2566,15,2,1800,600,720
2566,1,1,8900,5400,0
2566,10,1,2700,1100,540
2567,13,1,2200,700,440
2568,6,1,4200,1900,0
2568,2,1,6500,3900,0
2568,13,1,2200,700,220
2568,4,1,7200,4200,0
2569,9,1,3500,1500,0
2569,12,1,2400,800,240
2570,6,1,4200,1900,0
2570,16,1,1600,500,0
2571,7,2,3800,1600,0
2571,6,1,4200,1900,0
2571,14,1,3000,1100,0
2571,1,1,8900,5400,0
2572,20,2,3900,1700,0
2572,16,3,1600,500,0
2572,7,2,3800,1600,1520
2573,14,1,3000,1100,0
2573,9,1,3500,1500,0
2574,12,1,2400,800,240
2574,13,1,2200,700,0
2574,9,2,3500,1500,0
2574,11,3,3400,1300,1020
2575,9,2,3500,1500,700
2575,15,1,1800,600,180
2576,15,1,1800,600,0
2576,16,1,1600,500,0
2577,8,2,2900,1200,0
2577,9,2,3500,1500,0
2577,11,1,3400,1300,680
2578,8,1,2900,1200,0
2578,18,2,4800,2100,0
2578,7,1,3800,1600,0
2579,9,2,3500,1500,0
2580,3,1,4500,2200,0
2580,12,1,2400,800,480
2580,1,1,8900,5400,0
2581,14,1,3000,1100,300
2581,12,1,2400,800,0
2582,15,1,1800,600,360
2582,9,3,3500,1500,0
2582,14,1,3000,1100,0
2582,19,1,1200,300,120
2583,9,2,3500,1500,700
2583,4,2,7200,4200,0
2583,11,2,3400,1300,0
2583,5,1,3200,1500,0
2584,20,1,3900,1700,0
2585,19,1,1200,300,0
2585,16,2,1600,500,0
2585,7,1,3800,1600,0
2585,17,1,2500,900,250
2586,11,2,3400,1300,1360
2586,1,1,8900,5400,890
2587,1,1,8900,5400,890
2587,13,1,2200,700,0
2587,17,2,2500,900,500
2587,16,1,1600,500,0
2588,4,1,7200,4200,0
2588,7,1,3800,1600,0
2588,20,1,3900,1700,0
2588,5,1,3200,1500,320
2589,14,1,3000,1100,300
2589,17,2,2500,900,0
2589,15,1,1800,600,180
2589,1,1,8900,5400,890
2590,14,1,3000,1100,0
2591,15,1,1800,600,0
2591,17,1,2500,900,0
2591,9,2,3500,1500,0
2592,1,1,8900,5400,0
2592,10,1,2700,1100,0
2592,9,1,3500,1500,350
2593,9,1,3500,1500,0
2593,8,1,2900,1200,0
2593,3,1,4500,2200,0
2593,14,1,3000,1100,0
2594,1,3,8900,5400,5340
2594,7,1,3800,1600,0
2595,5,1,3200,1500,0
2595,14,1,3000,1100,600
2595,2,1,6500,3900,0
2596,7,2,3800,1600,0
2596,8,3,2900,1200,0
2596,1,3,8900,5400,5340
2596,6,1,4200,1900,0
2597,6,1,4200,1900,0
2598,7,3,3800,1600,0
2598,3,1,4500,2200,0
2598,18,1,4800,2100,960
2599,17,1,2500,900,0
2599,5,1,3200,1500,0
2599,2,2,6500,3900,0
2599,10,3,2700,1100,0
2600,15,2,1800,600,0
2600,16,1,1600,500,160
2600,20,1,3900,1700,390
2601,12,2,2400,800,0
2602,14,2,3000,1100,0
2602,9,2,3500,1500,0
2603,14,1,3000,1100,0
2603,17,1,2500,900,0
2603,19,1,1200,300,0
2603,3,1,4500,2200,450
2604,13,2,2200,700,440
2604,4,1,7200,4200,0
2604,11,1,3400,1300,340
2604,1,2,8900,5400,1780
2605,14,1,3000,1100,0
2605,10,1,2700,1100,270
2605,2,1,6500,3900,0
2606,12,1,2400,800,0
2606,11,1,3400,1300,340
2607,10,1,2700,1100,540
2607,15,1,1800,600,0
2607,19,1,1200,300,0
2608,5,1,3200,1500,0
2608,10,1,2700,1100,0
2608,8,1,2900,1200,0
2608,16,1,1600,500,320
2609,15,1,1800,600,0
2609,9,1,3500,1500,350
2609,4,1,7200,4200,0
2609,14,1,3000,1100,0
2610,15,1,1800,600,0
2610,14,2,3000,1100,0
2611,16,1,1600,500,0
2611,5,1,3200,1500,0
2612,9,1,3500,1500,700
2612,4,2,7200,4200,0
2613,10,1,2700,1100,540
2613,12,2,2400,800,0
2614,18,2,4800,2100,1920
2614,7,1,3800,1600,760
2614,19,2,1200,300,0
2614,12,1,2400,800,240
2615,1,1,8900,5400,890
2616,12,2,2400,800,480
2617,19,1,1200,300,120
2617,8,2,2900,1200,0
2617,20,3,3900,1700,1170
2617,13,1,2200,700,0
2618,1,1,8900,5400,890
2618,3,1,4500,2200,0
2618,2,1,6500,3900,0
2619,2,1,6500,3900,650
2619,20,1,3900,1700,780
2619,7,1,3800,1600,0
2620,18,1,4800,2100,0
2620,20,2,3900,1700,1560
2621,10,1,2700,1100,270
2621,15,2,1800,600,0
2621,17,1,2500,900,250
2622,18,1,4800,2100,0
2623,14,1,3000,1100,300
2623,10,1,2700,1100,270
2623,16,1,1600,500,0
2623,9,1,3500,1500,350
2624,14,1,3000,1100,300
2624,8,1,2900,1200,0
2624,15,2,1800,600,0
2624,11,1,3400,1300,0
2625,13,1,2200,700,220
2625,7,1,3800,1600,0
2625,11,1,3400,1300,0
2626,19,1,1200,300,240
2626,1,1,8900,5400,0
2626,18,3,4800,2100,0
2626,13,3,2200,700,0
2627,8,1,2900,1200,0
2627,5,1,3200,1500,640
2628,2,1,6500,3900,0
2628,13,2,2200,700,440
2628,3,3,4500,2200,2700
2629,11,1,3400,1300,680
2629,20,1,3900,1700,390
2629,13,1,2200,700,220
2630,17,1,2500,900,0
2630,13,1,2200,700,220
2630,18,2,4800,2100,0
2630,1,1,8900,5400,0
2631,14,1,3000,1100,0
2631,8,1,2900,1200,0
2632,6,1,4200,1900,0
2632,2,1,6500,3900,0
2632,19,1,1200,300,120
2633,3,1,4500,2200,0
2633,19,1,1200,300,120
2633,20,2,3900,1700,0
2634,2,1,6500,3900,1300
2634,18,2,4800,2100,960
2634,3,1,4500,2200,0
2635,6,1,4200,1900,420
2635,16,1,1600,500,0
2636,2,1,6500,3900,0
2636,17,1,2500,900,0
2636,3,1,4500,2200,0
2636,16,2,1600,500,320
2637,12,1,2400,800,240
2637,1,1,8900,5400,0
2637,11,1,3400,1300,0
2637,5,1,3200,1500,0
2638,16,1,1600,500,160
2639,3,1,4500,2200,0
2639,1,1,8900,5400,0
2639,5,2,3200,1500,640
2639,18,1,4800,2100,960
2640,8,1,2900,1200,0
2640,3,1,4500,2200,0
2640,5,1,3200,1500,0
2641,14,3,3000,1100,0
2642,11,1,3400,1300,680
2642,20,2,3900,1700,780
2642,19,1,1200,300,120
2642,5,1,3200,1500,0
2643,14,1,3000,1100,0
2643,18,1,4800,2100,960
2643,16,2,1600,500,640
2644,15,1,1800,600,180
2644,7,1,3800,1600,0
2644,6,1,4200,1900,0
2644,8,1,2900,1200,0
2645,3,1,4500,2200,0
2645,14,1,3000,1100,0
2645,11,1,3400,1300,0
2646,13,1,2200,700,0
2646,9,1,3500,1500,700
2647,2,1,6500,3900,650
2647,10,2,2700,1100,0
2648,4,1,7200,4200,0
2648,2,1,6500,3900,0
2648,8,3,2900,1200,0
2649,10,1,2700,1100,0
2649,7,1,3800,1600,0
2649,15,1,1800,600,0
2650,5,1,3200,1500,0
2651,4,2,7200,4200,0
2652,7,1,3800,1600,0
2652,19,1,1200,300,120
2653,20,1,3900,1700,0
2653,15,3,1800,600,0
2653,12,1,2400,800,0
2653,2,1,6500,3900,650
2654,13,1,2200,700,0
2655,13,1,2200,700,0
2655,10,1,2700,1100,270
2656,12,1,2400,800,480
2656,5,1,3200,1500,0
2656,11,1,3400,1300,680
2657,13,1,2200,700,220
2657,6,1,4200,1900,0
2657,1,2,8900,5400,0
2658,1,1,8900,5400,0
2658,5,2,3200,1500,0
2658,13,1,2200,700,440
2658,3,2,4500,2200,900
2659,19,1,1200,300,0
2660,2,2,6500,3900,2600
2661,12,2,2400,800,480
2662,16,1,1600,500,0
2662,2,1,6500,3900,0
2662,3,2,4500,2200,0
2662,9,1,3500,1500,0
2663,10,1,2700,1100,0
2663,14,3,3000,1100,0
2663,1,1,8900,5400,0
2663,16,1,1600,500,0
2664,7,1,3800,1600,0
2665,10,1,2700,1100,0
2665,17,1,2500,900,0
2665,6,1,4200,1900,420
2665,12,1,2400,800,0
2666,4,1,7200,4200,0
2666,16,1,1600,500,320
2667,18,1,4800,2100,0
2667,10,1,2700,1100,0
2667,7,2,3800,1600,0
2668,2,2,6500,3900,0
2668,13,1,2200,700,0
2669,19,1,1200,300,120
2669,20,1,3900,1700,0
2669,7,2,3800,1600,0
2669,18,1,4800,2100,0
2670,12,2,2400,800,0
2670,8,1,2900,1200,0
2670,19,1,1200,300,0
2670,11,1,3400,1300,0
2671,13,2,2200,700,0
2671,19,1,1200,300,0
2672,5,1,3200,1500,0
2672,19,1,1200,300,0
2673,15,1,1800,600,360
2673,12,1,2400,800,0
2673,2,1,6500,3900,650
2674,10,1,2700,1100,0
2674,7,1,3800,1600,0
2675,12,1,2400,800,0
2675,2,1,6500,3900,650
2675,5,1,3200,1500,0
2675,15,2,1800,600,0
2676,7,1,3800,1600,0
2676,20,2,3900,1700,0
2676,4,1,7200,4200,0
2677,8,1,2900,1200,0
2677,19,2,1200,300,0
2677,9,1,3500,1500,350
2678,12,2,2400,800,0
2678,9,2,3500,1500,0
2679,20,2,3900,1700,780
2679,4,1,7200,4200,0
2679,7,3,3800,1600,0
2679,5,1,3200,1500,320
2680,16,1,1600,500,0
2680,2,1,6500,3900,0
2680,7,3,3800,1600,0
2681,6,1,4200,1900,840
2681,10,1,2700,1100,0
2681,11,1,3400,1300,0
2681,18,1,4800,2100,480
2682,19,1,1200,300,120
2682,10,1,2700,1100,0
2683,2,1,6500,3900,650
2683,11,1,3400,1300,0
2683,9,2,3500,1500,1400
2683,16,1,1600,500,320
2684,4,1,7200,4200,0
2684,13,1,2200,700,220
2684,7,1,3800,1600,0
2685,11,1,3400,1300,680
2685,13,1,2200,700,0
2685,3,2,4500,2200,0
2685,19,3,1200,300,0
2686,13,1,2200,700,440
2686,12,1,2400,800,480
2686,1,1,8900,5400,0
2686,5,2,3200,1500,0
2687,16,1,1600,500,160
2687,18,1,4800,2100,480
2687,6,1,4200,1900,0
2688,10,1,2700,1100,0
2689,10,1,2700,1100,0
2690,19,1,1200,300,0
2690,20,1,3900,1700,0
2690,7,1,3800,1600,0
2690,4,1,7200,4200,0
2691,10,1,2700,1100,0
2691,14,1,3000,1100,0
2691,17,1,2500,900,250
2692,8,1,2900,1200,0
2693,14,1,3000,1100,0
2694,7,1,3800,1600,0
2694,5,1,3200,1500,0
2694,4,1,7200,4200,720
2695,8,1,2900,1200,0
2695,10,1,2700,1100,0
2696,13,1,2200,700,0
2696,6,1,4200,1900,420
2696,20,1,3900,1700,0
2697,6,1,4200,1900,420
2697,8,2,2900,1200,0
2697,18,1,4800,2100,480
2698,14,1,3000,1100,0
2698,13,2,2200,700,440
2698,16,1,1600,500,0
2698,10,1,2700,1100,270
2699,1,1,8900,5400,0
2700,1,1,8900,5400,890
2701,10,2,2700,1100,0
2701,15,1,1800,600,0
2702,19,1,1200,300,120
2702,6,2,4200,1900,1680
2703,6,1,4200,1900,420
2703,8,1,2900,1200,580
2703,18,1,4800,2100,960
2704,15,1,1800,600,0
2704,18,1,4800,2100,960
2705,12,2,2400,800,0
2705,15,1,1800,600,0
2706,19,1,1200,300,0
2706,20,1,3900,1700,0
2706,6,1,4200,1900,0
2706,3,1,4500,2200,450
2707,18,1,4800,2100,480
2708,7,1,3800,1600,380
2708,12,1,2400,800,240
2708,15,1,1800,600,360
2708,13,2,2200,700,880
2709,18,1,4800,2100,0
2709,9,2,3500,1500,0
2709,12,1,2400,800,0
2710,20,1,3900,1700,0
2710,3,1,4500,2200,450
2710,12,1,2400,800,240
2711,16,1,1600,500,320
2711,10,2,2700,1100,0
2711,11,1,3400,1300,0
2711,4,1,7200,4200,1440
2712,8,1,2900,1200,0
2712,16,2,1600,500,0
2712,5,1,3200,1500,320
2712,18,2,4800,2100,1920
2713,7,1,3800,1600,0
2713,18,1,4800,2100,480
2714,12,1,2400,800,240
2714,10,2,2700,1100,0
2715,15,2,1800,600,0
2715,11,2,3400,1300,0
2716,8,2,2900,1200,1160
2716,4,1,7200,4200,0
2717,19,1,1200,300,120
2717,9,1,3500,1500,0
2717,1,1,8900,5400,890
2718,2,2,6500,3900,0
2719,1,1,8900,5400,0
2719,18,1,4800,2100,0
2719,3,1,4500,2200,0
2720,6,1,4200,1900,0
2720,3,1,4500,2200,900
2721,9,1,3500,1500,0
2722,10,1,2700,1100,0
2722,5,2,3200,1500,640
2722,4,1,7200,4200,0
2723,4,1,7200,4200,0
2723,8,1,2900,1200,0
2724,5,1,3200,1500,0
2724,8,2,2900,1200,1160
2725,3,1,4500,2200,900
2725,17,2,2500,900,0
2725,18,1,4800,2100,0
2725,16,1,1600,500,0
2726,7,1,3800,1600,760
2726,18,1,4800,2100,0
2727,8,1,2900,1200,0
2727,2,1,6500,3900,0
2727,9,2,3500,1500,700
2727,12,1,2400,800,240
2728,18,1,4800,2100,480
2729,10,1,2700,1100,0
2729,2,1,6500,3900,0
2729,8,1,2900,1200,0
2729,4,2,7200,4200,0
2730,2,2,6500,3900,1300
2730,12,1,2400,800,240
2731,9,1,3500,1500,0
2731,1,1,8900,5400,0
2731,14,1,3000,1100,0
2732,7,1,3800,1600,0
2732,15,1,1800,600,0
2732,18,1,4800,2100,0
2733,10,2,2700,1100,1080
2733,2,1,6500,3900,650
2733,15,1,1800,600,180
2734,5,2,3200,1500,0
2734,4,1,7200,4200,720
2735,20,1,3900,1700,390
2736,13,1,2200,700,0
2736,4,1,7200,4200,720
2736,15,1,1800,600,360
2737,14,1,3000,1100,600
2737,16,1,1600,500,0
2737,3,2,4500,2200,0
2737,17,2,2500,900,0
2738,3,1,4500,2200,0
2738,4,1,7200,4200,0
2738,1,1,8900,5400,890
2738,19,1,1200,300,120
2739,5,2,3200,1500,640
2739,10,2,2700,1100,0
2740,20,1,3900,1700,0
2740,2,2,6500,3900,0
2740,7,3,3800,1600,1140
2741,9,2,3500,1500,0
2741,13,1,2200,700,0
2742,2,1,6500,3900,650
2742,3,1,4500,2200,0
2743,12,1,2400,800,0
2743,4,1,7200,4200,720
2743,17,1,2500,900,0
2743,19,1,1200,300,120
2744,13,1,2200,700,220
2744,16,3,1600,500,480
2744,10,1,2700,1100,0
2745,4,2,7200,4200,0
2745,3,1,4500,2200,0
2746,1,1,8900,5400,0
2746,13,1,2200,700,0
2747,6,3,4200,1900,0
2747,3,1,4500,2200,450
2748,12,1,2400,800,240
2748,7,1,3800,1600,0
2749,20,1,3900,1700,0
2749,19,2,1200,300,0
2749,10,1,2700,1100,270
2750,18,1,4800,2100,480
2750,5,1,3200,1500,0
2750,13,1,2200,700,220
2751,6,2,4200,1900,0
2752,17,2,2500,900,500
2752,2,1,6500,3900,650
2752,7,1,3800,1600,0
2753,2,1,6500,3900,650
2753,16,2,1600,500,320
2753,17,2,2500,900,0
2754,12,1,2400,800,240
2754,6,1,4200,1900,0
2755,9,1,3500,1500,0
2755,19,1,1200,300,0
2755,8,1,2900,1200,0
2755,2,1,6500,3900,0
2756,12,1,2400,800,0
2756,20,2,3900,1700,1560
2756,7,1,3800,1600,380
2756,16,1,1600,500,160
2757,9,1,3500,1500,0
2758,20,1,3900,1700,390
2758,14,1,3000,1100,300
2759,9,1,3500,1500,0
2759,15,1,1800,600,0
2760,10,2,2700,1100,0
2760,7,1,3800,1600,0
2760,4,1,7200,4200,720
2760,13,1,2200,700,0
2761,9,1,3500,1500,0
2761,5,1,3200,1500,0
2761,15,1,1800,600,180
2762,11,1,3400,1300,0
2762,10,1,2700,1100,0
2762,12,1,2400,800,0
2763,5,1,3200,1500,0
2763,15,1,1800,600,180
2763,4,2,7200,4200,0
2764,16,1,1600,500,0
2764,13,2,2200,700,440
2765,13,1,2200,700,0
2765,11,1,3400,1300,0
2765,12,3,2400,800,1440
2766,18,1,4800,2100,480
2766,6,1,4200,1900,0
2767,15,1,1800,600,180
2767,14,1,3000,1100,0
2768,15,1,1800,600,0
2768,7,1,3800,1600,760
2769,3,1,4500,2200,0
2769,12,1,2400,800,0
2770,17,3,2500,900,1500
2770,13,1,2200,700,220
2770,19,1,1200,300,240
2771,6,1,4200,1900,0
2771,1,1,8900,5400,0
2771,18,1,4800,2100,0
2772,15,2,1800,600,720
2772,20,1,3900,1700,0
2773,3,1,4500,2200,450
2773,10,2,2700,1100,540
2773,17,1,2500,900,500
2774,17,1,2500,900,0
2775,6,1,4200,1900,0
2775,1,1,8900,5400,0
2776,12,1,2400,800,0
2776,6,1,4200,1900,0
2776,8,1,2900,1200,0
2777,12,1,2400,800,0
2777,4,1,7200,4200,0
2777,15,2,1800,600,0
2777,20,1,3900,1700,390
2778,15,1,1800,600,0
2779,1,1,8900,5400,0
2779,2,1,6500,3900,0
2780,18,1,4800,2100,0
2780,11,1,3400,1300,0
2780,1,1,8900,5400,890
2781,20,1,3900,1700,0
2781,10,3,2700,1100,0
2781,13,2,2200,700,0
2781,5,1,3200,1500,0
2782,11,2,3400,1300,0
2782,2,1,6500,3900,0
2782,9,1,3500,1500,700
2783,4,1,7200,4200,1440
2783,14,1,3000,1100,300
2783,13,1,2200,700,220
2784,18,1,4800,2100,0
2784,11,2,3400,1300,0
2784,15,1,1800,600,360
2785,3,1,4500,2200,450
2785,17,1,2500,900,0
2785,15,1,1800,600,0
2786,4,1,7200,4200,0
2786,14,1,3000,1100,0
2787,15,1,1800,600,0
2787,18,1,4800,2100,0
2788,12,2,2400,800,960
2788,13,1,2200,700,0
2788,6,3,4200,1900,1260
2788,14,3,3000,1100,900
2789,16,1,1600,500,160
2789,4,3,7200,4200,4320
2789,5,1,3200,1500,0
2790,19,1,1200,300,120
2790,4,1,7200,4200,720
2790,12,1,2400,800,0
2791,16,1,1600,500,0
2791,18,1,4800,2100,0
2791,7,1,3800,1600,760
2792,11,1,3400,1300,340
2792,7,1,3800,1600,0
2792,5,1,3200,1500,640
2792,17,1,2500,900,250
2793,2,1,6500,3900,1300
2793,14,1,3000,1100,0
2793,20,1,3900,1700,390
2793,1,1,8900,5400,0
2794,10,1,2700,1100,0
2794,20,1,3900,1700,390
2794,7,2,3800,1600,0
2794,13,2,2200,700,0
2795,16,1,1600,500,0
2795,10,1,2700,1100,0
2795,1,1,8900,5400,0
2795,11,1,3400,1300,0
2796,8,1,2900,1200,290
2796,3,1,4500,2200,0
2796,9,1,3500,1500,350
2797,5,1,3200,1500,0
2797,7,1,3800,1600,380
2798,11,1,3400,1300,0
2799,1,1,8900,5400,1780
2799,10,1,2700,1100,270
2800,12,2,2400,800,480
2801,13,1,2200,700,0
2801,1,1,8900,5400,0
2801,10,1,2700,1100,270
2801,11,1,3400,1300,0
2802,13,1,2200,700,220
2802,12,1,2400,800,0
2802,16,1,1600,500,0
2802,14,1,3000,1100,300
2803,10,1,2700,1100,0
2803,11,1,3400,1300,0
2803,19,1,1200,300,0
2803,6,1,4200,1900,0
2804,5,1,3200,1500,320
2804,6,1,4200,1900,420
2804,1,1,8900,5400,0
2805,17,2,2500,900,0
2805,14,1,3000,1100,300
2806,7,1,3800,1600,380
2806,19,1,1200,300,0
2806,2,1,6500,3900,650
2806,8,3,2900,1200,870
2807,4,2,7200,4200,1440
2808,9,1,3500,1500,0
2808,17,1,2500,900,0
2808,18,1,4800,2100,0
2809,14,2,3000,1100,0
2809,15,1,1800,600,0
2810,17,1,2500,900,0
2810,15,1,1800,600,0
2811,8,1,2900,1200,290
2811,7,1,3800,1600,0
2811,18,1,4800,2100,0
2811,12,1,2400,800,480
2812,14,1,3000,1100,300
2813,6,2,4200,1900,840
2813,19,1,1200,300,0
2813,7,1,3800,1600,0
2813,13,1,2200,700,440
2814,3,2,4500,2200,0
2815,3,2,4500,2200,0
2815,2,3,6500,3900,0
2815,11,1,3400,1300,0
2815,5,2,3200,1500,640
2816,12,2,2400,800,480
2816,13,1,2200,700,0
2816,6,1,4200,1900,0
2817,20,3,3900,1700,0
2817,7,1,3800,1600,0
2818,18,3,4800,2100,0
2818,3,1,4500,2200,0
2819,3,1,4500,2200,450
2819,9,1,3500,1500,0
2819,6,2,4200,1900,0
2820,8,1,2900,1200,290
2820,6,1,4200,1900,420
2821,9,2,3500,1500,0
2821,1,1,8900,5400,0
2821,10,1,2700,1100,0
2822,5,1,3200,1500,0
2822,16,1,1600,500,0
2823,15,1,1800,600,0
2823,12,1,2400,800,0
2824,13,1,2200,700,0
2824,14,1,3000,1100,0
2825,20,1,3900,1700,390
2825,9,2,3500,1500,1400
2826,9,1,3500,1500,0
2826,8,1,2900,1200,0
2827,17,2,2500,900,0
2827,6,1,4200,1900,420
2827,10,1,2700,1100,270
2828,15,1,1800,600,0
2828,4,3,7200,4200,0
2829,15,2,1800,600,0
2829,3,1,4500,2200,0
2829,10,1,2700,1100,540
2830,20,1,3900,1700,0
2830,3,1,4500,2200,0
2830,2,2,6500,3900,0
2831,19,1,1200,300,120
2831,3,2,4500,2200,0
2831,9,1,3500,1500,0
2831,5,1,3200,1500,320
2832,6,1,4200,1900,0
2832,15,2,1800,600,720
2832,17,2,2500,900,0
2833,7,2,3800,1600,0
2833,18,1,4800,2100,0
2834,11,1,3400,1300,0
2834,17,3,2500,900,1500
2835,4,3,7200,4200,2160
2835,16,1,1600,500,0
2835,6,1,4200,1900,0
2835,10,1,2700,1100,0
2836,17,1,2500,900,0
2836,10,1,2700,1100,0
2836,3,1,4500,2200,0
2836,11,3,3400,1300,1020
2837,13,1,2200,700,0
2837,19,2,1200,300,0
2837,20,2,3900,1700,0
2837,12,2,2400,800,0
2838,15,1,1800,600,0
2838,11,1,3400,1300,0
2839,6,1,4200,1900,420
2839,5,1,3200,1500,0
2840,15,1,1800,600,0
2840,5,1,3200,1500,0
2841,6,1,4200,1900,0
2842,6,1,4200,1900,0
2842,19,1,1200,300,0
2843,20,1,3900,1700,0
2843,5,1,3200,1500,320
2844,5,1,3200,1500,0
2844,18,1,4800,2100,0
2844,9,1,3500,1500,0
2844,1,2,8900,5400,0
2845,16,1,1600,500,0
2845,13,3,2200,700,0
2845,15,1,1800,600,0
2846,18,2,4800,2100,960
2846,8,1,2900,1200,0
2846,14,1,3000,1100,0
2847,1,1,8900,5400,0
2847,17,2,2500,900,0
2847,11,1,3400,1300,340
2848,7,1,3800,1600,380
2848,5,1,3200,1500,0
2849,16,1,1600,500,0
2849,2,1,6500,3900,650
2850,14,1,3000,1100,600
2850,13,1,2200,700,220
2850,4,1,7200,4200,0
2850,2,3,6500,3900,1950
2851,17,1,2500,900,0
2851,20,2,3900,1700,0
2851,16,1,1600,500,0
2851,6,2,4200,1900,840
2852,20,1,3900,1700,0
2852,11,1,3400,1300,0
2852,14,1,3000,1100,300
2852,3,1,4500,2200,0
2853,9,1,3500,1500,0
2853,16,1,1600,500,160
2854,20,2,3900,1700,0
2854,18,1,4800,2100,0
2855,4,2,7200,4200,0
2855,17,1,2500,900,0
2856,7,1,3800,1600,380
2857,10,2,2700,1100,0
2858,8,1,2900,1200,580
2858,4,1,7200,4200,0
2859,8,1,2900,1200,290
2860,1,1,8900,5400,890
2861,15,1,1800,600,0
2862,10,1,2700,1100,0
2862,17,2,2500,900,1000
2862,8,1,2900,1200,0
2863,14,1,3000,1100,0
2863,4,2,7200,4200,1440
2863,19,1,1200,300,0
2864,9,1,3500,1500,0
2865,18,2,4800,2100,0
2866,7,1,3800,1600,380
2866,6,1,4200,1900,0
2867,3,1,4500,2200,450
2867,18,1,4800,2100,480
2867,8,1,2900,1200,0
2868,8,1,2900,1200,0
2869,6,1,4200,1900,0
2869,13,1,2200,700,0
2870,15,3,1800,600,0
2870,18,1,4800,2100,0
2870,14,1,3000,1100,300
2870,5,2,3200,1500,0
2871,20,1,3900,1700,0
2872,1,2,8900,5400,0
2872,10,2,2700,1100,0
2873,1,2,8900,5400,0
2873,15,1,1800,600,0
2873,11,1,3400,1300,0
2874,17,1,2500,900,0
2874,9,1,3500,1500,350
2874,14,1,3000,1100,0
2874,15,1,1800,600,0
2875,11,1,3400,1300,0
2875,20,1,3900,1700,0
2876,8,1,2900,1200,0
2876,5,1,3200,1500,640
2876,18,1,4800,2100,0
2876,6,1,4200,1900,0
2877,13,1,2200,700,220
2877,18,1,4800,2100,0
2878,3,1,4500,2200,0
2879,3,1,4500,2200,450
2880,19,3,1200,300,0
2880,14,1,3000,1100,300
2880,17,2,2500,900,0
2880,13,1,2200,700,220
2881,8,1,2900,1200,290
2882,9,2,3500,1500,0
2883,15,1,1800,600,0
2883,14,1,3000,1100,0
2883,3,1,4500,2200,0
2883,11,1,3400,1300,0
2884,2,1,6500,3900,0
2884,5,3,3200,1500,1920
2884,19,1,1200,300,0
2884,7,1,3800,1600,0
2885,2,1,6500,3900,0
2885,12,1,2400,800,0
2886,17,3,2500,900,1500
2886,16,1,1600,500,160
2886,6,1,4200,1900,0
2887,6,1,4200,1900,0
2888,14,2,3000,1100,0
2888,7,1,3800,1600,0
2888,17,1,2500,900,0
2888,10,1,2700,1100,270
2889,20,1,3900,1700,0
2889,3,1,4500,2200,0
2890,8,2,2900,1200,1160
2890,20,1,3900,1700,0
2890,10,1,2700,1100,0
2891,5,1,3200,1500,0
2891,3,2,4500,2200,1800
2891,12,1,2400,800,240
2892,6,1,4200,1900,0
2892,7,1,3800,1600,0
2892,19,1,1200,300,120
2892,12,2,2400,800,960
2893,3,1,4500,2200,0
2893,20,2,3900,1700,0
2894,3,1,4500,2200,0
2894,18,2,4800,2100,960
2895,3,1,4500,2200,900
2895,6,1,4200,1900,0
2895,4,1,7200,4200,1440
2896,6,1,4200,1900,420
2896,9,1,3500,1500,0
2896,15,1,1800,600,180
2896,7,1,3800,1600,0
2897,4,3,7200,4200,2160
2897,9,2,3500,1500,0
2897,12,1,2400,800,240
2898,11,3,3400,1300,1020
2899,3,1,4500,2200,0
2899,1,1,8900,5400,1780
2900,6,3,4200,1900,0
2900,10,2,2700,1100,0
2900,7,1,3800,1600,0
2900,2,1,6500,3900,0
2901,8,2,2900,1200,0
2901,15,2,1800,600,0
2901,10,2,2700,1100,0
2901,4,1,7200,4200,0
2902,15,1,1800,600,0
2902,3,2,4500,2200,0
2902,12,1,2400,800,480
2903,2,1,6500,3900,1300
2903,6,1,4200,1900,0
2903,16,3,1600,500,480
2904,2,1,6500,3900,0
2904,18,1,4800,2100,0
2905,20,1,3900,1700,0
2905,13,1,2200,700,0
2905,19,1,1200,300,0
2905,15,2,1800,600,0
2906,6,1,4200,1900,840
2906,8,1,2900,1200,0
2906,18,1,4800,2100,480
2906,14,1,3000,1100,300
2907,14,1,3000,1100,0
2907,7,1,3800,1600,0
2907,16,1,1600,500,160
2907,17,1,2500,900,0
2908,16,1,1600,500,0
2909,18,1,4800,2100,0
2909,4,2,7200,4200,0
2909,11,3,3400,1300,0
2910,17,2,2500,900,0
2910,12,1,2400,800,480
2911,7,2,3800,1600,0
2911,12,2,2400,800,0
2911,10,1,2700,1100,0
2911,15,1,1800,600,0
2912,10,1,2700,1100,270
2912,20,2,3900,1700,0
2912,4,1,7200,4200,0
2912,17,3,2500,900,0
2913,6,1,4200,1900,0
2913,9,1,3500,1500,0
2913,8,1,2900,1200,0
2914,11,1,3400,1300,340
2914,15,1,1800,600,180
2914,8,1,2900,1200,290
2915,11,2,3400,1300,0
2915,18,2,4800,2100,960
2916,6,1,4200,1900,0
2916,20,1,3900,1700,0
2916,16,1,1600,500,160
2917,16,1,1600,500,0
2917,9,1,3500,1500,0
2917,2,1,6500,3900,0
2917,5,1,3200,1500,0
2918,5,1,3200,1500,0
2918,14,2,3000,1100,0
2918,11,1,3400,1300,680
2919,8,1,2900,1200,0
2919,11,1,3400,1300,340
2919,6,1,4200,1900,0
2919,10,1,2700,1100,0
2920,3,1,4500,2200,0
2920,20,1,3900,1700,0
2920,17,1,2500,900,0
2920,16,1,1600,500,160
2921,4,1,7200,4200,720
2921,3,1,4500,2200,900
2921,16,1,1600,500,160
2922,10,1,2700,1100,0
2922,20,1,3900,1700,390
2922,3,1,4500,2200,450
2923,3,1,4500,2200,0
2923,8,1,2900,1200,0
2924,16,2,1600,500,0
2924,14,2,3000,1100,0
2924,20,3,3900,1700,0
2924,15,1,1800,600,0
2925,20,1,3900,1700,390
2926,4,2,7200,4200,0
2927,8,1,2900,1200,290
2927,2,1,6500,3900,650
2928,12,1,2400,800,240
2928,3,1,4500,2200,450
2929,1,2,8900,5400,0
2929,14,1,3000,1100,0
2929,5,1,3200,1500,0
2930,14,3,3000,1100,0
2930,6,1,4200,1900,840
2930,4,1,7200,4200,0
2930,20,2,3900,1700,780
2931,2,2,6500,3900,2600
2931,14,1,3000,1100,300
2931,11,1,3400,1300,340
2932,15,2,1800,600,0
2932,20,1,3900,1700,0
2933,19,1,1200,300,120
2934,3,1,4500,2200,0
2934,13,1,2200,700,0
2934,11,1,3400,1300,340
2935,9,2,3500,1500,0
2935,11,1,3400,1300,680
2935,5,1,3200,1500,320
2935,8,3,2900,1200,870
2936,11,2,3400,1300,680
2936,9,1,3500,1500,0
2936,16,1,1600,500,160
2937,13,1,2200,700,0
2937,15,2,1800,600,0
2937,2,1,6500,3900,0
2938,2,2,6500,3900,0
2939,16,1,1600,500,160
2940,4,1,7200,4200,0
2940,8,1,2900,1200,290
2940,10,1,2700,1100,270
2940,1,1,8900,5400,0
2941,17,2,2500,900,500
2941,7,2,3800,1600,0
2942,2,1,6500,3900,0
2942,14,1,3000,1100,300
2942,13,1,2200,700,0
2943,14,1,3000,1100,0
2943,18,1,4800,2100,0
2943,10,1,2700,1100,0
2943,2,1,6500,3900,0
2944,8,1,2900,1200,0
2945,3,1,4500,2200,0
2945,17,1,2500,900,0
2945,5,2,3200,1500,0
2946,18,1,4800,2100,0
2946,13,1,2200,700,220
2946,16,1,1600,500,320
2947,2,1,6500,3900,0
2947,12,1,2400,800,0
2948,12,1,2400,800,0
2948,19,1,1200,300,0
2949,4,1,7200,4200,0
2950,8,1,2900,1200,0
2950,15,2,1800,600,0
2950,1,2,8900,5400,0
2950,17,1,2500,900,0
2951,16,1,1600,500,160
2951,15,1,1800,600,0
2951,12,1,2400,800,0
2952,7,2,3800,1600,0
2953,17,1,2500,900,250
2953,6,1,4200,1900,420
2953,15,1,1800,600,180
2954,4,1,7200,4200,720
2955,14,2,3000,1100,600
2956,5,1,3200,1500,0
2956,3,1,4500,2200,0
2956,18,1,4800,2100,480
2956,11,1,3400,1300,340
2957,13,1,2200,700,0
2957,14,1,3000,1100,600
2958,6,3,4200,1900,0
2958,14,1,3000,1100,0
2959,6,1,4200,1900,0
2960,12,1,2400,800,0
2960,7,1,3800,1600,380
2961,11,1,3400,1300,0
2961,14,2,3000,1100,600
2961,15,1,1800,600,0
2961,4,1,7200,4200,0
2962,11,2,3400,1300,0
2962,5,1,3200,1500,0
2962,10,1,2700,1100,540
2962,18,1,4800,2100,0
2963,11,1,3400,1300,0
2964,8,1,2900,1200,0
2965,5,3,3200,1500,960
2965,17,2,2500,900,0
2965,6,2,4200,1900,840
2966,5,1,3200,1500,0
2967,11,2,3400,1300,1360
2967,15,2,1800,600,0
2967,16,2,1600,500,640
2968,1,1,8900,5400,0
2968,2,1,6500,3900,650
2968,3,1,4500,2200,0
2969,19,2,1200,300,480
2969,7,1,3800,1600,0
2969,13,1,2200,700,0
2970,8,1,2900,1200,0
2970,14,1,3000,1100,600
2970,2,1,6500,3900,650
2971,18,1,4800,2100,0
2971,20,1,3900,1700,780
2972,8,1,2900,1200,0
2972,15,1,1800,600,0
2972,6,1,4200,1900,420
2972,1,1,8900,5400,0
2973,12,1,2400,800,240
2974,19,1,1200,300,0
2974,14,1,3000,1100,300
2975,20,1,3900,1700,0
2975,1,1,8900,5400,0
2975,11,1,3400,1300,0
2976,18,1,4800,2100,960
2976,4,1,7200,4200,0
2976,2,1,6500,3900,650
2976,6,1,4200,1900,0
2977,19,1,1200,300,0
2978,4,1,7200,4200,0
2978,11,1,3400,1300,0
2978,15,2,1800,600,0
2978,1,1,8900,5400,0
2979,10,1,2700,1100,270
2979,16,2,1600,500,0
2980,4,1,7200,4200,0
2980,7,1,3800,1600,0
2980,20,1,3900,1700,0
2981,18,1,4800,2100,480
2981,9,1,3500,1500,0
2982,7,2,3800,1600,0
2983,19,1,1200,300,0
2983,10,1,2700,1100,0
2984,5,1,3200,1500,320
2984,8,1,2900,1200,580
2985,6,2,4200,1900,840
2985,17,2,2500,900,0
2985,11,1,3400,1300,0
2985,3,3,4500,2200,0
2986,1,1,8900,5400,0
2986,17,1,2500,900,250
2987,1,1,8900,5400,0
2987,6,1,4200,1900,0
2987,13,2,2200,700,0
2987,18,1,4800,2100,0
2988,17,1,2500,900,0
2988,14,2,3000,1100,0
2988,2,1,6500,3900,1300
2988,11,2,3400,1300,680
2989,8,1,2900,1200,0
2990,12,1,2400,800,240
2991,14,1,3000,1100,0
2991,1,1,8900,5400,0
2992,6,2,4200,1900,0
2992,13,1,2200,700,0
2992,11,1,3400,1300,0
2992,18,2,4800,2100,960
2993,15,2,1800,600,0
2993,12,1,2400,800,480
2994,11,1,3400,1300,340
2994,5,2,3200,1500,0
2995,4,1,7200,4200,0
2995,20,2,3900,1700,780
2995,19,1,1200,300,0
2996,16,1,1600,500,160
2996,2,2,6500,3900,0
2996,12,3,2400,800,0
2996,19,1,1200,300,0
2997,11,1,3400,1300,680
2997,2,1,6500,3900,1300
2997,6,1,4200,1900,420
2997,16,1,1600,500,0
2998,8,1,2900,1200,290
2998,10,1,2700,1100,270
2999,16,1,1600,500,0
2999,17,1,2500,900,0
2999,5,2,3200,1500,1280
3000,3,1,4500,2200,0
3000,13,1,2200,700,440
3000,4,1,7200,4200,0
3000,17,1,2500,900,0
3001,7,1,3800,1600,380
3001,16,1,1600,500,320
3002,14,1,3000,1100,600
3002,17,1,2500,900,0
3003,3,1,4500,2200,450
3003,6,1,4200,1900,840
3003,8,3,2900,1200,0
3004,17,1,2500,900,0
3005,11,2,3400,1300,680
3005,18,2,4800,2100,0
3006,13,1,2200,700,440
3006,8,1,2900,1200,0
3006,1,1,8900,5400,890
3007,19,1,1200,300,0
3007,18,2,4800,2100,0
3007,13,1,2200,700,0
3007,12,1,2400,800,240
3008,18,2,4800,2100,0
3008,14,1,3000,1100,0
3009,7,1,3800,1600,380
3009,1,1,8900,5400,0
3010,15,1,1800,600,0
3010,7,1,3800,1600,0
3010,13,1,2200,700,0
3010,19,1,1200,300,0
3011,7,1,3800,1600,0
3011,13,2,2200,700,0
3012,3,1,4500,2200,900
3013,8,2,2900,1200,0
3014,13,1,2200,700,220
3014,14,1,3000,1100,0
3015,18,1,4800,2100,0
3016,6,1,4200,1900,420
3016,19,1,1200,300,0
3017,14,2,3000,1100,600
3017,2,1,6500,3900,0
3017,19,1,1200,300,0
3017,6,1,4200,1900,0
3018,5,3,3200,1500,0
3018,10,1,2700,1100,0
3018,9,1,3500,1500,700
3018,3,2,4500,2200,0
3019,2,1,6500,3900,0
3019,6,1,4200,1900,0
3019,9,1,3500,1500,0
3020,1,1,8900,5400,890
3021,1,1,8900,5400,890
3021,12,2,2400,800,0
3022,7,1,3800,1600,0
3022,4,1,7200,4200,720
3023,19,1,1200,300,0
3023,18,2,4800,2100,0
3024,12,2,2400,800,0
3025,5,2,3200,1500,0
3025,4,1,7200,4200,720
3025,15,1,1800,600,0
3026,16,1,1600,500,320
3027,8,2,2900,1200,0
3028,12,1,2400,800,0
3028,2,1,6500,3900,0
3029,17,1,2500,900,250
3029,10,2,2700,1100,1080
3030,12,1,2400,800,240
3030,9,2,3500,1500,700
3030,7,1,3800,1600,0
3030,19,1,1200,300,0
3031,8,1,2900,1200,0
3031,5,3,3200,1500,960
3031,2,1,6500,3900,650
3031,17,2,2500,900,500
3032,18,1,4800,2100,0
3033,16,1,1600,500,0
3034,16,1,1600,500,320
3035,12,1,2400,800,0
3035,13,1,2200,700,440
3035,17,1,2500,900,250
3036,20,1,3900,1700,0
3036,13,1,2200,700,0
3036,19,1,1200,300,120
3037,5,1,3200,1500,0
3038,17,1,2500,900,250
3038,5,2,3200,1500,640
3039,19,2,1200,300,0
3039,8,1,2900,1200,0
3040,12,1,2400,800,480
3040,5,2,3200,1500,0
3040,14,1,3000,1100,0
3040,18,1,4800,2100,0
3041,8,1,2900,1200,0
3042,20,1,3900,1700,780
3042,8,2,2900,1200,0
3043,2,1,6500,3900,0
3043,17,1,2500,900,0
3043,18,1,4800,2100,480
3043,12,1,2400,800,0
3044,15,1,1800,600,0
3044,11,2,3400,1300,0
3044,9,1,3500,1500,0
3045,15,1,1800,600,180
3045,18,3,4800,2100,0
3045,3,1,4500,2200,0
3045,10,1,2700,1100,0
3046,1,1,8900,5400,890
3046,11,1,3400,1300,340
3046,16,1,1600,500,320
3047,16,3,1600,500,0
3048,16,2,1600,500,640
3049,15,1,1800,600,0
3049,3,1,4500,2200,0
3049,14,1,3000,1100,0
3049,4,1,7200,4200,0
3050,15,1,1800,600,0
3050,4,1,7200,4200,720
3050,5,1,3200,1500,0
3050,13,2,2200,700,440
3051,6,1,4200,1900,0
3051,9,1,3500,1500,0
3051,3,1,4500,2200,0
3052,15,1,1800,600,180
3052,8,1,2900,1200,290
3053,16,1,1600,500,0
3053,1,1,8900,5400,0
3053,20,2,3900,1700,0
3053,4,1,7200,4200,0
3054,12,1,2400,800,240
3054,14,1,3000,1100,300
3054,2,1,6500,3900,650
3054,5,1,3200,1500,640
3055,6,1,4200,1900,420
3055,18,1,4800,2100,0
3056,19,2,1200,300,0
3056,16,2,1600,500,0
3056,5,1,3200,1500,320
3057,9,1,3500,1500,350
3057,15,2,1800,600,360
3057,12,2,2400,800,960
3058,2,2,6500,3900,0
3059,14,1,3000,1100,0
3060,1,2,8900,5400,1780
3060,4,1,7200,4200,1440
3060,16,1,1600,500,0
3060,10,2,2700,1100,0
3061,16,1,1600,500,320
3061,15,1,1800,600,360
3061,12,2,2400,800,0
3061,5,1,3200,1500,320
3062,1,1,8900,5400,890
3062,14,1,3000,1100,300
3062,10,2,2700,1100,540
3063,14,2,3000,1100,0
3063,15,2,1800,600,0
3063,13,1,2200,700,0
3063,5,3,3200,1500,0
3064,14,1,3000,1100,0
3064,9,2,3500,1500,0
3064,16,1,1600,500,160
3065,14,1,3000,1100,600
3065,1,1,8900,5400,890
3066,3,1,4500,2200,450
3066,8,1,2900,1200,0
3066,9,1,3500,1500,350
3066,1,1,8900,5400,890
3067,11,1,3400,1300,0
3067,10,1,2700,1100,0
3067,1,1,8900,5400,890
3067,20,1,3900,1700,0
3068,3,1,4500,2200,450
3068,15,1,1800,600,360
3068,18,1,4800,2100,0
3068,1,1,8900,5400,0
3069,10,1,2700,1100,0
3069,12,1,2400,800,0
3069,11,3,3400,1300,0
3069,19,1,1200,300,0
3070,2,1,6500,3900,650
3070,18,1,4800,2100,0
3070,13,2,2200,700,0
3071,6,1,4200,1900,420
3071,11,1,3400,1300,0
3071,18,1,4800,2100,0
3071,13,1,2200,700,0
3072,12,2,2400,800,0
3072,3,1,4500,2200,0
3072,7,3,3800,1600,0
3072,16,1,1600,500,160
3073,3,1,4500,2200,0
3074,14,1,3000,1100,0
3074,3,1,4500,2200,900
3074,13,2,2200,700,0
3075,9,1,3500,1500,350
3075,15,1,1800,600,360
3076,19,1,1200,300,0
3076,15,1,1800,600,180
3077,8,1,2900,1200,290
3077,15,2,1800,600,360
3077,10,1,2700,1100,0
3078,20,1,3900,1700,0
3078,8,1,2900,1200,290
3078,1,1,8900,5400,0
3078,18,2,4800,2100,1920
3079,7,1,3800,1600,380
3080,2,1,6500,3900,1300
3081,19,3,1200,300,360
3081,20,3,3900,1700,0
3081,2,1,6500,3900,0
3081,6,1,4200,1900,420
3082,14,2,3000,1100,0
3082,15,1,1800,600,180
3082,20,1,3900,1700,0
3083,2,2,6500,3900,0
3083,15,1,1800,600,0
3084,20,1,3900,1700,390
3084,3,1,4500,2200,0
3084,6,1,4200,1900,420
3085,16,1,1600,500,0
3085,4,2,7200,4200,0
3085,14,1,3000,1100,0
3086,8,1,2900,1200,0
3086,17,1,2500,900,0
3086,13,1,2200,700,220
3087,5,2,3200,1500,0
3087,20,3,3900,1700,2340
3088,13,1,2200,700,220
3088,9,1,3500,1500,0
3088,4,2,7200,4200,2880
3088,6,1,4200,1900,0
3089,11,2,3400,1300,0
3090,12,1,2400,800,480
3090,9,2,3500,1500,700
3091,19,1,1200,300,0
3092,12,2,2400,800,960
3092,14,1,3000,1100,0
3093,16,1,1600,500,0
3093,11,1,3400,1300,0
3094,16,1,1600,500,320
3094,18,2,4800,2100,960
3094,2,1,6500,3900,0
3095,14,1,3000,1100,0
3096,19,1,1200,300,0
3096,10,1,2700,1100,0
3096,9,2,3500,1500,0
3096,15,1,1800,600,0
3097,4,1,7200,4200,720
3097,17,1,2500,900,0
3098,16,1,1600,500,0
3098,9,1,3500,1500,700
3098,20,1,3900,1700,390
3098,18,1,4800,2100,0
3099,13,2,2200,700,0
3099,1,1,8900,5400,890
3100,7,1,3800,1600,0
3100,10,1,2700,1100,540
3101,16,1,1600,500,0
3101,15,1,1800,600,0
3101,6,3,4200,1900,1260
3101,19,1,1200,300,120
3102,17,3,2500,900,0
3102,10,1,2700,1100,0
3102,14,1,3000,1100,0
3103,6,1,4200,1900,840
3103,1,1,8900,5400,890
3103,10,2,2700,1100,0
3104,16,1,1600,500,0
3104,2,1,6500,3900,0
3104,13,1,2200,700,0
3104,8,3,2900,1200,0
3105,19,1,1200,300,0
3105,10,2,2700,1100,0
3105,14,2,3000,1100,0
3105,15,1,1800,600,180
3106,20,3,3900,1700,0
3106,10,1,2700,1100,0
3106,11,1,3400,1300,0
3107,2,1,6500,3900,0
3107,3,1,4500,2200,0
3107,9,1,3500,1500,0
3108,10,1,2700,1100,0
3108,19,1,1200,300,0
3108,16,1,1600,500,160
3109,1,2,8900,5400,0
3110,20,1,3900,1700,0
3110,2,1,6500,3900,0
3110,13,1,2200,700,0
3110,6,2,4200,1900,0
3111,17,1,2500,900,250
3112,6,1,4200,1900,420
3112,9,1,3500,1500,350
3112,20,1,3900,1700,0
3112,18,1,4800,2100,0
3113,2,1,6500,3900,0
3113,12,1,2400,800,240
3114,7,1,3800,1600,0
3114,8,1,2900,1200,0
3114,11,1,3400,1300,0
3115,13,1,2200,700,0
3115,11,1,3400,1300,340
3116,20,1,3900,1700,0
3116,3,1,4500,2200,450
3116,9,1,3500,1500,0
3116,1,3,8900,5400,0
3117,16,2,1600,500,640
3118,9,1,3500,1500,350
3118,16,1,1600,500,160
3118,5,1,3200,1500,0
3118,3,1,4500,2200,0
3119,13,1,2200,700,0
3119,19,1,1200,300,0
3120,11,1,3400,1300,0
3120,1,1,8900,5400,0
3121,15,2,1800,600,0
3121,13,1,2200,700,440
3121,9,1,3500,1500,0
3122,13,1,2200,700,0
3122,8,1,2900,1200,580
3123,8,1,2900,1200,0
3123,19,1,1200,300,0
3123,2,2,6500,3900,0
3124,5,1,3200,1500,0
3124,4,1,7200,4200,0
3124,2,2,6500,3900,2600
3124,12,2,2400,800,480
3125,3,1,4500,2200,450
3126,8,1,2900,1200,0
3126,14,1,3000,1100,300
3126,12,1,2400,800,240
3126,6,1,4200,1900,0
3127,16,1,1600,500,0
3128,11,1,3400,1300,0
3129,19,1,1200,300,120
3129,8,1,2900,1200,580
3130,14,1,3000,1100,0
3130,1,1,8900,5400,0
3130,6,1,4200,1900,0
3131,17,1,2500,900,250
3132,14,1,3000,1100,600
3132,3,1,4500,2200,0
3132,16,1,1600,500,0
3133,18,2,4800,2100,960
3133,16,1,1600,500,160
3133,1,1,8900,5400,0
3134,8,3,2900,1200,0
3134,12,1,2400,800,0
3135,20,1,3900,1700,0
3135,14,1,3000,1100,0
3135,10,1,2700,1100,0
3136,5,2,3200,1500,1280
3136,17,1,2500,900,0
3136,8,1,2900,1200,290
3136,4,1,7200,4200,0
3137,12,1,2400,800,240
3137,1,1,8900,5400,0
3137,11,1,3400,1300,680
3138,20,1,3900,1700,0
3138,16,1,1600,500,0
3138,9,2,3500,1500,0
3138,18,1,4800,2100,0
3139,8,1,2900,1200,0
3139,20,1,3900,1700,0
3139,19,3,1200,300,0
3140,14,1,3000,1100,0
3140,6,1,4200,1900,0
3141,8,1,2900,1200,0
3141,10,1,2700,1100,0
3141,11,2,3400,1300,0
3141,2,1,6500,3900,650
3142,6,2,4200,1900,0
3142,3,1,4500,2200,900
3142,9,1,3500,1500,0
3142,12,2,2400,800,960
3143,10,1,2700,1100,0
3143,16,1,1600,500,0
3143,8,1,2900,1200,0
3143,13,1,2200,700,220
3144,15,1,1800,600,0
3144,4,1,7200,4200,1440
3144,8,1,2900,1200,290
3145,8,1,2900,1200,0
3145,19,1,1200,300,0
3145,11,1,3400,1300,0
3145,6,1,4200,1900,0
3146,20,1,3900,1700,0
3147,16,2,1600,500,0
3147,19,1,1200,300,120
3147,18,1,4800,2100,480
3148,10,1,2700,1100,0
3148,12,1,2400,800,0
3148,4,1,7200,4200,0
3149,10,1,2700,1100,270
3149,14,2,3000,1100,0
3150,14,1,3000,1100,0
3151,20,2,3900,1700,780
3151,16,1,1600,500,0
3151,11,1,3400,1300,340
3152,1,2,8900,5400,0
3152,17,1,2500,900,250
3152,16,1,1600,500,160
3152,18,2,4800,2100,1920
3153,19,2,1200,300,0
3154,14,1,3000,1100,0
3154,13,1,2200,700,440
3155,2,1,6500,3900,0
3156,20,1,3900,1700,0
3156,13,3,2200,700,1320
3157,15,1,1800,600,180
3158,15,1,1800,600,0
3158,17,1,2500,900,0
3159,16,1,1600,500,0
3159,4,1,7200,4200,720
3159,3,1,4500,2200,450
3159,15,1,1800,600,180
3160,2,1,6500,3900,0
3160,17,1,2500,900,0
3160,19,1,1200,300,0
3160,10,1,2700,1100,0
3161,20,1,3900,1700,0
3161,12,1,2400,800,0
3162,20,1,3900,1700,0
3162,14,1,3000,1100,0
3162,15,1,1800,600,0
3162,6,1,4200,1900,840
3163,8,2,2900,1200,0
3163,15,3,1800,600,540
3163,18,1,4800,2100,0
3164,7,1,3800,1600,0
3164,19,1,1200,300,0
3164,2,2,6500,3900,0
3164,17,2,2500,900,500
3165,6,1,4200,1900,420
3165,7,1,3800,1600,0
3165,18,1,4800,2100,960
3165,13,1,2200,700,0
3166,10,1,2700,1100,270
3166,4,1,7200,4200,720
3166,1,1,8900,5400,890
3167,11,1,3400,1300,340
3167,18,1,4800,2100,0
3168,5,1,3200,1500,320
3168,7,2,3800,1600,0
3168,11,1,3400,1300,0
3168,16,1,1600,500,0
3169,10,1,2700,1100,0
3169,19,1,1200,300,0
3169,8,1,2900,1200,0
3169,4,1,7200,4200,0
3170,1,1,8900,5400,0
3170,9,1,3500,1500,350
3170,15,1,1800,600,0
3171,5,1,3200,1500,320
3171,16,1,1600,500,160
3172,20,1,3900,1700,0
3172,8,1,2900,1200,290
3172,11,2,3400,1300,1360
3173,7,1,3800,1600,0
3173,18,1,4800,2100,0
3173,20,2,3900,1700,1560
3173,13,1,2200,700,0
3174,6,1,4200,1900,420
3174,9,1,3500,1500,350
3174,19,1,1200,300,120
3175,9,1,3500,1500,0
3176,16,1,1600,500,160
3176,6,1,4200,1900,420
3176,11,1,3400,1300,0
3176,4,2,7200,4200,0
3177,13,3,2200,700,1320
3178,8,2,2900,1200,0
3179,12,1,2400,800,0
3180,12,1,2400,800,0
3180,15,1,1800,600,0
3181,13,2,2200,700,440
3181,6,1,4200,1900,840
3181,19,1,1200,300,0
3181,12,1,2400,800,0
3182,15,2,1800,600,360
3183,14,1,3000,1100,0
3184,9,2,3500,1500,0
3184,15,2,1800,600,0
3184,3,1,4500,2200,0
3185,20,1,3900,1700,0
3185,14,3,3000,1100,0
3186,8,2,2900,1200,580
3187,14,2,3000,1100,600
3187,5,1,3200,1500,0
3187,1,2,8900,5400,1780
3187,7,1,3800,1600,0
3188,10,1,2700,1100,270
3188,4,1,7200,4200,720
3188,20,1,3900,1700,0
3188,14,1,3000,1100,0
3189,5,1,3200,1500,320
3189,14,1,3000,1100,0
3190,1,1,8900,5400,0
3191,5,1,3200,1500,0
3191,16,1,1600,500,0
3191,11,1,3400,1300,0
3192,15,1,1800,600,0
3193,20,1,3900,1700,780
3193,7,1,3800,1600,0
3194,5,1,3200,1500,0
3194,14,1,3000,1100,0
3195,19,1,1200,300,0
3196,10,1,2700,1100,0
3196,19,2,1200,300,0
3196,5,1,3200,1500,0
3196,20,1,3900,1700,780
3197,17,1,2500,900,0
3197,9,2,3500,1500,0
3197,1,1,8900,5400,0
3197,11,1,3400,1300,0
3198,16,1,1600,500,0
3199,7,1,3800,1600,0
3199,20,3,3900,1700,2340
3200,13,1,2200,700,0
3200,9,1,3500,1500,350
3200,18,2,4800,2100,0
3200,1,1,8900,5400,890
3201,3,1,4500,2200,450
3201,4,1,7200,4200,0
3202,8,1,2900,1200,0
3202,9,1,3500,1500,350
3202,3,1,4500,2200,0
3202,11,1,3400,1300,340
3203,14,2,3000,1100,0
3203,6,3,4200,1900,0
3204,4,2,7200,4200,1440
3204,18,3,4800,2100,0
3204,5,2,3200,1500,0
3205,17,1,2500,900,0
3206,1,1,8900,5400,0
3206,13,1,2200,700,0
3206,5,1,3200,1500,640
3206,17,1,2500,900,0
3207,18,1,4800,2100,0
3207,3,3,4500,2200,0
3207,13,1,2200,700,0
3207,6,3,4200,1900,0
3208,20,1,3900,1700,780
3208,1,1,8900,5400,0
3209,13,1,2200,700,0
3209,2,3,6500,3900,3900
3210,20,1,3900,1700,0
3210,17,1,2500,900,0
3210,18,1,4800,2100,0
3210,19,1,1200,300,0
3211,6,1,4200,1900,0
3211,11,2,3400,1300,0
3211,9,1,3500,1500,350
3211,2,1,6500,3900,650
3212,10,1,2700,1100,0
3212,12,2,2400,800,480
3212,9,1,3500,1500,350
3212,15,1,1800,600,0
3213,16,1,1600,500,0
3213,12,1,2400,800,0
3214,12,1,2400,800,480
3214,2,1,6500,3900,0
3214,1,1,8900,5400,0
3214,16,1,1600,500,0
3215,10,1,2700,1100,0
3216,9,1,3500,1500,0
3216,1,1,8900,5400,0
3216,4,1,7200,4200,1440
3216,2,1,6500,3900,0
3217,13,1,2200,700,0
3217,2,3,6500,3900,1950
3218,8,1,2900,1200,0
3218,4,2,7200,4200,2880
3219,15,1,1800,600,180
3220,2,1,6500,3900,0
3220,11,1,3400,1300,0
3220,4,1,7200,4200,720
3221,14,1,3000,1100,0
3221,15,1,1800,600,0
3221,8,1,2900,1200,0
3222,4,1,7200,4200,0
3222,8,2,2900,1200,0
3222,1,2,8900,5400,0
3223,1,3,8900,5400,0
3223,6,1,4200,1900,0
3223,10,1,2700,1100,0
3223,19,1,1200,300,0
3224,20,1,3900,1700,0
3224,16,1,1600,500,320
3224,12,1,2400,800,240
3224,6,2,4200,1900,0
3225,4,3,7200,4200,0
3225,16,3,1600,500,0
3226,10,1,2700,1100,0
3226,17,1,2500,900,0
3227,15,2,1800,600,0
3227,3,2,4500,2200,900
3228,13,1,2200,700,0
3228,11,1,3400,1300,340
3228,10,1,2700,1100,0
3228,19,1,1200,300,240
3229,15,1,1800,600,0
3230,15,1,1800,600,180
3230,7,1,3800,1600,0
3231,8,3,2900,1200,0
3232,1,1,8900,5400,890
3232,20,2,3900,1700,1560
3232,3,2,4500,2200,0
3233,18,1,4800,2100,480
3233,5,1,3200,1500,320
3233,10,1,2700,1100,540
3233,3,1,4500,2200,450
3234,11,1,3400,1300,680
3234,10,1,2700,1100,0
3234,13,3,2200,700,0
3234,14,1,3000,1100,600
3235,14,2,3000,1100,0
3236,4,1,7200,4200,1440
3236,11,1,3400,1300,0
3236,5,1,3200,1500,320
3237,4,2,7200,4200,0
3237,14,2,3000,1100,0
3238,4,1,7200,4200,1440
3238,20,1,3900,1700,780
3238,7,1,3800,1600,0
3239,1,2,8900,5400,0
3240,19,1,1200,300,0
3240,11,2,3400,1300,0
3240,15,1,1800,600,0
3240,13,1,2200,700,0
3241,8,1,2900,1200,290
3241,20,1,3900,1700,0
3241,9,1,3500,1500,350
3241,19,1,1200,300,0
3242,8,2,2900,1200,0
3242,3,1,4500,2200,0
3242,16,1,1600,500,0
3243,20,1,3900,1700,0
3243,13,1,2200,700,220
3243,18,1,4800,2100,0
3244,2,2,6500,3900,0
3244,12,1,2400,800,0
3244,16,1,1600,500,0
3245,10,1,2700,1100,0
3245,3,1,4500,2200,0
3246,6,1,4200,1900,0
3246,16,1,1600,500,160
3246,17,1,2500,900,250
3246,1,1,8900,5400,0
3247,20,1,3900,1700,390
3247,5,1,3200,1500,0
3247,18,1,4800,2100,0
3248,17,2,2500,900,500
3248,12,1,2400,800,0
3249,3,2,4500,2200,0
3249,7,1,3800,1600,0
3249,9,1,3500,1500,350
3250,4,1,7200,4200,0
3250,10,1,2700,1100,0
3251,12,1,2400,800,0
3252,2,1,6500,3900,650
3252,11,1,3400,1300,680
3252,5,2,3200,1500,640
3253,18,1,4800,2100,960
3253,16,1,1600,500,0
3253,19,1,1200,300,0
3254,8,1,2900,1200,0
3254,17,3,2500,900,750
3255,11,1,3400,1300,340
3255,4,1,7200,4200,720
3256,12,1,2400,800,0
3256,2,3,6500,3900,0
3257,6,1,4200,1900,420
3258,18,1,4800,2100,0
3259,2,1,6500,3900,650
3259,19,1,1200,300,0
3259,10,1,2700,1100,0
3259,7,2,3800,1600,1520
3260,4,2,7200,4200,1440
3260,14,1,3000,1100,0
3261,15,1,1800,600,0
3261,3,1,4500,2200,0
3262,18,1,4800,2100,0
3262,1,3,8900,5400,0
3263,8,2,2900,1200,0
3264,10,1,2700,1100,0
3264,12,2,2400,800,480
3265,11,1,3400,1300,0
3265,17,1,2500,900,250
3265,19,1,1200,300,120
3266,17,1,2500,900,500
3266,11,1,3400,1300,0
3267,11,1,3400,1300,0
3267,17,1,2500,900,500
3268,7,1,3800,1600,0
3268,2,1,6500,3900,650
3269,7,1,3800,1600,760
3269,8,1,2900,1200,290
3269,3,3,4500,2200,2700
3269,4,1,7200,4200,0
3270,4,1,7200,4200,0
3270,7,1,3800,1600,0
3271,19,1,1200,300,0
3271,7,1,3800,1600,0
3271,1,1,8900,5400,1780
3271,14,1,3000,1100,0
3272,9,3,3500,1500,0
3272,15,1,1800,600,0
3273,2,2,6500,3900,0
3273,14,1,3000,1100,0
3273,11,2,3400,1300,0
3274,5,1,3200,1500,0
3275,20,1,3900,1700,0
3276,11,1,3400,1300,680
3276,20,1,3900,1700,0
3277,9,1,3500,1500,350
3277,11,3,3400,1300,1020
3277,14,1,3000,1100,300
3278,2,1,6500,3900,1300
3278,11,1,3400,1300,680
3279,14,1,3000,1100,300
3279,16,1,1600,500,160
3279,9,1,3500,1500,350
3280,1,1,8900,5400,890
3281,12,1,2400,800,0
3282,9,2,3500,1500,0
3283,2,1,6500,3900,650
3284,12,1,2400,800,240
3284,9,1,3500,1500,700
3284,15,2,1800,600,0
3285,10,1,2700,1100,0
3285,13,1,2200,700,0
3286,3,1,4500,2200,450
3286,20,1,3900,1700,390
3286,17,1,2500,900,250
3287,19,1,1200,300,0
3287,11,2,3400,1300,0
3287,1,2,8900,5400,1780
3288,9,2,3500,1500,700
3288,16,2,1600,500,0
3288,19,1,1200,300,240
3288,13,1,2200,700,220
3289,16,1,1600,500,0
3289,2,1,6500,3900,0
3289,6,1,4200,1900,0
3289,12,1,2400,800,0
3290,9,1,3500,1500,350
3290,10,1,2700,1100,0
3291,15,1,1800,600,180
3291,5,1,3200,1500,320
3292,19,1,1200,300,0
3292,15,1,1800,600,180
3293,1,1,8900,5400,890
3293,20,2,3900,1700,0
3293,10,1,2700,1100,270
3294,18,1,4800,2100,0
3294,17,1,2500,900,0
3294,16,1,1600,500,0
3295,7,1,3800,1600,0
3295,15,1,1800,600,0
3295,17,1,2500,900,0
3295,2,1,6500,3900,0
3296,15,2,1800,600,360
3296,14,1,3000,1100,0
3296,19,1,1200,300,0
3296,13,1,2200,700,0
3297,4,1,7200,4200,0
3297,15,2,1800,600,360
3298,11,1,3400,1300,340
3298,19,1,1200,300,120
3298,4,2,7200,4200,1440
3298,1,1,8900,5400,890
3299,15,2,1800,600,720
3299,16,1,1600,500,0
3299,19,1,1200,300,120
3300,3,1,4500,2200,900
3301,15,1,1800,600,360
3301,11,1,3400,1300,0
3301,5,2,3200,1500,1280
3302,16,1,1600,500,160
3302,13,1,2200,700,440
3302,14,1,3000,1100,600
3303,7,1,3800,1600,760
3303,1,1,8900,5400,0
3303,15,1,1800,600,180
3304,2,1,6500,3900,0
3304,18,1,4800,2100,0
3304,9,1,3500,1500,700
3304,6,2,4200,1900,0
3305,10,1,2700,1100,270
3305,9,3,3500,1500,1050
3305,18,1,4800,2100,480
3305,6,1,4200,1900,840
3306,12,2,2400,800,0
3306,8,1,2900,1200,0
3306,16,1,1600,500,0
3306,18,1,4800,2100,960
3307,19,2,1200,300,0
3307,11,1,3400,1300,0
3307,1,1,8900,5400,0
3307,16,1,1600,500,0
3308,2,1,6500,3900,0
3308,16,1,1600,500,0
3309,5,1,3200,1500,320
3310,19,1,1200,300,0
3310,6,1,4200,1900,420
3310,9,1,3500,1500,700
3310,10,1,2700,1100,0
3311,9,3,3500,1500,0
3311,2,1,6500,3900,1300
3311,8,2,2900,1200,0
3311,3,2,4500,2200,0
3312,7,2,3800,1600,0
3313,20,1,3900,1700,0
3313,13,1,2200,700,0
3313,14,2,3000,1100,0
3314,12,1,2400,800,0
3314,10,1,2700,1100,0
3314,6,1,4200,1900,0
3314,17,2,2500,900,0
3315,15,2,1800,600,360
3315,16,1,1600,500,0
3316,2,1,6500,3900,0
3316,11,1,3400,1300,0
3316,12,2,2400,800,480
3317,15,1,1800,600,0
3317,5,1,3200,1500,320
3318,20,2,3900,1700,1560
3318,3,1,4500,2200,0
3318,6,1,4200,1900,0
3319,10,1,2700,1100,0
3320,20,2,3900,1700,0
3320,13,1,2200,700,0
3320,11,1,3400,1300,0
3320,6,1,4200,1900,0
3321,4,1,7200,4200,720
3321,19,1,1200,300,120
3321,3,1,4500,2200,900
3321,5,1,3200,1500,0
3322,8,1,2900,1200,0
3322,12,1,2400,800,0
3322,11,1,3400,1300,340
3322,1,1,8900,5400,0
3323,8,1,2900,1200,290
3324,9,2,3500,1500,0
3324,19,1,1200,300,0
3324,7,1,3800,1600,0
3324,3,1,4500,2200,0
3325,7,2,3800,1600,0
3325,15,1,1800,600,0
3325,20,2,3900,1700,780
3325,8,1,2900,1200,290
3326,18,1,4800,2100,0
3327,1,1,8900,5400,0
3327,20,1,3900,1700,390
3327,14,1,3000,1100,600
3328,9,1,3500,1500,0
3329,3,2,4500,2200,900
3330,11,2,3400,1300,680
3330,2,2,6500,3900,1300
3330,3,1,4500,2200,0
3331,2,1,6500,3900,0
3331,5,2,3200,1500,640
3331,16,2,1600,500,640
3331,13,1,2200,700,0
3332,17,1,2500,900,0
3332,11,1,3400,1300,0
3332,13,1,2200,700,0
3333,17,2,2500,900,500
3333,14,1,3000,1100,0
3333,4,1,7200,4200,0
3334,10,1,2700,1100,270
3335,3,1,4500,2200,450
3336,18,1,4800,2100,0
3337,9,1,3500,1500,0
3338,20,2,3900,1700,780
3338,9,1,3500,1500,0
3339,3,1,4500,2200,0
3340,14,1,3000,1100,0
3340,17,3,2500,900,0
3341,10,1,2700,1100,540
3342,15,1,1800,600,0
3343,12,1,2400,800,0
3343,19,1,1200,300,120
3343,16,1,1600,500,160
3343,5,1,3200,1500,0
3344,2,1,6500,3900,0
3344,1,2,8900,5400,0
3344,16,2,1600,500,0
3345,16,1,1600,500,320
3345,18,1,4800,2100,0
3345,9,1,3500,1500,0
3345,6,1,4200,1900,420
3346,20,1,3900,1700,390
3347,9,1,3500,1500,700
3348,15,1,1800,600,0
3348,6,1,4200,1900,0
3349,17,1,2500,900,0
3350,10,1,2700,1100,270
3350,15,3,1800,600,0
3350,13,1,2200,700,220
3351,2,1,6500,3900,0
3351,18,1,4800,2100,0
3352,3,2,4500,2200,900
3353,8,2,2900,1200,1160
3353,15,1,1800,600,180
3353,2,1,6500,3900,0
3353,20,1,3900,1700,390
3354,19,2,1200,300,480
3354,13,1,2200,700,0
3355,5,2,3200,1500,0
3356,2,1,6500,3900,650
3356,5,1,3200,1500,320
3357,20,1,3900,1700,390
3358,4,2,7200,4200,1440
3358,18,3,4800,2100,0
3358,7,1,3800,1600,0
3358,10,1,2700,1100,0
3359,1,1,8900,5400,0
3359,20,1,3900,1700,0
3360,2,1,6500,3900,0
3360,13,1,2200,700,0
3360,9,2,3500,1500,1400
3360,8,1,2900,1200,580
3361,16,1,1600,500,0
3361,1,1,8900,5400,890
3361,5,1,3200,1500,0
3362,11,2,3400,1300,680
3363,16,1,1600,500,320
3363,11,1,3400,1300,0
3363,10,1,2700,1100,0
3364,1,1,8900,5400,0
3364,15,1,1800,600,180
3364,6,3,4200,1900,0
3365,7,1,3800,1600,0
3366,12,1,2400,800,240
3366,1,1,8900,5400,0
3366,20,1,3900,1700,0
3366,4,1,7200,4200,0
3367,1,1,8900,5400,0
3368,3,1,4500,2200,900
3368,11,1,3400,1300,340
3368,14,1,3000,1100,0
3369,15,1,1800,600,0
3369,8,1,2900,1200,580
3369,17,1,2500,900,0
3370,12,1,2400,800,0
3371,7,1,3800,1600,0
3372,18,2,4800,2100,0
3372,3,1,4500,2200,0
3372,8,1,2900,1200,580
3373,11,3,3400,1300,0
3373,9,1,3500,1500,0
3373,12,1,2400,800,0
3374,4,1,7200,4200,0
3374,18,1,4800,2100,0
3375,5,1,3200,1500,0
3376,17,1,2500,900,0
3376,20,1,3900,1700,0
3377,16,1,1600,500,0
3377,1,1,8900,5400,890
3378,17,2,2500,900,500
3378,10,1,2700,1100,270
3378,15,1,1800,600,0
3378,2,1,6500,3900,0
3379,7,1,3800,1600,380
3379,16,2,1600,500,640
3379,20,1,3900,1700,0
3380,20,2,3900,1700,0
3381,12,1,2400,800,0
3381,4,1,7200,4200,0
3381,17,2,2500,900,500
3381,13,1,2200,700,0
3382,17,2,2500,900,0
3382,3,1,4500,2200,0
3383,6,1,4200,1900,0
3384,13,2,2200,700,0
3384,11,2,3400,1300,680
3384,17,1,2500,900,0
3385,20,1,3900,1700,0
3385,15,1,1800,600,0
3385,1,1,8900,5400,0
3385,7,2,3800,1600,0
3386,18,2,4800,2100,0
3386,19,1,1200,300,0
3386,2,2,6500,3900,0
3386,9,2,3500,1500,0
3387,4,1,7200,4200,1440
3387,7,1,3800,1600,0
3388,11,2,3400,1300,0
3389,1,1,8900,5400,0
3389,17,2,2500,900,0
3390,8,1,2900,1200,290
3390,15,2,1800,600,0
3390,4,1,7200,4200,1440
3391,18,1,4800,2100,0
3391,4,2,7200,4200,2880
3391,8,1,2900,1200,0
3391,15,1,1800,600,360
3392,8,1,2900,1200,0
3392,7,1,3800,1600,380
3392,4,1,7200,4200,0
3393,17,1,2500,900,0
3394,9,1,3500,1500,0
3394,1,3,8900,5400,0
3394,4,1,7200,4200,720
3394,11,1,3400,1300,0
3395,10,1,2700,1100,270
3395,5,1,3200,1500,0
3395,9,1,3500,1500,0
3396,16,1,1600,500,0
3396,9,3,3500,1500,0
3396,2,1,6500,3900,0
3396,14,1,3000,1100,600
3397,8,2,2900,1200,580
3397,5,1,3200,1500,0
3398,14,1,3000,1100,0
3398,17,1,2500,900,0
3398,20,1,3900,1700,0
3399,7,1,3800,1600,380
3399,16,1,1600,500,0
3399,3,1,4500,2200,0
3400,5,2,3200,1500,0
3401,19,2,1200,300,0
3402,1,1,8900,5400,0
3403,10,2,2700,1100,0
3403,11,1,3400,1300,0
3403,20,1,3900,1700,0
3404,10,1,2700,1100,270
3404,6,1,4200,1900,420
3404,1,1,8900,5400,1780
3404,11,1,3400,1300,680
3405,6,1,4200,1900,0
3405,4,2,7200,4200,2880
3406,2,2,6500,3900,1300
3406,18,1,4800,2100,480
3406,13,1,2200,700,0
3406,3,1,4500,2200,900
3407,14,2,3000,1100,0
3407,9,2,3500,1500,0
3407,8,1,2900,1200,0
3407,10,1,2700,1100,0
3408,16,3,1600,500,0
3408,9,1,3500,1500,350
3408,3,2,4500,2200,0
3408,18,2,4800,2100,1920
3409,20,2,3900,1700,0
3409,18,1,4800,2100,0
3409,16,1,1600,500,160
3410,8,2,2900,1200,0
3410,2,2,6500,3900,0
3411,20,1,3900,1700,0
3411,16,1,1600,500,0
3412,12,1,2400,800,480
3412,15,1,1800,600,0
3412,17,1,2500,900,250
3413,5,2,3200,1500,0
3413,9,2,3500,1500,700
3413,13,2,2200,700,0
3413,19,2,1200,300,0
3414,1,1,8900,5400,0
3415,19,1,1200,300,0
3415,20,1,3900,1700,0
3416,20,3,3900,1700,1170
3416,16,1,1600,500,0
3416,2,1,6500,3900,0
3417,12,2,2400,800,480
3418,13,1,2200,700,440
3418,12,1,2400,800,0
3418,4,1,7200,4200,0
3419,14,2,3000,1100,0
3420,8,1,2900,1200,290
3420,11,2,3400,1300,680
3420,15,1,1800,600,180
3421,5,1,3200,1500,0
3422,5,1,3200,1500,0
3422,4,2,7200,4200,2880
3422,17,1,2500,900,0
3423,2,1,6500,3900,0
3423,12,1,2400,800,0
3423,1,1,8900,5400,0
3423,15,1,1800,600,0
3424,5,1,3200,1500,0
3424,14,3,3000,1100,0
3425,16,1,1600,500,320
3426,16,1,1600,500,0
3426,11,2,3400,1300,0
3426,6,1,4200,1900,0
3426,7,1,3800,1600,0
3427,17,1,2500,900,250
3427,12,1,2400,800,0
3428,4,1,7200,4200,1440
3429,6,1,4200,1900,420
3429,16,2,1600,500,640
3429,10,3,2700,1100,0
3430,3,1,4500,2200,450
3430,15,1,1800,600,180
3431,3,1,4500,2200,0
3431,14,1,3000,1100,300
3431,4,2,7200,4200,1440
3431,15,1,1800,600,0
3432,17,2,2500,900,0
3432,15,1,1800,600,360
3432,2,1,6500,3900,650
3433,4,1,7200,4200,0
3433,1,1,8900,5400,890
3434,19,1,1200,300,120
3434,6,2,4200,1900,0
3434,16,2,1600,500,320
3434,10,1,2700,1100,0
3435,7,1,3800,1600,380
3435,18,1,4800,2100,0
3435,16,1,1600,500,0
3436,4,1,7200,4200,0
3436,19,1,1200,300,240
3436,13,2,2200,700,440
3437,1,2,8900,5400,0
3437,19,1,1200,300,120
3437,5,1,3200,1500,640
3438,15,1,1800,600,180
3439,1,2,8900,5400,0
3440,16,1,1600,500,0
3441,3,1,4500,2200,450
3441,14,3,3000,1100,900
3441,13,1,2200,700,0
3441,15,1,1800,600,0
3442,11,1,3400,1300,0
3442,15,1,1800,600,0
3442,13,2,2200,700,880
3443,19,1,1200,300,0
3443,16,2,1600,500,0
3444,8,1,2900,1200,290
3444,20,2,3900,1700,0
3445,1,3,8900,5400,0
3445,14,2,3000,1100,600
3445,4,1,7200,4200,720
3445,13,1,2200,700,0
3446,16,1,1600,500,0
3447,2,2,6500,3900,0
3447,19,1,1200,300,0
3448,4,1,7200,4200,720
3448,13,1,2200,700,0
3448,2,1,6500,3900,0
3448,8,1,2900,1200,0
3449,7,1,3800,1600,0
3449,4,1,7200,4200,720
3449,10,1,2700,1100,0
3449,14,1,3000,1100,0
3450,1,1,8900,5400,0
3450,17,1,2500,900,250
3451,9,1,3500,1500,0
3451,7,3,3800,1600,1140
3452,9,1,3500,1500,350
3452,17,1,2500,900,250
3452,6,1,4200,1900,0
3452,8,1,2900,1200,0
3453,7,1,3800,1600,0
3453,13,1,2200,700,0
3454,9,1,3500,1500,0
3455,10,1,2700,1100,270
3455,4,1,7200,4200,0
3455,8,1,2900,1200,290
3455,15,2,1800,600,360
3456,16,1,1600,500,0
3456,18,2,4800,2100,960
3457,8,1,2900,1200,0
3458,10,1,2700,1100,0
3459,11,1,3400,1300,340
3460,3,1,4500,2200,450
3461,1,1,8900,5400,890
3462,17,2,2500,900,0
3462,3,1,4500,2200,450
3462,10,1,2700,1100,0
3462,18,2,4800,2100,960
3463,14,2,3000,1100,0
3464,18,3,4800,2100,0
3464,5,1,3200,1500,0
3464,9,1,3500,1500,0
3465,1,1,8900,5400,0
3465,2,1,6500,3900,650
3465,8,2,2900,1200,0
3466,5,1,3200,1500,0
3466,10,1,2700,1100,0
3467,17,3,2500,900,0
3467,7,1,3800,1600,0
3467,6,1,4200,1900,420
3468,5,2,3200,1500,0
3468,15,2,1800,600,0
3469,14,1,3000,1100,0
3469,17,1,2500,900,250
3470,3,1,4500,2200,0
3470,8,1,2900,1200,0
3471,12,2,2400,800,0
3472,8,1,2900,1200,0
3472,6,2,4200,1900,0
3472,7,1,3800,1600,0
3473,5,1,3200,1500,320
3473,9,1,3500,1500,0
3474,11,1,3400,1300,340
3474,14,1,3000,1100,0
3474,6,1,4200,1900,420
3474,1,1,8900,5400,0
3475,20,1,3900,1700,390
3475,10,1,2700,1100,0
3476,6,1,4200,1900,0
3476,19,2,1200,300,0
3476,7,1,3800,1600,0
3476,15,1,1800,600,0
3477,5,1,3200,1500,0
3477,14,1,3000,1100,0
3478,3,1,4500,2200,0
3479,7,2,3800,1600,760
3480,16,1,1600,500,0
3480,11,1,3400,1300,0
3480,13,3,2200,700,1320
3480,17,1,2500,900,0
3481,8,1,2900,1200,0
3481,17,1,2500,900,0
3481,6,1,4200,1900,0
3482,11,2,3400,1300,0
3482,15,2,1800,600,0
3482,12,1,2400,800,0
3482,7,1,3800,1600,760
3483,9,2,3500,1500,700
3483,14,2,3000,1100,0
3484,17,1,2500,900,0
3484,2,2,6500,3900,0
3485,20,1,3900,1700,0
3485,9,1,3500,1500,350
3486,3,1,4500,2200,0
3486,13,3,2200,700,0
3487,16,1,1600,500,160
3487,4,1,7200,4200,0
3487,2,1,6500,3900,650
3488,2,1,6500,3900,0
3488,19,1,1200,300,0
3488,13,1,2200,700,0
3489,1,2,8900,5400,0
3489,17,1,2500,900,0
3489,3,1,4500,2200,900
3489,18,1,4800,2100,0
3490,18,1,4800,2100,480
3490,17,1,2500,900,250
3490,10,1,2700,1100,0
3491,16,2,1600,500,0
3491,14,1,3000,1100,300
3491,7,1,3800,1600,380
3491,8,1,2900,1200,290
3492,19,1,1200,300,120
3492,16,1,1600,500,0
3492,11,1,3400,1300,680
3492,13,1,2200,700,0
3493,8,1,2900,1200,0
3494,13,1,2200,700,220
3494,1,1,8900,5400,0
3494,7,1,3800,1600,0
3495,5,2,3200,1500,0
3495,16,1,1600,500,160
3496,14,1,3000,1100,300
3497,6,1,4200,1900,0
3497,13,1,2200,700,0
3497,3,3,4500,2200,1350
3497,4,1,7200,4200,720
3498,6,1,4200,1900,420
3498,5,3,3200,1500,0
3498,7,2,3800,1600,760
3498,1,1,8900,5400,890
3499,13,2,2200,700,0
3499,20,1,3900,1700,780
3499,3,1,4500,2200,450
3500,2,1,6500,3900,650
3500,19,2,1200,300,240
3500,18,2,4800,2100,0
3501,13,1,2200,700,0
3502,13,1,2200,700,220
3502,4,1,7200,4200,0
3502,16,1,1600,500,0
3503,15,1,1800,600,0
3503,7,1,3800,1600,0
3503,2,1,6500,3900,0
3503,5,1,3200,1500,0
3504,8,1,2900,1200,0
3504,17,1,2500,900,0
3504,12,1,2400,800,240
3504,16,1,1600,500,0
3505,12,1,2400,800,0
3505,2,1,6500,3900,0
3505,3,1,4500,2200,450
3505,10,1,2700,1100,0
3506,17,2,2500,900,0
3506,10,1,2700,1100,0
3506,13,1,2200,700,0
3507,4,1,7200,4200,0
3508,13,1,2200,700,220
3509,15,3,1800,600,0
3510,16,1,1600,500,160
3510,12,1,2400,800,240
3510,1,1,8900,5400,1780
3510,9,1,3500,1500,0
3511,14,2,3000,1100,0
3511,18,2,4800,2100,0
3511,19,1,1200,300,0
3512,3,2,4500,2200,0
3512,1,1,8900,5400,0
3512,8,1,2900,1200,0
3512,13,2,2200,700,440
3513,10,2,2700,1100,0
3513,11,1,3400,1300,0
3513,7,1,3800,1600,0
3513,3,1,4500,2200,0
3514,10,3,2700,1100,0
3514,16,2,1600,500,0
3514,7,1,3800,1600,0
3515,20,1,3900,1700,0
3516,9,1,3500,1500,350
3517,1,1,8900,5400,890
3517,15,1,1800,600,0
3517,10,1,2700,1100,0
3517,4,2,7200,4200,1440
3518,14,2,3000,1100,0
3518,6,2,4200,1900,0
3518,19,1,1200,300,0
3518,1,1,8900,5400,1780
3519,18,1,4800,2100,0
3519,6,1,4200,1900,420
3519,20,1,3900,1700,0
3520,19,1,1200,300,240
3520,14,1,3000,1100,0
3521,10,2,2700,1100,1080
3521,13,1,2200,700,0
3521,9,2,3500,1500,0
3521,14,1,3000,1100,0
3522,10,1,2700,1100,540
3523,15,1,1800,600,0
3523,1,1,8900,5400,0
3523,6,1,4200,1900,420
3524,11,1,3400,1300,0
3524,20,2,3900,1700,780
3525,18,2,4800,2100,0
3526,12,1,2400,800,240
3527,11,1,3400,1300,680
3528,2,1,6500,3900,0
3528,8,1,2900,1200,290
3529,3,2,4500,2200,0
3529,19,1,1200,300,0
3530,20,1,3900,1700,0
3531,1,2,8900,5400,0
3531,14,1,3000,1100,0
3531,4,1,7200,4200,0
3532,12,1,2400,800,0
3532,14,2,3000,1100,0
3532,16,1,1600,500,0
3533,6,2,4200,1900,0
3533,9,1,3500,1500,350
3534,11,1,3400,1300,340
3535,3,1,4500,2200,450
3535,8,1,2900,1200,290
3535,10,1,2700,1100,540
3536,14,1,3000,1100,0
3537,1,2,8900,5400,0
3537,6,1,4200,1900,0
3537,9,1,3500,1500,0
3537,19,1,1200,300,0
3538,3,2,4500,2200,0
3538,7,1,3800,1600,0
3538,12,1,2400,800,0
3539,13,1,2200,700,0
3539,6,1,4200,1900,420
3539,1,1,8900,5400,0
3539,15,1,1800,600,180
3540,10,1,2700,1100,270
3540,15,1,1800,600,0
3540,7,1,3800,1600,0
3540,3,1,4500,2200,450
3541,8,1,2900,1200,0
3541,18,1,4800,2100,0
3541,7,1,3800,1600,380
3542,9,2,3500,1500,0
3543,10,2,2700,1100,540
3543,20,1,3900,1700,0
3544,13,1,2200,700,220
3544,2,1,6500,3900,0
3544,18,1,4800,2100,0
3545,5,1,3200,1500,0
3545,19,3,1200,300,0
3546,9,1,3500,1500,0
3546,19,1,1200,300,0
3547,18,2,4800,2100,0
3547,4,1,7200,4200,720
3547,7,1,3800,1600,380
3547,8,2,2900,1200,0
3548,12,1,2400,800,0
3548,17,1,2500,900,0
3549,8,1,2900,1200,580
3549,17,1,2500,900,0
3550,20,1,3900,1700,780
3550,1,1,8900,5400,0
3550,16,1,1600,500,0
3551,18,1,4800,2100,0
3551,3,1,4500,2200,0
3551,6,1,4200,1900,0
3551,17,1,2500,900,0
3552,6,1,4200,1900,0
3552,15,1,1800,600,0
3553,19,2,1200,300,240
3553,17,1,2500,900,0
3553,5,1,3200,1500,0
3553,8,1,2900,1200,290
3554,8,2,2900,1200,0
3554,2,1,6500,3900,0
3555,9,1,3500,1500,0
3556,10,3,2700,1100,810
3556,15,1,1800,600,360
3556,4,1,7200,4200,0
3557,13,2,2200,700,0
3557,6,3,4200,1900,0
3557,7,1,3800,1600,760
3558,14,1,3000,1100,300
3558,1,1,8900,5400,0
3558,20,1,3900,1700,0
3558,7,2,3800,1600,0
3559,19,3,1200,300,0
3559,18,2,4800,2100,0
3559,9,1,3500,1500,350
3559,8,2,2900,1200,0
3560,8,1,2900,1200,290
3560,11,2,3400,1300,0
3560,16,1,1600,500,0
3561,18,3,4800,2100,2880
3562,10,1,2700,1100,0
3562,18,3,4800,2100,0
3562,6,1,4200,1900,0
3563,16,3,1600,500,480
3563,2,1,6500,3900,0
3563,5,3,3200,1500,0
3563,4,2,7200,4200,2880
3564,15,1,1800,600,0
3564,14,1,3000,1100,0
3565,10,1,2700,1100,0
3566,17,1,2500,900,0
3567,20,2,3900,1700,0
3568,20,1,3900,1700,0
3568,7,1,3800,1600,0
3569,6,1,4200,1900,840
3569,12,1,2400,800,0
3569,2,1,6500,3900,0
3570,1,1,8900,5400,890
3571,13,3,2200,700,0
3571,2,1,6500,3900,0
3571,11,3,3400,1300,0
3572,14,2,3000,1100,600
3573,11,1,3400,1300,0
3574,10,1,2700,1100,0
3574,20,1,3900,1700,0
3575,20,1,3900,1700,390
3575,15,1,1800,600,180
3575,11,1,3400,1300,0
3575,19,2,1200,300,0
3576,10,3,2700,1100,0
3576,19,1,1200,300,0
3577,17,1,2500,900,0
3578,7,1,3800,1600,0
3579,5,2,3200,1500,0
3580,20,1,3900,1700,390
3580,2,1,6500,3900,0
3580,6,1,4200,1900,0
3580,18,1,4800,2100,960
3581,11,1,3400,1300,0
3581,20,2,3900,1700,0
3581,15,1,1800,600,0
3582,8,1,2900,1200,0
3582,2,1,6500,3900,0
3583,12,1,2400,800,240
3584,16,2,1600,500,320
3584,13,1,2200,700,220
3584,20,1,3900,1700,0
3584,12,2,2400,800,0
3585,11,2,3400,1300,0
3585,20,1,3900,1700,0
3585,15,1,1800,600,360
3585,4,1,7200,4200,0
3586,13,1,2200,700,0
3586,19,3,1200,300,0
3587,17,1,2500,900,0
3587,19,1,1200,300,0
3587,13,1,2200,700,440
3587,1,1,8900,5400,890
3588,20,2,3900,1700,0
3588,2,1,6500,3900,0
3588,10,1,2700,1100,0
3589,3,1,4500,2200,0
3589,2,1,6500,3900,0
3589,11,1,3400,1300,0
3589,9,1,3500,1500,0
3590,8,1,2900,1200,0
3591,14,1,3000,1100,0
3591,17,1,2500,900,0
3591,4,1,7200,4200,0
3592,7,1,3800,1600,380
3593,11,3,3400,1300,0
3593,13,1,2200,700,440
3594,8,1,2900,1200,0
3594,3,1,4500,2200,450
3594,16,1,1600,500,160
3594,18,1,4800,2100,0
3595,7,1,3800,1600,0
3595,18,1,4800,2100,0
3595,4,1,7200,4200,720
3595,8,1,2900,1200,0
3596,19,1,1200,300,0
3596,16,1,1600,500,0
3596,15,3,1800,600,0
3597,4,1,7200,4200,0
3597,5,1,3200,1500,0
3597,20,1,3900,1700,0
3598,17,1,2500,900,0
3598,6,1,4200,1900,0
3598,18,1,4800,2100,0
3599,13,1,2200,700,0
3599,17,1,2500,900,0
3599,14,1,3000,1100,0
3600,1,2,8900,5400,0
3600,9,1,3500,1500,350
3600,4,1,7200,4200,0
3601,6,1,4200,1900,420
3602,8,1,2900,1200,0
3602,20,2,3900,1700,0
3603,9,1,3500,1500,0
3603,11,1,3400,1300,340
3603,15,1,1800,600,0
3604,2,1,6500,3900,0
3604,14,1,3000,1100,0
3604,10,1,2700,1100,270
3605,12,1,2400,800,0
3605,5,1,3200,1500,320
3605,7,1,3800,1600,380
3605,9,1,3500,1500,350
3606,14,1,3000,1100,0
3606,15,1,1800,600,180
3606,6,2,4200,1900,840
3607,10,1,2700,1100,270
3608,6,1,4200,1900,840
3608,11,1,3400,1300,0
3608,14,1,3000,1100,0
3609,17,3,2500,900,0
3609,10,1,2700,1100,0
3610,9,1,3500,1500,350
3610,3,1,4500,2200,900
3610,17,1,2500,900,0
3610,11,1,3400,1300,680
3611,5,1,3200,1500,0
3612,20,2,3900,1700,780
3613,5,1,3200,1500,0
3613,11,1,3400,1300,0
3613,8,3,2900,1200,0
3613,1,1,8900,5400,890
3614,9,1,3500,1500,0
3614,1,2,8900,5400,1780
3614,2,1,6500,3900,0
3615,8,1,2900,1200,290
3615,1,1,8900,5400,0
3615,11,1,3400,1300,0
3615,7,2,3800,1600,760
3616,12,2,2400,800,480
3616,20,1,3900,1700,0
3616,19,1,1200,300,0
3617,18,1,4800,2100,480
3617,8,1,2900,1200,0
3617,19,1,1200,300,0
3617,20,1,3900,1700,0
3618,17,1,2500,900,0
3618,1,1,8900,5400,890
3619,1,1,8900,5400,0
3619,3,2,4500,2200,0
3620,13,2,2200,700,0
3620,1,1,8900,5400,890
3620,15,1,1800,600,0
3621,15,2,1800,600,360
3621,4,1,7200,4200,0
3622,5,1,3200,1500,0
3623,19,1,1200,300,0
3623,2,1,6500,3900,0
3623,15,1,1800,600,0
3623,10,1,2700,1100,0
3624,9,1,3500,1500,0
3624,1,1,8900,5400,1780
3624,16,1,1600,500,160
3625,13,2,2200,700,0
3625,16,3,1600,500,0
3626,14,3,3000,1100,900
3626,3,1,4500,2200,450
3627,19,1,1200,300,0
3627,8,1,2900,1200,290
3627,12,1,2400,800,0
3627,6,3,4200,1900,2520
3628,3,1,4500,2200,0
3629,6,1,4200,1900,840
3629,19,1,1200,300,120
3629,2,1,6500,3900,0
3630,1,1,8900,5400,0
3630,10,1,2700,1100,270
3630,5,1,3200,1500,320
3630,8,1,2900,1200,0
3631,2,1,6500,3900,0
3631,14,1,3000,1100,0
3631,15,1,1800,600,0
3631,8,1,2900,1200,0
3632,16,1,1600,500,160
3632,18,1,4800,2100,480
3632,2,2,6500,3900,0
3633,18,2,4800,2100,0
3633,12,1,2400,800,0
3633,15,1,1800,600,0
3634,16,2,1600,500,320
3634,3,1,4500,2200,0
3634,1,1,8900,5400,890
3635,11,1,3400,1300,0
3635,6,2,4200,1900,0
3635,7,2,3800,1600,0
3635,2,1,6500,3900,0
3636,1,1,8900,5400,1780
3637,7,2,3800,1600,0
3637,14,1,3000,1100,0
3637,10,1,2700,1100,0
3638,2,2,6500,3900,0
3638,7,1,3800,1600,0
3639,8,1,2900,1200,580
3639,1,2,8900,5400,1780
3640,18,2,4800,2100,0
3641,12,1,2400,800,0
3641,17,2,2500,900,0
3642,5,1,3200,1500,320
3642,3,1,4500,2200,0
3642,4,1,7200,4200,0
3642,20,3,3900,1700,1170
3643,12,1,2400,800,0
3643,5,1,3200,1500,0
3644,1,1,8900,5400,0
3644,13,1,2200,700,220
3644,18,1,4800,2100,0
3644,14,2,3000,1100,0
3645,7,3,3800,1600,0
3645,15,1,1800,600,0
3645,10,1,2700,1100,0
3646,8,1,2900,1200,580
3646,19,1,1200,300,120
3646,12,3,2400,800,720
3646,3,1,4500,2200,450
3647,20,1,3900,1700,0
3648,12,1,2400,800,240
3649,5,1,3200,1500,0
3649,8,2,2900,1200,0
3650,12,1,2400,800,0
3651,8,2,2900,1200,0
3651,17,1,2500,900,250
3652,14,1,3000,1100,300
3653,13,3,2200,700,0
3653,2,1,6500,3900,1300
3653,7,1,3800,1600,0
3653,1,2,8900,5400,0
3654,17,1,2500,900,0
3654,2,2,6500,3900,2600
3654,20,1,3900,1700,0
3654,16,2,1600,500,0
3655,18,1,4800,2100,0
3656,5,1,3200,1500,0
3656,7,1,3800,1600,0
3656,20,1,3900,1700,780
3657,6,1,4200,1900,0
3657,18,1,4800,2100,0
3657,2,1,6500,3900,0
3657,10,1,2700,1100,540
3658,13,1,2200,700,220
3658,20,1,3900,1700,780
3658,8,1,2900,1200,0
3658,9,3,3500,1500,0
3659,13,2,2200,700,880
3659,20,1,3900,1700,0
3659,17,1,2500,900,0
3660,18,1,4800,2100,0
3660,10,1,2700,1100,0
3661,9,1,3500,1500,0
3661,11,1,3400,1300,0
3661,17,1,2500,900,0
3661,2,1,6500,3900,0
3662,7,1,3800,1600,0
3662,12,1,2400,800,240
3663,18,1,4800,2100,0
3663,20,1,3900,1700,0
3663,4,1,7200,4200,0
3664,4,1,7200,4200,0
3664,9,1,3500,1500,350
3664,20,1,3900,1700,390
3664,18,2,4800,2100,0
3665,19,2,1200,300,0
3665,17,2,2500,900,0
3666,4,1,7200,4200,0
3667,11,1,3400,1300,0
3668,19,1,1200,300,0
3669,1,1,8900,5400,0
3669,17,2,2500,900,500
3669,20,1,3900,1700,390
3670,9,1,3500,1500,0
3670,4,1,7200,4200,0
3670,13,1,2200,700,0
3670,11,1,3400,1300,0
3671,6,1,4200,1900,420
3672,1,1,8900,5400,0
3673,1,1,8900,5400,0
3674,18,2,4800,2100,960
3674,13,1,2200,700,220
3675,1,1,8900,5400,1780
3675,15,1,1800,600,180
3676,7,1,3800,1600,760
3676,19,1,1200,300,0
3677,19,3,1200,300,0
3678,15,1,1800,600,0
3678,5,2,3200,1500,0
3679,7,1,3800,1600,0
3679,11,2,3400,1300,0
3679,18,1,4800,2100,480
3679,8,2,2900,1200,0
3680,2,1,6500,3900,650
3681,17,1,2500,900,500
3681,20,2,3900,1700,0
3681,12,1,2400,800,240
3682,3,3,4500,2200,0
3682,1,1,8900,5400,0
3682,12,1,2400,800,0
3682,11,1,3400,1300,340
3683,3,1,4500,2200,0
3683,14,1,3000,1100,0
3683,15,1,1800,600,180
3684,9,1,3500,1500,0
3685,16,1,1600,500,0
3686,9,2,3500,1500,0
3686,19,1,1200,300,0
3686,20,2,3900,1700,0
3686,2,1,6500,3900,650
3687,1,1,8900,5400,890
3687,2,1,6500,3900,650
3688,11,1,3400,1300,0
3688,15,2,1800,600,0
3689,14,1,3000,1100,0
3689,17,1,2500,900,0
3689,1,1,8900,5400,0
3690,13,1,2200,700,0
3690,5,1,3200,1500,640
3691,5,3,3200,1500,0
3692,5,1,3200,1500,640
3692,10,2,2700,1100,0
3692,9,1,3500,1500,0
3692,14,1,3000,1100,0
3693,18,1,4800,2100,0
3694,2,1,6500,3900,650
3695,3,2,4500,2200,900
3695,17,1,2500,900,250
3695,1,1,8900,5400,0
3696,15,3,1800,600,540
3696,8,3,2900,1200,870
3696,7,2,3800,1600,1520
3697,12,1,2400,800,0
3697,20,1,3900,1700,0
3697,19,1,1200,300,0
3697,5,3,3200,1500,960
3698,13,2,2200,700,0
3698,10,1,2700,1100,0
3699,9,1,3500,1500,0
3699,11,1,3400,1300,0
3699,8,1,2900,1200,580
3699,18,1,4800,2100,0
3700,12,1,2400,800,0
3700,2,2,6500,3900,0
3700,11,1,3400,1300,680
3701,19,1,1200,300,0
3702,20,1,3900,1700,0
3702,12,1,2400,800,480
3702,11,1,3400,1300,0
3703,15,1,1800,600,0
3703,3,1,4500,2200,0
3703,19,2,1200,300,0
3703,17,2,2500,900,0
3704,19,1,1200,300,0
3705,19,3,1200,300,0
3705,9,1,3500,1500,350
3705,16,1,1600,500,320
3705,20,1,3900,1700,0
3706,17,1,2500,900,250
3707,18,1,4800,2100,0
3708,15,2,1800,600,360
3709,3,3,4500,2200,0
3709,5,1,3200,1500,320
3710,11,2,3400,1300,1360
3710,12,1,2400,800,0
3710,18,1,4800,2100,480
3711,2,1,6500,3900,0
3711,16,1,1600,500,160
3712,4,2,7200,4200,2880
3712,6,1,4200,1900,420
3712,8,1,2900,1200,290
3713,10,1,2700,1100,0
3713,12,2,2400,800,480
3714,11,2,3400,1300,0
3714,4,1,7200,4200,720
3715,7,1,3800,1600,0
3715,4,3,7200,4200,0
3716,16,1,1600,500,160
3717,1,1,8900,5400,0
3717,6,1,4200,1900,420
3717,13,1,2200,700,0
3717,7,1,3800,1600,760
3718,12,1,2400,800,240
3719,12,1,2400,800,0
3719,4,1,7200,4200,1440
3720,18,1,4800,2100,0
3720,12,2,2400,800,480
3720,6,3,4200,1900,0
3721,2,2,6500,3900,1300
3721,11,1,3400,1300,0
3721,12,1,2400,800,0
3722,17,1,2500,900,0
3722,5,1,3200,1500,0
3722,16,1,1600,500,160
3723,8,1,2900,1200,0
3723,11,1,3400,1300,0
3724,7,1,3800,1600,380
3724,19,1,1200,300,0
3724,15,2,1800,600,360
3725,17,1,2500,900,500
3725,1,3,8900,5400,0
3726,10,1,2700,1100,270
3727,1,1,8900,5400,0
3727,11,2,3400,1300,0
3727,14,2,3000,1100,0
3728,19,1,1200,300,0
3728,16,1,1600,500,0
3728,5,1,3200,1500,0
3728,6,1,4200,1900,0
3729,4,1,7200,4200,0
3729,8,1,2900,1200,290
3729,13,2,2200,700,880
3729,19,1,1200,300,0
3730,5,1,3200,1500,0
3730,7,2,3800,1600,1520
3731,10,1,2700,1100,0
3731,11,1,3400,1300,0
3732,2,1,6500,3900,0
3732,1,1,8900,5400,1780
3733,8,1,2900,1200,290
3733,11,1,3400,1300,340
3733,2,1,6500,3900,0
3734,16,3,1600,500,0
3735,14,1,3000,1100,300
3735,16,1,1600,500,320
3735,13,2,2200,700,440
3736,3,1,4500,2200,0
3736,9,1,3500,1500,0
3736,1,2,8900,5400,0
3736,7,1,3800,1600,0
3737,14,1,3000,1100,0
3737,16,2,1600,500,320
3737,6,1,4200,1900,0
3738,15,1,1800,600,0
3738,20,1,3900,1700,0
3738,7,1,3800,1600,0
3738,6,1,4200,1900,840
3739,7,1,3800,1600,760
3740,13,1,2200,700,220
3741,4,3,7200,4200,0
3742,19,1,1200,300,0
3742,5,1,3200,1500,0
3743,12,1,2400,800,480
3743,2,1,6500,3900,0
3744,4,2,7200,4200,0
3744,12,2,2400,800,480
3744,7,2,3800,1600,0
3745,20,1,3900,1700,390
3745,3,1,4500,2200,450
3745,1,1,8900,5400,0
3746,12,1,2400,800,0
3746,16,1,1600,500,0
3747,18,1,4800,2100,480
3748,10,1,2700,1100,0
3748,15,1,1800,600,180
3748,12,3,2400,800,0
3748,6,1,4200,1900,0
3749,15,1,1800,600,0
3749,1,1,8900,5400,890
3750,4,2,7200,4200,1440
3750,20,1,3900,1700,0
3750,2,1,6500,3900,1300
3751,17,1,2500,900,0
3751,1,1,8900,5400,0
3751,9,1,3500,1500,350
3751,2,1,6500,3900,0
3752,1,1,8900,5400,890
3752,14,1,3000,1100,0
3753,10,1,2700,1100,540
3753,2,2,6500,3900,2600
3754,7,1,3800,1600,0
3754,4,2,7200,4200,0
3754,2,1,6500,3900,1300
3755,3,1,4500,2200,0
3755,6,1,4200,1900,420
3756,2,1,6500,3900,0
3756,14,1,3000,1100,600
3756,15,1,1800,600,0
3756,13,1,2200,700,0
3757,2,1,6500,3900,0
3758,12,1,2400,800,0
3759,10,1,2700,1100,0
3759,19,2,1200,300,240
3759,1,2,8900,5400,0
3759,18,1,4800,2100,0
3760,1,1,8900,5400,0
3760,10,1,2700,1100,0
3761,2,1,6500,3900,650
3762,12,1,2400,800,0
3763,18,1,4800,2100,480
3763,11,1,3400,1300,340
3763,2,1,6500,3900,0
3763,13,1,2200,700,0
3764,4,2,7200,4200,0
3764,9,1,3500,1500,0
3764,5,2,3200,1500,0
3765,3,2,4500,2200,0
3766,7,1,3800,1600,0
3766,12,1,2400,800,240
3766,20,3,3900,1700,0
3767,11,1,3400,1300,340
3767,12,1,2400,800,0
3768,5,1,3200,1500,320
3768,11,1,3400,1300,680
3768,2,1,6500,3900,0
3768,10,2,2700,1100,540
3769,8,1,2900,1200,290
3769,14,2,3000,1100,0
3770,19,3,1200,300,720
3771,20,1,3900,1700,0
3772,4,1,7200,4200,0
3772,19,2,1200,300,240
3772,5,1,3200,1500,0
3772,6,2,4200,1900,0
3773,11,1,3400,1300,0
3773,2,1,6500,3900,0
3773,5,2,3200,1500,0
3774,18,1,4800,2100,0
3774,3,2,4500,2200,0
3774,19,1,1200,300,120
3775,14,1,3000,1100,0
3776,17,1,2500,900,250
3776,3,1,4500,2200,900
3776,1,1,8900,5400,890
3776,16,1,1600,500,0
3777,12,1,2400,800,0
3778,13,1,2200,700,0
3778,3,3,4500,2200,0
3778,20,2,3900,1700,0
3778,6,1,4200,1900,0
3779,19,2,1200,300,0
3779,14,1,3000,1100,300
3779,4,1,7200,4200,720
3779,3,1,4500,2200,450
3780,7,1,3800,1600,380
3780,14,1,3000,1100,300
3780,1,1,8900,5400,1780
3780,17,1,2500,900,0
3781,11,1,3400,1300,0
3782,20,1,3900,1700,0
3783,19,2,1200,300,240
3784,10,2,2700,1100,540
3784,20,1,3900,1700,0
3784,3,1,4500,2200,0
3784,19,1,1200,300,0
3785,15,1,1800,600,0
3786,20,1,3900,1700,0
3786,18,1,4800,2100,0
3786,7,2,3800,1600,0
3787,4,2,7200,4200,0
3788,9,1,3500,1500,0
3789,11,2,3400,1300,0
3790,20,1,3900,1700,0
3790,11,2,3400,1300,0
3791,14,1,3000,1100,0
3791,16,2,1600,500,320
3792,3,1,4500,2200,450
3792,11,3,3400,1300,0
3792,8,1,2900,1200,0
3793,18,1,4800,2100,0
3793,2,1,6500,3900,0
3793,1,1,8900,5400,890
3793,7,1,3800,1600,0
3794,1,1,8900,5400,0
3794,20,2,3900,1700,0
3794,15,2,1800,600,0
3794,12,1,2400,800,0
3795,9,1,3500,1500,0
3796,3,1,4500,2200,900
3796,14,1,3000,1100,300
3796,5,1,3200,1500,0
3796,18,1,4800,2100,480
3797,1,2,8900,5400,0
3797,6,1,4200,1900,0
3797,17,2,2500,900,500
3797,10,1,2700,1100,0
3798,7,1,3800,1600,0
3798,19,1,1200,300,0
3799,18,1,4800,2100,0
3799,15,1,1800,600,0
3799,14,1,3000,1100,0
3800,2,1,6500,3900,0
3800,20,1,3900,1700,0
3800,17,1,2500,900,250
3800,11,1,3400,1300,340
3801,1,1,8900,5400,1780
3802,6,1,4200,1900,840
3802,7,1,3800,1600,0
3802,10,3,2700,1100,1620
3803,1,1,8900,5400,0
3803,17,2,2500,900,500
3803,14,1,3000,1100,0
3803,2,1,6500,3900,0
3804,12,1,2400,800,0
3804,18,1,4800,2100,960
3804,5,1,3200,1500,0
3804,7,1,3800,1600,0
3805,7,1,3800,1600,760
3805,17,1,2500,900,250
3805,20,1,3900,1700,780
3805,9,1,3500,1500,0
3806,8,1,2900,1200,0
3806,6,1,4200,1900,420
3806,18,1,4800,2100,0
3807,20,1,3900,1700,0
3808,3,1,4500,2200,0
3809,9,1,3500,1500,0
3809,11,1,3400,1300,680
3810,17,1,2500,900,250
3811,10,1,2700,1100,540
3811,5,1,3200,1500,320
3811,12,1,2400,800,0
3811,1,1,8900,5400,890
3812,15,1,1800,600,180
3812,20,1,3900,1700,390
3812,11,1,3400,1300,680
3812,18,1,4800,2100,480
3813,15,1,1800,600,0
3813,7,1,3800,1600,0
3813,19,3,1200,300,360
3813,13,1,2200,700,0
3814,3,3,4500,2200,0
3814,9,1,3500,1500,0
3814,17,1,2500,900,0
3814,6,1,4200,1900,0
3815,13,1,2200,700,220
3816,3,1,4500,2200,450
3816,13,1,2200,700,220
3816,10,1,2700,1100,0
3817,20,1,3900,1700,0
3817,14,2,3000,1100,0
3817,5,1,3200,1500,0
3818,4,2,7200,4200,0
3818,10,1,2700,1100,0
3818,12,1,2400,800,0
3818,20,1,3900,1700,390
3819,6,2,4200,1900,0
3819,19,1,1200,300,0
3819,8,1,2900,1200,0
3820,19,1,1200,300,0
3820,17,1,2500,900,0
3820,8,1,2900,1200,0
3821,15,1,1800,600,0
3821,2,2,6500,3900,0
3821,11,2,3400,1300,680
3822,3,2,4500,2200,900
3823,15,1,1800,600,0
3823,2,1,6500,3900,1300
3824,12,2,2400,800,0
3825,8,2,2900,1200,0
3825,1,1,8900,5400,890
3825,5,1,3200,1500,0
3826,2,2,6500,3900,0
3826,5,1,3200,1500,320
3826,9,1,3500,1500,0
3827,18,1,4800,2100,0
3828,16,1,1600,500,160
3828,6,1,4200,1900,0
3829,11,2,3400,1300,0
3830,7,1,3800,1600,0
3830,13,1,2200,700,0
3830,16,1,1600,500,0
3830,3,1,4500,2200,0
3831,4,1,7200,4200,720
3831,14,1,3000,1100,0
3831,6,1,4200,1900,0
3831,10,1,2700,1100,270
3832,6,1,4200,1900,840
3832,10,1,2700,1100,0
3833,15,1,1800,600,0
3833,2,1,6500,3900,0
3833,20,1,3900,1700,0
3833,4,1,7200,4200,0
3834,5,3,3200,1500,0
3834,17,1,2500,900,0
3834,2,1,6500,3900,650
3835,16,1,1600,500,0
3835,4,3,7200,4200,2160
3835,3,2,4500,2200,0
3836,20,3,3900,1700,0
3837,20,1,3900,1700,390
3837,7,2,3800,1600,0
3837,4,1,7200,4200,0
3837,19,1,1200,300,0
3838,12,1,2400,800,480
3838,8,1,2900,1200,580
3839,11,1,3400,1300,0
3839,10,2,2700,1100,0
3840,19,1,1200,300,0
3840,15,2,1800,600,0
3840,16,1,1600,500,160
3841,3,2,4500,2200,900
3842,13,1,2200,700,0
3842,16,2,1600,500,640
3843,10,2,2700,1100,0
3843,20,1,3900,1700,780
3843,17,2,2500,900,500
3844,1,2,8900,5400,1780
3844,13,1,2200,700,220
3845,3,1,4500,2200,0
3845,20,1,3900,1700,780
3846,14,1,3000,1100,0
3847,17,1,2500,900,0
3847,16,1,1600,500,0
3848,19,1,1200,300,120
3848,2,2,6500,3900,2600
3849,16,1,1600,500,320
3849,14,1,3000,1100,0
3849,3,1,4500,2200,0
3850,1,2,8900,5400,0
3851,3,2,4500,2200,900
3852,8,1,2900,1200,0
3852,14,1,3000,1100,0
3853,9,1,3500,1500,350
3853,19,1,1200,300,0
3853,11,1,3400,1300,340
3854,20,1,3900,1700,0
3854,2,1,6500,3900,0
3854,3,1,4500,2200,0
3854,8,2,2900,1200,580
3855,1,1,8900,5400,0
3855,19,1,1200,300,0
3855,20,2,3900,1700,780
3855,3,1,4500,2200,450
3856,12,2,2400,800,0
3856,7,1,3800,1600,0
3856,9,1,3500,1500,0
3857,12,1,2400,800,240
3858,18,1,4800,2100,480
3858,20,3,3900,1700,0
3858,19,2,1200,300,480
3859,11,1,3400,1300,0
3859,12,1,2400,800,240
3859,4,1,7200,4200,0
3860,4,1,7200,4200,0
3860,3,1,4500,2200,0
3860,7,1,3800,1600,0
3861,15,1,1800,600,0
3861,1,2,8900,5400,1780
3861,12,2,2400,800,0
3861,5,2,3200,1500,0
3862,19,1,1200,300,120
3862,1,1,8900,5400,0
3863,16,1,1600,500,160
3863,17,1,2500,900,0
3863,7,1,3800,1600,0
3864,18,1,4800,2100,480
3864,20,1,3900,1700,0
3864,14,1,3000,1100,0
3865,9,1,3500,1500,0
3865,1,1,8900,5400,1780
3866,8,1,2900,1200,290
3867,9,1,3500,1500,0
3868,7,1,3800,1600,0
3868,9,2,3500,1500,0
3869,19,1,1200,300,120
3869,13,1,2200,700,0
3870,2,1,6500,3900,0
3870,3,1,4500,2200,0
3870,20,1,3900,1700,0
3870,7,1,3800,1600,380
3871,2,2,6500,3900,0
3871,13,1,2200,700,220
3871,11,1,3400,1300,0
3872,17,1,2500,900,0
3872,3,1,4500,2200,0
3872,2,1,6500,3900,0
3873,13,1,2200,700,0
3873,15,1,1800,600,360
3873,8,1,2900,1200,0
3874,6,1,4200,1900,0
3874,20,1,3900,1700,0
3874,17,3,2500,900,0
3874,1,3,8900,5400,2670
3875,1,1,8900,5400,0
3875,9,1,3500,1500,0
3875,6,1,4200,1900,0
3876,6,3,4200,1900,1260
3876,15,1,1800,600,0
3876,10,3,2700,1100,0
3876,4,1,7200,4200,720
3877,12,1,2400,800,0
3878,6,1,4200,1900,0
3878,14,1,3000,1100,0
3878,9,1,3500,1500,0
3879,19,1,1200,300,0
3879,18,2,4800,2100,0
3880,11,1,3400,1300,0
3880,4,1,7200,4200,0
3880,8,2,2900,1200,1160
3880,9,1,3500,1500,0
3881,8,1,2900,1200,0
3881,2,2,6500,3900,0
3881,7,1,3800,1600,0
3882,6,1,4200,1900,0
3882,3,1,4500,2200,450
3882,10,1,2700,1100,270
3883,16,1,1600,500,160
3883,20,1,3900,1700,390
3884,20,1,3900,1700,0
3884,19,1,1200,300,0
3884,17,2,2500,900,0
3884,15,1,1800,600,0
3885,15,1,1800,600,0
3885,6,1,4200,1900,840
3885,20,1,3900,1700,780
3885,13,1,2200,700,0
3886,6,1,4200,1900,0
3886,5,2,3200,1500,640
3886,2,2,6500,3900,2600
3887,19,1,1200,300,240
3887,8,1,2900,1200,0
3887,20,2,3900,1700,0
3888,14,3,3000,1100,900
3889,14,1,3000,1100,0
3889,19,1,1200,300,0
3889,16,1,1600,500,0
3890,18,1,4800,2100,960
3890,15,1,1800,600,0
3890,5,1,3200,1500,640
3890,8,1,2900,1200,0
3891,10,2,2700,1100,0
3891,11,3,3400,1300,1020
3892,9,1,3500,1500,0
3893,12,1,2400,800,0
3894,17,1,2500,900,0
3894,9,1,3500,1500,0
3894,10,1,2700,1100,0
3894,19,1,1200,300,240
3895,14,1,3000,1100,0
3895,2,3,6500,3900,0
3895,10,1,2700,1100,0
3895,18,1,4800,2100,0
3896,10,1,2700,1100,0
3896,15,1,1800,600,0
3897,8,1,2900,1200,290
3897,4,2,7200,4200,0
3898,7,2,3800,1600,0
3899,20,1,3900,1700,390
3899,15,1,1800,600,0
3899,1,1,8900,5400,0
3899,19,1,1200,300,0
3900,7,1,3800,1600,0
3900,4,1,7200,4200,0
3900,9,1,3500,1500,0
3900,19,1,1200,300,0
3901,11,2,3400,1300,0
3901,6,1,4200,1900,0
3901,20,1,3900,1700,0
3902,9,1,3500,1500,0
3902,7,1,3800,1600,380
3903,1,1,8900,5400,1780
3904,6,1,4200,1900,0
3904,2,1,6500,3900,0
3904,4,1,7200,4200,0
3905,6,1,4200,1900,0
3905,4,1,7200,4200,1440
3906,14,1,3000,1100,0
3907,11,2,3400,1300,0
3908,9,1,3500,1500,350
3908,19,2,1200,300,240
3908,20,1,3900,1700,0
3908,3,1,4500,2200,0
3909,5,2,3200,1500,0
3909,8,3,2900,1200,0
3909,6,1,4200,1900,0
3909,4,1,7200,4200,0
3910,12,1,2400,800,0
3910,8,2,2900,1200,0
3910,3,1,4500,2200,0
3910,9,1,3500,1500,0
3911,6,1,4200,1900,0
3911,5,2,3200,1500,0
3912,16,1,1600,500,0
3912,10,1,2700,1100,270
3912,6,1,4200,1900,420
3912,13,1,2200,700,440
3913,4,1,7200,4200,720
3914,7,1,3800,1600,760
3914,17,1,2500,900,0
3915,13,1,2200,700,0
3916,18,1,4800,2100,0
3916,9,2,3500,1500,0
3916,14,1,3000,1100,300
3916,2,1,6500,3900,0
3917,2,1,6500,3900,0
3917,5,1,3200,1500,320
3917,4,2,7200,4200,0
3917,10,1,2700,1100,0
3918,9,1,3500,1500,0
3918,10,2,2700,1100,0
3918,3,1,4500,2200,0
3919,11,1,3400,1300,0
3920,6,2,4200,1900,1680
3920,9,2,3500,1500,0
3920,13,1,2200,700,220
3920,19,1,1200,300,0
3921,13,2,2200,700,440
3921,8,1,2900,1200,0
3921,6,1,4200,1900,420
3922,15,2,1800,600,0
3922,6,1,4200,1900,0
3923,12,1,2400,800,0
3923,8,1,2900,1200,290
3924,13,1,2200,700,0
3924,12,2,2400,800,0
3924,16,1,1600,500,160
3924,6,3,4200,1900,1260
3925,8,1,2900,1200,0
3925,10,2,2700,1100,0
3926,12,2,2400,800,0
3927,17,1,2500,900,0
3927,1,1,8900,5400,0
3927,18,1,4800,2100,480
3927,19,1,1200,300,0
3928,9,1,3500,1500,0
3929,15,1,1800,600,180
3929,3,1,4500,2200,0
3930,19,1,1200,300,120
3930,6,3,4200,1900,1260
3931,6,1,4200,1900,0
3931,16,1,1600,500,160
3931,14,1,3000,1100,0
3932,10,1,2700,1100,0
3932,1,2,8900,5400,0
3933,14,2,3000,1100,600
3934,20,1,3900,1700,390
3935,6,2,4200,1900,0
3935,15,1,1800,600,0
3935,5,1,3200,1500,0
3935,9,1,3500,1500,350
3936,6,1,4200,1900,0
3936,5,1,3200,1500,0
3937,6,2,4200,1900,0
3937,19,1,1200,300,0
3938,14,1,3000,1100,0
3939,4,1,7200,4200,0
3939,8,1,2900,1200,580
3939,7,3,3800,1600,1140
3940,13,3,2200,700,0
3940,10,1,2700,1100,540
3940,16,1,1600,500,0
3940,3,1,4500,2200,450
3941,13,2,2200,700,440
3941,11,2,3400,1300,0
3941,12,1,2400,800,240
3942,15,1,1800,600,360
3942,14,1,3000,1100,600
3942,12,1,2400,800,480
3942,18,1,4800,2100,0
3943,9,2,3500,1500,0
3943,10,1,2700,1100,270
3943,12,1,2400,800,240
3943,4,3,7200,4200,0
3944,4,1,7200,4200,720
3944,16,1,1600,500,0
3945,5,1,3200,1500,0
3945,4,1,7200,4200,720
3945,16,1,1600,500,0
3946,11,1,3400,1300,0
3946,4,1,7200,4200,0
3946,2,1,6500,3900,650
3946,6,1,4200,1900,0
3947,3,1,4500,2200,450
3947,7,3,3800,1600,1140
3947,11,3,3400,1300,0
3948,13,1,2200,700,220
3949,12,2,2400,800,480
3950,11,1,3400,1300,340
3950,10,1,2700,1100,540
3951,19,2,1200,300,0
3951,20,2,3900,1700,780
3952,15,1,1800,600,360
3952,4,3,7200,4200,2160
3952,18,1,4800,2100,0
3953,20,2,3900,1700,0
3953,7,1,3800,1600,0
3953,4,1,7200,4200,1440
3954,10,1,2700,1100,270
3954,13,1,2200,700,0
3954,3,1,4500,2200,0
3954,14,2,3000,1100,600
3955,16,1,1600,500,0
3955,9,2,3500,1500,700
3956,17,1,2500,900,0
3956,10,3,2700,1100,0
3956,1,3,8900,5400,2670
3956,13,1,2200,700,0
3957,13,2,2200,700,0
3958,9,2,3500,1500,700
3958,16,1,1600,500,0
3958,20,1,3900,1700,0
3958,1,1,8900,5400,1780
3959,14,1,3000,1100,300
3960,2,1,6500,3900,0
3960,8,1,2900,1200,0
3960,15,1,1800,600,0
3961,12,1,2400,800,0
3961,2,1,6500,3900,650
3962,17,1,2500,900,0
3962,20,1,3900,1700,0
3963,7,1,3800,1600,380
3963,12,1,2400,800,0
3963,18,1,4800,2100,480
3964,19,1,1200,300,120
3964,5,1,3200,1500,0
3964,20,1,3900,1700,0
3964,11,1,3400,1300,0
3965,12,1,2400,800,0
3965,7,1,3800,1600,0
3965,11,1,3400,1300,340
3965,18,1,4800,2100,0
3966,8,1,2900,1200,0
3966,2,1,6500,3900,0
3966,15,1,1800,600,180
3966,5,2,3200,1500,0
3967,9,1,3500,1500,0
3968,19,1,1200,300,120
3969,16,1,1600,500,320
3969,9,1,3500,1500,350
3969,2,1,6500,3900,0
3970,12,2,2400,800,0
3970,9,2,3500,1500,700
3971,19,1,1200,300,0
3971,16,1,1600,500,160
3971,11,1,3400,1300,340
3971,3,2,4500,2200,0
3972,9,1,3500,1500,350
3972,14,1,3000,1100,300
3973,5,1,3200,1500,320
3973,2,1,6500,3900,650
3974,2,1,6500,3900,0
3974,3,1,4500,2200,450
3974,19,1,1200,300,0
3975,8,1,2900,1200,290
3975,16,1,1600,500,0
3976,11,1,3400,1300,0
3976,13,1,2200,700,0
3976,18,2,4800,2100,0
3977,14,1,3000,1100,0
3977,11,1,3400,1300,0
3977,3,2,4500,2200,0
3978,2,2,6500,3900,0
3978,13,1,2200,700,220
3978,9,1,3500,1500,700
3978,18,2,4800,2100,0
3979,7,1,3800,1600,380
3979,10,2,2700,1100,540
3980,4,1,7200,4200,0
3980,18,1,4800,2100,0
3980,5,1,3200,1500,0
3980,20,1,3900,1700,0
3981,17,1,2500,900,500
3981,4,1,7200,4200,1440
3981,3,1,4500,2200,0
3981,1,1,8900,5400,0
3982,12,1,2400,800,0
3982,15,2,1800,600,0
3983,12,2,2400,800,0
3983,10,1,2700,1100,0
3984,10,1,2700,1100,0
3984,1,1,8900,5400,1780
3985,20,1,3900,1700,0
3985,3,1,4500,2200,0
3985,9,1,3500,1500,350
3986,20,1,3900,1700,0
3986,8,2,2900,1200,580
3986,11,1,3400,1300,340
3986,19,1,1200,300,0
3987,7,1,3800,1600,380
3987,10,1,2700,1100,0
3987,18,1,4800,2100,0
3988,18,1,4800,2100,0
3988,12,1,2400,800,480
3988,11,3,3400,1300,1020
3989,10,1,2700,1100,0
3989,20,1,3900,1700,0
3989,19,1,1200,300,0
3990,1,1,8900,5400,890
3990,7,1,3800,1600,0
3990,5,1,3200,1500,0
3990,6,1,4200,1900,420
3991,1,3,8900,5400,0
3992,8,1,2900,1200,0
3993,6,3,4200,1900,1260
3993,11,1,3400,1300,0
3993,15,1,1800,600,0
3993,19,1,1200,300,0
3994,7,2,3800,1600,0
3994,1,1,8900,5400,0
3995,4,1,7200,4200,0
3995,6,1,4200,1900,0
3996,18,3,4800,2100,2880
3996,6,1,4200,1900,0
3996,12,3,2400,800,0
3997,10,1,2700,1100,540
3997,3,2,4500,2200,0
3997,20,1,3900,1700,0
3998,12,2,2400,800,480
3998,14,1,3000,1100,0
3999,11,1,3400,1300,0
3999,16,1,1600,500,160
3999,19,2,1200,300,0
4000,9,1,3500,1500,0
4000,11,1,3400,1300,0
4000,3,3,4500,2200,0
4000,4,1,7200,4200,0
4001,20,2,3900,1700,0
4001,12,1,2400,800,240
4001,2,1,6500,3900,0
4001,18,1,4800,2100,480
4002,10,1,2700,1100,0
4003,1,1,8900,5400,0
4003,6,1,4200,1900,420
4004,9,2,3500,1500,0
4004,13,1,2200,700,220
4004,5,2,3200,1500,0
4005,11,1,3400,1300,0
4006,18,1,4800,2100,0
4006,11,2,3400,1300,0
4007,14,1,3000,1100,0
4008,5,1,3200,1500,320
4008,20,1,3900,1700,0
4008,18,1,4800,2100,480
4009,19,2,1200,300,0
4009,15,1,1800,600,0
4009,8,1,2900,1200,0
4010,2,1,6500,3900,0
4011,4,1,7200,4200,720
4011,15,1,1800,600,0
4011,9,1,3500,1500,0
4011,2,1,6500,3900,0
4012,10,1,2700,1100,270
4013,18,1,4800,2100,0
4013,14,2,3000,1100,0
4014,10,3,2700,1100,0
4014,4,1,7200,4200,0
4014,11,1,3400,1300,0
4015,19,1,1200,300,120
4015,13,1,2200,700,0
4015,1,2,8900,5400,1780
4015,20,1,3900,1700,0
4016,12,1,2400,800,0
4016,19,1,1200,300,0
4016,20,1,3900,1700,0
4017,12,1,2400,800,240
4018,17,1,2500,900,0
4019,12,1,2400,800,0
4019,3,1,4500,2200,450
4020,19,1,1200,300,0
4020,4,1,7200,4200,0
4020,11,1,3400,1300,0
4020,16,1,1600,500,0
4021,19,1,1200,300,120
4021,3,2,4500,2200,0
4021,8,2,2900,1200,0
4022,4,1,7200,4200,0
4023,7,1,3800,1600,0
4023,20,1,3900,1700,0
4024,5,1,3200,1500,0
4025,20,1,3900,1700,780
4025,2,1,6500,3900,0
4025,17,1,2500,900,0
4025,3,2,4500,2200,0
4026,11,1,3400,1300,0
4026,4,2,7200,4200,0
4027,4,1,7200,4200,0
4027,2,1,6500,3900,0
4027,10,1,2700,1100,270
4027,5,1,3200,1500,0
4028,4,1,7200,4200,720
4029,8,1,2900,1200,290
4030,11,1,3400,1300,0
4031,16,1,1600,500,0
4032,6,1,4200,1900,420
4032,2,2,6500,3900,0
4033,10,1,2700,1100,0
4033,13,1,2200,700,0
4033,6,1,4200,1900,0
4034,1,1,8900,5400,890
4034,15,1,1800,600,180
4034,13,1,2200,700,0
4035,11,1,3400,1300,0
4035,2,1,6500,3900,0
4036,1,2,8900,5400,0
4036,19,2,1200,300,0
4036,5,2,3200,1500,1280
4037,20,1,3900,1700,0
4037,15,1,1800,600,180
4037,5,1,3200,1500,0
4038,15,2,1800,600,0
4039,13,2,2200,700,0
4039,11,1,3400,1300,340
4039,4,1,7200,4200,0
4040,11,1,3400,1300,0
4040,5,1,3200,1500,320
4041,18,1,4800,2100,480
4042,5,2,3200,1500,0
4042,3,2,4500,2200,900
4042,8,1,2900,1200,0
4043,16,1,1600,500,320
4043,20,1,3900,1700,0
4043,5,1,3200,1500,0
4043,15,1,1800,600,180
4044,9,1,3500,1500,0
4044,4,1,7200,4200,1440
4045,10,1,2700,1100,0
4045,3,2,4500,2200,0
4045,16,1,1600,500,0
4045,12,1,2400,800,480
4046,15,1,1800,600,360
4046,7,1,3800,1600,760
4046,8,1,2900,1200,0
4046,12,1,2400,800,240
4047,8,1,2900,1200,290
4047,6,2,4200,1900,0
4047,3,1,4500,2200,0
4047,17,1,2500,900,250
4048,17,1,2500,900,0
4049,16,2,1600,500,320
4050,14,1,3000,1100,0
4051,11,1,3400,1300,0
4051,7,1,3800,1600,380
4051,10,2,2700,1100,0
4052,6,1,4200,1900,420
4052,10,2,2700,1100,1080
4053,15,1,1800,600,0
4054,17,1,2500,900,250
4055,17,1,2500,900,0
4055,8,2,2900,1200,0
4055,1,1,8900,5400,890
4055,16,2,1600,500,0
4056,4,2,7200,4200,1440
4056,19,1,1200,300,0
4056,17,1,2500,900,250
4057,19,1,1200,300,240
4057,20,1,3900,1700,0
4057,3,2,4500,2200,0
4057,12,1,2400,800,0
4058,4,2,7200,4200,0
4059,15,1,1800,600,0
4059,20,2,3900,1700,0
4060,3,1,4500,2200,0
4060,1,1,8900,5400,0
4060,2,1,6500,3900,0
4061,18,2,4800,2100,0
4061,9,1,3500,1500,350
4062,17,1,2500,900,0
4062,3,1,4500,2200,0
4062,13,2,2200,700,0
4063,5,1,3200,1500,320
4063,11,2,3400,1300,680
4063,4,1,7200,4200,720
4063,3,1,4500,2200,0
4064,13,2,2200,700,440
4065,6,1,4200,1900,420
4065,5,2,3200,1500,0
4065,20,2,3900,1700,780
4066,14,1,3000,1100,0
4067,7,1,3800,1600,0
4068,7,1,3800,1600,760
4068,15,1,1800,600,0
4069,16,1,1600,500,0
4069,13,1,2200,700,220
4069,3,3,4500,2200,0
4069,20,1,3900,1700,0
4070,20,3,3900,1700,0
4070,14,1,3000,1100,0
4070,9,1,3500,1500,0
4071,2,1,6500,3900,1300
4071,7,1,3800,1600,0
4071,10,1,2700,1100,0
4071,17,2,2500,900,0
4072,4,2,7200,4200,0
4073,1,1,8900,5400,890
4073,3,1,4500,2200,0
4073,12,1,2400,800,240
4074,17,2,2500,900,0
4075,17,1,2500,900,0
4075,8,1,2900,1200,0
4075,14,1,3000,1100,0
4076,12,2,2400,800,0
4076,10,1,2700,1100,0
4077,16,1,1600,500,0
4077,11,3,3400,1300,1020
4078,17,2,2500,900,0
4078,14,2,3000,1100,0
4078,16,1,1600,500,0
4078,6,1,4200,1900,0
4079,12,2,2400,800,480
4079,4,2,7200,4200,1440
4079,19,2,1200,300,240
4080,15,1,1800,600,0
4080,11,1,3400,1300,340
4081,20,1,3900,1700,390
4081,13,1,2200,700,0
4081,7,1,3800,1600,0
4082,13,1,2200,700,0
4082,3,1,4500,2200,0
4083,6,1,4200,1900,0
4083,19,1,1200,300,0
4083,10,1,2700,1100,0
4083,3,1,4500,2200,0
4084,2,1,6500,3900,650
4084,3,2,4500,2200,900
4084,19,2,1200,300,0
4085,15,1,1800,600,180
4085,19,1,1200,300,240
4085,2,1,6500,3900,0
4085,20,1,3900,1700,0
4086,2,3,6500,3900,0
4086,3,2,4500,2200,900
4086,20,1,3900,1700,0
4086,1,1,8900,5400,0
4087,13,1,2200,700,0
4087,3,2,4500,2200,900
4087,18,2,4800,2100,0
4087,1,1,8900,5400,890
4088,5,1,3200,1500,0
4088,4,2,7200,4200,1440
4089,4,2,7200,4200,1440
4090,13,1,2200,700,220
4091,15,2,1800,600,0
4091,14,3,3000,1100,0
4091,17,1,2500,900,0
4091,16,2,1600,500,320
4092,5,1,3200,1500,0
4092,12,2,2400,800,960
4093,4,1,7200,4200,720
4093,14,1,3000,1100,300
4093,15,1,1800,600,0
4093,5,2,3200,1500,640
4094,9,2,3500,1500,0
4094,6,1,4200,1900,840
4095,17,1,2500,900,500
4095,2,1,6500,3900,1300
4095,11,1,3400,1300,340
4096,14,1,3000,1100,0
4096,7,1,3800,1600,380
4097,4,1,7200,4200,0
4097,7,1,3800,1600,0
4097,5,1,3200,1500,0
4097,1,1,8900,5400,0
4098,9,1,3500,1500,350
4098,10,1,2700,1100,0
4098,17,1,2500,900,0
4098,6,2,4200,1900,840
4099,14,1,3000,1100,0
4099,13,1,2200,700,440
4099,15,1,1800,600,180
4099,20,2,3900,1700,0
4100,9,2,3500,1500,0
4101,9,2,3500,1500,700
4101,11,2,3400,1300,0
4101,17,1,2500,900,500
4102,4,1,7200,4200,0
4102,12,1,2400,800,0
4102,7,1,3800,1600,760
4102,9,1,3500,1500,0
4103,13,2,2200,700,0
4103,14,1,3000,1100,0
4103,11,1,3400,1300,0
4103,9,2,3500,1500,1400
4104,7,2,3800,1600,0
4105,8,1,2900,1200,290
4105,13,3,2200,700,0
4105,14,2,3000,1100,0
4106,8,2,2900,1200,0
4106,10,1,2700,1100,0
4107,17,2,2500,900,500
4107,14,1,3000,1100,0
4108,20,1,3900,1700,0
4108,18,2,4800,2100,0
4109,15,1,1800,600,0
4109,16,1,1600,500,320
4109,1,1,8900,5400,890
4110,3,1,4500,2200,0
4110,12,1,2400,800,0
4111,11,1,3400,1300,0
4111,2,2,6500,3900,0
4111,3,1,4500,2200,0
4111,13,1,2200,700,220
4112,3,2,4500,2200,0
4112,2,1,6500,3900,650
4112,18,1,4800,2100,0
4113,13,1,2200,700,0
4114,18,2,4800,2100,0
4114,1,1,8900,5400,0
4115,8,1,2900,1200,290
4115,4,1,7200,4200,0
4115,3,1,4500,2200,450
4115,10,2,2700,1100,0
4116,14,1,3000,1100,0
4116,10,2,2700,1100,540
4117,10,2,2700,1100,0
4118,14,1,3000,1100,300
4119,10,1,2700,1100,270
4119,2,1,6500,3900,0
4119,12,1,2400,800,0
4120,6,2,4200,1900,0
4120,10,1,2700,1100,0
4120,11,2,3400,1300,0
4120,15,1,1800,600,0
4121,1,1,8900,5400,0
4122,15,1,1800,600,0
4122,17,2,2500,900,0
4122,11,1,3400,1300,340
4122,9,1,3500,1500,0
4123,7,1,3800,1600,380
4123,8,2,2900,1200,580
4124,12,2,2400,800,0
4124,20,2,3900,1700,0
4125,16,2,1600,500,0
4125,7,1,3800,1600,380
4125,4,1,7200,4200,0
4125,6,1,4200,1900,0
4126,16,1,1600,500,0
4127,19,1,1200,300,0
4127,6,1,4200,1900,0
4127,4,1,7200,4200,720
4128,11,1,3400,1300,340
4128,7,1,3800,1600,0
4129,18,1,4800,2100,480
4129,6,1,4200,1900,0
4129,11,2,3400,1300,0
4130,5,1,3200,1500,0
4131,18,1,4800,2100,0
4131,10,1,2700,1100,270
4131,5,2,3200,1500,0
4131,16,1,1600,500,160
4132,13,3,2200,700,0
4132,19,3,1200,300,360
4132,4,1,7200,4200,0
4132,5,1,3200,1500,0
4133,3,1,4500,2200,0
4134,6,1,4200,1900,420
4135,8,2,2900,1200,0
4136,18,1,4800,2100,0
4137,13,1,2200,700,0
4137,3,1,4500,2200,450
4137,7,2,3800,1600,0
4138,11,2,3400,1300,0
4138,9,1,3500,1500,0
4138,10,2,2700,1100,540
4139,16,2,1600,500,320
4139,10,1,2700,1100,270
4139,4,2,7200,4200,0
4139,19,1,1200,300,0
4140,14,1,3000,1100,0
4140,7,1,3800,1600,380
4141,2,1,6500,3900,1300
4141,6,1,4200,1900,0
4141,11,1,3400,1300,0
4141,1,1,8900,5400,0
4142,14,1,3000,1100,0
4143,13,1,2200,700,220
4143,9,1,3500,1500,0
4144,7,1,3800,1600,0
4144,19,1,1200,300,0
4144,14,2,3000,1100,0
4145,1,1,8900,5400,0
4145,17,1,2500,900,250
4146,16,1,1600,500,0
4146,3,1,4500,2200,0
4147,20,1,3900,1700,0
4147,5,1,3200,1500,0
4147,4,1,7200,4200,0
4147,14,1,3000,1100,0
4148,11,1,3400,1300,0
4148,5,1,3200,1500,0
4148,19,1,1200,300,0
4148,14,1,3000,1100,600
4149,16,2,1600,500,0
4150,10,1,2700,1100,0
4150,19,3,1200,300,360
4150,8,1,2900,1200,0
4150,4,1,7200,4200,720
4151,12,2,2400,800,0
4151,3,2,4500,2200,0
4151,19,2,1200,300,0
4151,17,1,2500,900,0
4152,18,1,4800,2100,0
4152,7,1,3800,1600,760
4152,14,1,3000,1100,0
4153,1,2,8900,5400,3560
4153,16,1,1600,500,0
4153,10,1,2700,1100,0
4153,14,1,3000,1100,0
4154,7,2,3800,1600,760
4154,18,2,4800,2100,0
4154,6,2,4200,1900,1680
4154,4,1,7200,4200,0
4155,11,1,3400,1300,0
4156,11,1,3400,1300,340
4156,14,1,3000,1100,300
4156,19,1,1200,300,0
4156,8,1,2900,1200,290
4157,9,1,3500,1500,0
4157,3,1,4500,2200,450
4158,14,2,3000,1100,1200
4158,13,2,2200,700,440
4158,12,2,2400,800,0
4158,20,2,3900,1700,780
4159,15,1,1800,600,180
4159,9,3,3500,1500,0
4159,10,1,2700,1100,0
4159,4,1,7200,4200,720
4160,1,1,8900,5400,1780
4161,17,1,2500,900,0
4161,6,2,4200,1900,0
4161,16,1,1600,500,0
4162,14,1,3000,1100,0
4163,16,1,1600,500,320
4163,17,1,2500,900,0
4163,19,1,1200,300,0
4164,20,1,3900,1700,0
4164,12,1,2400,800,0
4164,15,3,1800,600,540
4164,16,1,1600,500,0
4165,8,2,2900,1200,0
4165,19,1,1200,300,0
4166,5,1,3200,1500,640
4166,16,1,1600,500,160
4167,5,1,3200,1500,640
4167,1,2,8900,5400,0
4167,19,1,1200,300,240
4168,4,1,7200,4200,0
4169,8,1,2900,1200,0
4170,2,3,6500,3900,0
4170,8,2,2900,1200,1160
4170,14,1,3000,1100,0
4170,3,1,4500,2200,0
4171,18,1,4800,2100,480
4171,15,1,1800,600,0
4171,13,1,2200,700,440
4171,3,2,4500,2200,0
4172,9,1,3500,1500,700
4173,10,2,2700,1100,0
4173,18,2,4800,2100,960
4174,2,1,6500,3900,0
4174,20,2,3900,1700,0
4175,15,1,1800,600,0
4176,8,1,2900,1200,0
4176,7,1,3800,1600,0
4176,3,1,4500,2200,0
4176,19,1,1200,300,120
4177,16,2,1600,500,0
4178,5,1,3200,1500,0
4178,6,1,4200,1900,420
4178,4,1,7200,4200,0
4179,11,1,3400,1300,0
4179,1,1,8900,5400,0
4179,16,2,1600,500,640
4179,14,1,3000,1100,300
4180,3,1,4500,2200,0
4180,13,1,2200,700,0
4180,19,1,1200,300,240
4181,6,1,4200,1900,420
4181,7,1,3800,1600,380
4181,15,3,1800,600,0
4181,17,1,2500,900,0
4182,16,1,1600,500,160
4183,1,1,8900,5400,0
4183,20,1,3900,1700,0
4183,5,1,3200,1500,0
4183,6,1,4200,1900,840
4184,8,1,2900,1200,0
4185,14,1,3000,1100,0
4185,11,2,3400,1300,0
4185,10,1,2700,1100,270
4186,9,1,3500,1500,0
4186,7,1,3800,1600,0
4186,6,2,4200,1900,0
4186,1,1,8900,5400,890
4187,18,1,4800,2100,480
4187,12,1,2400,800,0
4187,10,1,2700,1100,0
4187,11,1,3400,1300,0
4188,5,1,3200,1500,640
4188,20,1,3900,1700,0
4189,12,1,2400,800,240
4189,1,1,8900,5400,1780
4190,19,1,1200,300,0
4190,5,1,3200,1500,0
4190,14,1,3000,1100,0
4191,16,3,1600,500,0
4192,9,1,3500,1500,350
4192,4,1,7200,4200,0
4192,15,1,1800,600,180
4192,8,2,2900,1200,0
4193,7,1,3800,1600,0
4193,17,1,2500,900,0
4194,12,1,2400,800,0
4194,17,1,2500,900,250
4195,6,1,4200,1900,0
4195,5,2,3200,1500,0
4195,8,1,2900,1200,0
4196,5,1,3200,1500,640
4196,4,1,7200,4200,1440
4196,17,1,2500,900,250
4197,2,1,6500,3900,1300
4197,18,1,4800,2100,480
4197,13,1,2200,700,0
4198,15,1,1800,600,0
4198,18,1,4800,2100,0
4198,14,3,3000,1100,1800
4198,20,1,3900,1700,390
4199,7,1,3800,1600,380
4199,2,1,6500,3900,650
4200,2,1,6500,3900,0
4201,7,1,3800,1600,0
4201,13,1,2200,700,0
4201,12,2,2400,800,480
4201,4,1,7200,4200,0
4202,16,1,1600,500,160
4202,6,1,4200,1900,0
4202,9,2,3500,1500,700
4203,15,1,1800,600,360
4204,17,1,2500,900,250
4204,1,2,8900,5400,0
4204,19,2,1200,300,480
4205,11,1,3400,1300,0
4205,1,1,8900,5400,0
4205,20,1,3900,1700,0
4206,10,1,2700,1100,0
4206,11,1,3400,1300,0
4207,15,1,1800,600,0
4207,5,2,3200,1500,0
4207,19,1,1200,300,120
4207,6,1,4200,1900,0
4208,15,1,1800,600,180
4208,12,1,2400,800,0
4209,19,2,1200,300,0
4209,8,1,2900,1200,290
4209,18,1,4800,2100,0
4209,2,1,6500,3900,1300
4210,16,1,1600,500,0
4211,12,1,2400,800,240
4212,5,1,3200,1500,0
4212,9,1,3500,1500,0
4213,9,1,3500,1500,350
4213,3,1,4500,2200,450
4213,7,2,3800,1600,0
4214,18,1,4800,2100,0
4214,3,1,4500,2200,0
4215,20,2,3900,1700,780
4215,12,1,2400,800,480
4215,3,1,4500,2200,0
4215,1,1,8900,5400,890
4216,3,1,4500,2200,0
4217,17,1,2500,900,0
4217,5,1,3200,1500,320
4218,5,2,3200,1500,0
4218,17,1,2500,900,0
4218,8,1,2900,1200,0
4218,1,1,8900,5400,890
4219,5,1,3200,1500,0
4220,11,1,3400,1300,0
4220,9,3,3500,1500,0
4220,18,1,4800,2100,960
4220,3,2,4500,2200,0
4221,16,1,1600,500,0
4221,2,1,6500,3900,0
4222,8,2,2900,1200,1160
4222,1,1,8900,5400,0
4223,13,1,2200,700,0
4223,4,2,7200,4200,2880
4223,12,1,2400,800,240
4224,13,2,2200,700,440
4224,14,1,3000,1100,0
4224,2,1,6500,3900,0
4225,11,2,3400,1300,0
4225,16,1,1600,500,0
4225,18,1,4800,2100,0
4225,7,1,3800,1600,0
4226,7,1,3800,1600,0
4227,1,1,8900,5400,0
4227,19,2,1200,300,0
4227,4,2,7200,4200,1440
4227,20,1,3900,1700,0
4228,19,1,1200,300,0
4229,15,2,1800,600,720
4229,7,2,3800,1600,0
4229,18,2,4800,2100,0
4229,4,1,7200,4200,0
4230,7,1,3800,1600,0
4231,9,1,3500,1500,700
4231,5,2,3200,1500,0
4231,12,2,2400,800,0
4231,14,1,3000,1100,0
4232,18,2,4800,2100,960
4232,19,1,1200,300,0
4232,12,1,2400,800,0
4233,9,3,3500,1500,1050
4233,8,3,2900,1200,0
4233,18,1,4800,2100,0
4234,20,2,3900,1700,1560
4234,4,2,7200,4200,0
4234,10,1,2700,1100,270
4235,14,2,3000,1100,600
4235,20,1,3900,1700,0
4235,3,1,4500,2200,0
4236,13,1,2200,700,0
4236,20,1,3900,1700,390
4237,8,1,2900,1200,0
4237,16,2,1600,500,0
4237,19,1,1200,300,120
4237,14,1,3000,1100,600
4238,14,1,3000,1100,0
4239,17,1,2500,900,0
4240,13,1,2200,700,0
4240,7,1,3800,1600,0
4241,7,1,3800,1600,760
4242,1,1,8900,5400,0
4242,6,1,4200,1900,840
4242,16,1,1600,500,0
4242,17,1,2500,900,0
4243,16,2,1600,500,0
4244,6,1,4200,1900,0
4244,12,2,2400,800,960
4245,7,1,3800,1600,380
4246,17,1,2500,900,0
4247,5,1,3200,1500,0
4247,19,1,1200,300,0
4247,14,1,3000,1100,300
4247,4,1,7200,4200,0
4248,4,1,7200,4200,0
4248,3,1,4500,2200,0
4248,17,2,2500,900,500
4249,8,1,2900,1200,580
4249,10,2,2700,1100,0
4249,18,1,4800,2100,480
4249,9,1,3500,1500,0
4250,7,1,3800,1600,0
4250,8,1,2900,1200,0
4250,16,1,1600,500,0
4251,10,1,2700,1100,0
4251,3,2,4500,2200,0
4251,12,1,2400,800,0
4251,16,1,1600,500,0
4252,16,1,1600,500,0
4253,4,1,7200,4200,0
4253,10,1,2700,1100,0
4253,12,1,2400,800,0
4254,15,1,1800,600,0
4255,18,1,4800,2100,480
4256,17,1,2500,900,500
4256,5,1,3200,1500,0
4256,15,1,1800,600,0
4257,9,1,3500,1500,350
4257,20,1,3900,1700,0
4257,11,1,3400,1300,340
4257,1,1,8900,5400,0
4258,7,1,3800,1600,0
4258,2,2,6500,3900,0
4259,7,1,3800,1600,0
4259,16,2,1600,500,0
4260,2,1,6500,3900,0
4260,11,1,3400,1300,0
4260,20,1,3900,1700,390
4260,9,2,3500,1500,0
4261,7,2,3800,1600,760
4261,19,2,1200,300,0
4261,15,1,1800,600,0
4262,2,1,6500,3900,0
4262,13,1,2200,700,0
4262,20,2,3900,1700,780
4262,1,1,8900,5400,890
4263,3,1,4500,2200,0
4263,20,1,3900,1700,390
4263,19,3,1200,300,720
4264,14,1,3000,1100,0
4264,2,2,6500,3900,0
4265,12,1,2400,800,0
4265,15,1,1800,600,0
4266,5,1,3200,1500,0
4266,11,2,3400,1300,0
4267,13,1,2200,700,0
4267,12,2,2400,800,0
4267,11,2,3400,1300,680
4268,14,1,3000,1100,0
4268,20,1,3900,1700,0
4268,12,1,2400,800,0
4268,15,1,1800,600,360
4269,9,1,3500,1500,0
4269,6,1,4200,1900,420
4270,15,1,1800,600,0
4270,10,1,2700,1100,270
4270,17,3,2500,900,0
4271,7,2,3800,1600,760
4271,2,2,6500,3900,0
4271,20,3,3900,1700,0
4272,14,3,3000,1100,0
4272,1,1,8900,5400,0
4272,20,2,3900,1700,0
4272,5,1,3200,1500,0
4273,1,1,8900,5400,0
4273,6,1,4200,1900,0
4274,20,1,3900,1700,0
4274,17,2,2500,900,0
4274,8,3,2900,1200,1740
4274,5,1,3200,1500,0
4275,4,1,7200,4200,0
4275,10,1,2700,1100,0
4276,16,1,1600,500,160
4276,18,2,4800,2100,1920
4276,15,1,1800,600,0
4276,20,2,3900,1700,0
4277,6,1,4200,1900,0
4277,13,1,2200,700,0
4278,3,2,4500,2200,900
4278,2,1,6500,3900,0
4279,12,1,2400,800,0
4280,14,2,3000,1100,600
4280,6,1,4200,1900,0
4280,13,3,2200,700,0
4280,1,1,8900,5400,0
4281,20,1,3900,1700,0
4282,19,3,1200,300,720
4282,20,3,3900,1700,0
4282,7,2,3800,1600,0
4282,17,1,2500,900,250
4283,8,1,2900,1200,290
4283,3,1,4500,2200,0
4284,17,2,2500,900,1000
4284,13,1,2200,700,0
4284,7,1,3800,1600,0
4285,14,2,3000,1100,1200
4285,20,1,3900,1700,0
4285,17,1,2500,900,0
4285,19,1,1200,300,0
4286,12,2,2400,800,0
4286,3,1,4500,2200,0
4286,10,1,2700,1100,270
4286,9,1,3500,1500,0
4287,7,1,3800,1600,760
4288,2,1,6500,3900,0
4288,18,1,4800,2100,960
4288,19,2,1200,300,0
4288,11,1,3400,1300,0
4289,6,1,4200,1900,420
4289,4,2,7200,4200,0
4289,20,1,3900,1700,0
4290,18,1,4800,2100,0
4291,11,1,3400,1300,680
4292,18,1,4800,2100,480
4293,6,2,4200,1900,0
4293,13,2,2200,700,0
4293,8,1,2900,1200,0
4294,10,1,2700,1100,540
4294,11,1,3400,1300,340
4295,15,1,1800,600,0
4296,17,2,2500,900,1000
4296,11,1,3400,1300,340
4296,6,1,4200,1900,0
4296,15,1,1800,600,0
4297,13,2,2200,700,0
4297,4,1,7200,4200,0
4297,9,1,3500,1500,0
4297,6,2,4200,1900,0
4298,4,1,7200,4200,0
4298,11,1,3400,1300,0
4298,3,1,4500,2200,450
4299,1,1,8900,5400,0
4299,18,1,4800,2100,0
4299,13,1,2200,700,0
4299,2,2,6500,3900,0
4300,11,1,3400,1300,0
4301,13,1,2200,700,220
4301,19,2,1200,300,0
4301,14,2,3000,1100,0
4302,17,1,2500,900,0
4302,8,1,2900,1200,0
4302,10,1,2700,1100,0
4302,18,1,4800,2100,480
4303,19,1,1200,300,120
4303,4,1,7200,4200,0
4303,8,2,2900,1200,0
4304,7,1,3800,1600,0
4304,11,2,3400,1300,0
4304,3,1,4500,2200,0
4304,10,1,2700,1100,0
4305,20,1,3900,1700,0
4305,19,3,1200,300,0
4305,7,1,3800,1600,760
4305,9,1,3500,1500,0
4306,10,1,2700,1100,0
4306,1,1,8900,5400,890
4306,14,1,3000,1100,0
4306,20,1,3900,1700,0
4307,11,1,3400,1300,0
4307,1,1,8900,5400,0
4307,4,1,7200,4200,0
4307,13,1,2200,700,0
4308,7,1,3800,1600,0
4308,14,1,3000,1100,600
4308,10,1,2700,1100,540
4308,6,1,4200,1900,840
4309,20,1,3900,1700,0
4309,14,2,3000,1100,0
4309,16,1,1600,500,160
4309,10,1,2700,1100,270
4310,20,2,3900,1700,780
4310,18,1,4800,2100,0
4310,19,1,1200,300,120
4310,5,1,3200,1500,0
4311,18,1,4800,2100,0
4312,2,1,6500,3900,0
4312,7,1,3800,1600,0
4312,18,2,4800,2100,0
4312,10,1,2700,1100,0
4313,3,1,4500,2200,0
4313,10,1,2700,1100,540
4313,20,1,3900,1700,0
4313,1,1,8900,5400,890
4314,18,1,4800,2100,480
4315,8,1,2900,1200,290
4316,3,1,4500,2200,0
4317,8,1,2900,1200,580
4317,17,1,2500,900,250
4318,19,3,1200,300,0
4318,5,1,3200,1500,0
4319,8,1,2900,1200,0
4319,20,1,3900,1700,0
4320,16,1,1600,500,0
4320,8,3,2900,1200,0
4320,18,1,4800,2100,0
4320,15,1,1800,600,0
4321,19,2,1200,300,240
4321,13,2,2200,700,0
4322,11,1,3400,1300,0
4322,15,2,1800,600,0
4322,9,1,3500,1500,350
4322,7,3,3800,1600,0
4323,19,1,1200,300,0
4324,3,1,4500,2200,450
4325,19,3,1200,300,360
4325,4,1,7200,4200,0
4326,19,1,1200,300,0
4326,14,1,3000,1100,0
4326,8,3,2900,1200,0
4326,7,1,3800,1600,380
4327,4,1,7200,4200,0
4327,19,3,1200,300,0
4327,6,2,4200,1900,0
4327,1,2,8900,5400,0
4328,6,1,4200,1900,420
4328,9,3,3500,1500,0
4328,2,2,6500,3900,1300
4328,17,1,2500,900,0
4329,16,1,1600,500,0
4329,10,2,2700,1100,0
4329,3,2,4500,2200,0
4330,18,1,4800,2100,480
4330,7,1,3800,1600,0
4330,17,1,2500,900,250
4331,14,1,3000,1100,0
4331,17,1,2500,900,0
4331,9,2,3500,1500,0
4331,16,1,1600,500,0
4332,4,1,7200,4200,0
4332,20,1,3900,1700,780
4332,18,1,4800,2100,0
4333,11,3,3400,1300,0
4333,19,1,1200,300,0
4334,5,1,3200,1500,0
4335,13,1,2200,700,0
4335,2,1,6500,3900,0
4335,5,1,3200,1500,0
4335,15,2,1800,600,0
4336,20,1,3900,1700,780
4337,2,1,6500,3900,650
4337,12,1,2400,800,0
4337,3,3,4500,2200,2700
4337,1,1,8900,5400,0
4338,3,1,4500,2200,450
4339,10,1,2700,1100,0
4340,18,2,4800,2100,0
4340,19,1,1200,300,0
4340,10,2,2700,1100,0
4340,5,1,3200,1500,0
4341,8,1,2900,1200,0
4341,9,1,3500,1500,0
4342,1,2,8900,5400,1780
4342,15,1,1800,600,0
4343,18,2,4800,2100,0
4343,9,2,3500,1500,700
4343,14,3,3000,1100,1800
4343,10,1,2700,1100,0
4344,17,1,2500,900,0
4345,9,1,3500,1500,0
4345,20,2,3900,1700,0
4345,2,2,6500,3900,0
4346,13,1,2200,700,440
4346,5,1,3200,1500,0
4347,4,2,7200,4200,0
4347,16,1,1600,500,0
4347,6,1,4200,1900,420
4348,8,1,2900,1200,290
4348,15,2,1800,600,0
4348,5,2,3200,1500,0
4348,4,1,7200,4200,720
4349,16,1,1600,500,0
4349,2,2,6500,3900,0
4349,12,1,2400,800,0
4350,4,1,7200,4200,0
4350,14,1,3000,1100,0
4350,11,2,3400,1300,0
4351,1,1,8900,5400,0
4351,4,2,7200,4200,0
4351,17,1,2500,900,0
4351,20,1,3900,1700,390
4352,11,1,3400,1300,0
4352,5,1,3200,1500,320
4352,12,2,2400,800,480
4353,18,1,4800,2100,0
4353,2,1,6500,3900,650
4353,17,1,2500,900,250
4354,9,1,3500,1500,0
4354,5,1,3200,1500,0
4355,1,1,8900,5400,0
4356,1,1,8900,5400,0
4356,19,1,1200,300,240
4357,4,2,7200,4200,0
4358,12,1,2400,800,0
4358,15,1,1800,600,180
4359,15,1,1800,600,0
4359,19,1,1200,300,120
4360,17,2,2500,900,500
4361,13,1,2200,700,440
4361,5,1,3200,1500,0
4362,3,1,4500,2200,0
4362,15,2,1800,600,0
4362,19,1,1200,300,120
4362,11,1,3400,1300,0
4363,18,1,4800,2100,0
4363,20,1,3900,1700,0
4363,3,1,4500,2200,450
4363,9,1,3500,1500,0
4364,2,1,6500,3900,0
4364,11,2,3400,1300,0
4364,14,1,3000,1100,300
4365,15,1,1800,600,180
4365,17,1,2500,900,0
4365,12,1,2400,800,0
4365,1,2,8900,5400,1780
4366,8,1,2900,1200,0
4367,18,1,4800,2100,480
4367,6,1,4200,1900,420
4368,18,2,4800,2100,1920
4368,14,1,3000,1100,0
4368,7,1,3800,1600,760
4368,12,1,2400,800,0
4369,10,1,2700,1100,540
4369,13,3,2200,700,0
4369,17,1,2500,900,250
4370,20,1,3900,1700,0
4370,13,2,2200,700,440
4370,18,1,4800,2100,960
4371,19,1,1200,300,240
4372,13,1,2200,700,0
4372,15,1,1800,600,0
4372,14,2,3000,1100,0
4373,11,1,3400,1300,0
4373,16,1,1600,500,320
4374,12,1,2400,800,480
4375,1,2,8900,5400,1780
4376,8,2,2900,1200,0
4376,2,1,6500,3900,650
4376,12,2,2400,800,0
4376,15,1,1800,600,0
4377,19,1,1200,300,0
4377,1,1,8900,5400,0
4378,15,1,1800,600,180
4379,5,1,3200,1500,320
4379,8,1,2900,1200,0
4380,13,2,2200,700,0
4380,18,3,4800,2100,0
4380,11,1,3400,1300,0
4380,7,3,3800,1600,0
4381,12,2,2400,800,0
4381,16,1,1600,500,0
4381,10,1,2700,1100,270
4381,14,1,3000,1100,300
4382,9,1,3500,1500,0
4382,13,1,2200,700,220
4383,6,1,4200,1900,420
4383,17,1,2500,900,0
4384,3,1,4500,2200,0
4384,9,1,3500,1500,0
4384,10,2,2700,1100,540
4385,7,1,3800,1600,0
4386,16,2,1600,500,640
4386,20,3,3900,1700,1170
4387,15,1,1800,600,180
4387,10,1,2700,1100,270
4387,6,1,4200,1900,840
4387,1,1,8900,5400,0
4388,11,2,3400,1300,680
4388,3,1,4500,2200,0
4388,18,1,4800,2100,480
4388,13,1,2200,700,0
4389,20,1,3900,1700,0
4389,2,2,6500,3900,2600
4389,18,1,4800,2100,480
4389,14,2,3000,1100,600
4390,19,1,1200,300,0
4390,8,2,2900,1200,580
4390,14,1,3000,1100,300
4391,9,3,3500,1500,0
4391,13,1,2200,700,220
4392,7,1,3800,1600,0
4392,11,2,3400,1300,0
4392,4,2,7200,4200,0
4392,13,1,2200,700,0
4393,9,1,3500,1500,0
4394,11,1,3400,1300,0
4394,20,1,3900,1700,0
4394,12,1,2400,800,0
4394,15,1,1800,600,0
4395,14,1,3000,1100,300
4395,13,1,2200,700,0
4396,13,1,2200,700,0
4396,17,2,2500,900,500
4396,16,1,1600,500,160
4397,15,1,1800,600,0
4397,2,1,6500,3900,650
4398,20,1,3900,1700,0
4399,2,1,6500,3900,650
4399,14,1,3000,1100,300
4400,6,1,4200,1900,840
4400,9,1,3500,1500,0
4400,19,1,1200,300,0
4400,10,1,2700,1100,540
4401,19,1,1200,300,0
4401,2,1,6500,3900,0
4402,5,1,3200,1500,0
4403,11,1,3400,1300,0
4404,16,1,1600,500,0
4404,1,2,8900,5400,0
4405,7,1,3800,1600,760
4406,17,1,2500,900,500
4406,10,2,2700,1100,0
4406,8,1,2900,1200,0
4406,6,1,4200,1900,0
4407,18,2,4800,2100,0
4407,12,1,2400,800,480
4408,18,1,4800,2100,480
4408,6,1,4200,1900,0
4408,3,3,4500,2200,0
4409,3,1,4500,2200,900
4409,5,2,3200,1500,0
4410,1,1,8900,5400,0
4410,16,1,1600,500,160
4411,2,2,6500,3900,0
4411,15,2,1800,600,360
4411,16,1,1600,500,160
4411,6,1,4200,1900,420
4412,12,2,2400,800,480
4413,4,1,7200,4200,0
4413,2,2,6500,3900,0
4414,14,1,3000,1100,0
4414,17,1,2500,900,0
4414,10,1,2700,1100,0
4415,5,1,3200,1500,0
4415,13,1,2200,700,0
4415,7,1,3800,1600,0
4415,6,1,4200,1900,0
4416,6,1,4200,1900,0
4416,17,1,2500,900,250
4416,18,2,4800,2100,0
4416,1,1,8900,5400,0
4417,4,1,7200,4200,0
4418,12,1,2400,800,0
4418,14,2,3000,1100,0
4419,1,1,8900,5400,0
4419,2,1,6500,3900,0
4419,20,1,3900,1700,390
4419,19,1,1200,300,0
4420,17,1,2500,900,0
4421,1,2,8900,5400,0
4422,12,2,2400,800,0
4422,19,1,1200,300,0
4422,4,1,7200,4200,720
4422,18,1,4800,2100,0
4423,6,1,4200,1900,840
4424,2,2,6500,3900,0
4424,5,1,3200,1500,640
4424,10,1,2700,1100,270
4425,5,1,3200,1500,640
4425,9,1,3500,1500,0
4425,3,2,4500,2200,900
4426,13,1,2200,700,220
4426,15,1,1800,600,0
4426,20,1,3900,1700,0
4426,9,1,3500,1500,700
4427,9,1,3500,1500,350
4427,7,1,3800,1600,0
4427,15,1,1800,600,0
4427,17,3,2500,900,0
4428,8,1,2900,1200,290
4428,16,1,1600,500,160
4429,11,1,3400,1300,0
4429,2,1,6500,3900,0
4429,4,1,7200,4200,0
4430,2,1,6500,3900,0
4431,6,1,4200,1900,0
4431,9,1,3500,1500,0
4431,16,1,1600,500,0
4431,8,1,2900,1200,0
4432,3,3,4500,2200,0
4432,11,1,3400,1300,0
4433,11,2,3400,1300,0
4433,15,1,1800,600,180
4433,20,1,3900,1700,0
4433,4,2,7200,4200,0
4434,13,1,2200,700,220
4434,18,1,4800,2100,0
4434,11,1,3400,1300,340
4435,6,3,4200,1900,1260
4435,8,3,2900,1200,0
4435,20,1,3900,1700,390
4436,16,1,1600,500,0
4436,2,1,6500,3900,0
4437,3,1,4500,2200,0
4437,6,1,4200,1900,0
4437,16,1,1600,500,0
4437,8,1,2900,1200,290
4438,14,1,3000,1100,0
4439,20,3,3900,1700,0
4440,18,1,4800,2100,0
4440,19,1,1200,300,0
4441,1,1,8900,5400,0
4441,19,1,1200,300,0
4442,17,1,2500,900,0
4442,19,1,1200,300,0
4443,7,2,3800,1600,1520
4443,9,2,3500,1500,700
4443,11,1,3400,1300,0
4443,19,2,1200,300,240
4444,11,1,3400,1300,0
4444,17,2,2500,900,0
4444,8,1,2900,1200,290
4445,9,1,3500,1500,350
4445,10,2,2700,1100,0
4446,3,1,4500,2200,900
4446,6,2,4200,1900,840
4447,10,1,2700,1100,270
4447,2,1,6500,3900,0
4448,13,1,2200,700,0
4449,8,1,2900,1200,0
4450,3,1,4500,2200,900
4450,16,1,1600,500,0
4450,10,1,2700,1100,0
4450,11,1,3400,1300,0
4451,8,1,2900,1200,290
4452,18,1,4800,2100,0
4452,19,1,1200,300,120
4452,1,1,8900,5400,890
4453,19,1,1200,300,120
4454,14,1,3000,1100,300
4454,10,1,2700,1100,540
4454,11,1,3400,1300,0
4454,13,1,2200,700,440
4455,13,1,2200,700,0
4455,11,1,3400,1300,0
4456,4,2,7200,4200,0
4456,6,1,4200,1900,0
4456,1,1,8900,5400,0
4456,17,1,2500,900,0
4457,5,1,3200,1500,0
4458,15,1,1800,600,180
4458,20,1,3900,1700,0
4459,18,2,4800,2100,0
4459,14,1,3000,1100,0
4459,12,2,2400,800,0
4460,2,2,6500,3900,0
4461,8,1,2900,1200,580
4461,16,1,1600,500,0
4462,14,1,3000,1100,0
4462,16,1,1600,500,0
4463,9,1,3500,1500,350
4463,13,1,2200,700,440
4463,1,3,8900,5400,5340
4464,17,1,2500,900,250
4464,15,1,1800,600,180
4464,18,3,4800,2100,2880
4465,11,1,3400,1300,0
4465,16,1,1600,500,0
4465,13,1,2200,700,220
4466,20,2,3900,1700,0
4467,12,1,2400,800,0
4468,10,1,2700,1100,0
4468,15,1,1800,600,180
4468,1,2,8900,5400,0
4468,20,1,3900,1700,0
4469,14,2,3000,1100,1200
4469,12,2,2400,800,960
4470,15,1,1800,600,0
4470,6,1,4200,1900,0
4470,9,1,3500,1500,350
4470,1,1,8900,5400,0
4471,3,1,4500,2200,0
4472,9,2,3500,1500,700
4473,16,2,1600,500,640
4474,5,1,3200,1500,0
4475,2,1,6500,3900,650
4475,7,1,3800,1600,0
4475,10,1,2700,1100,540
4476,9,1,3500,1500,700
4477,8,2,2900,1200,0
4477,7,1,3800,1600,0
4478,14,1,3000,1100,0
4478,13,1,2200,700,0
4478,7,1,3800,1600,0
4479,9,1,3500,1500,350
4479,7,2,3800,1600,0
4479,11,3,3400,1300,0
4480,13,1,2200,700,0
4481,16,1,1600,500,0
4481,17,1,2500,900,0
4481,4,2,7200,4200,0
4481,7,1,3800,1600,380
4482,1,1,8900,5400,0
4482,19,1,1200,300,120
4482,20,2,3900,1700,0
4483,20,1,3900,1700,0
4483,9,1,3500,1500,700
4484,10,1,2700,1100,0
4485,8,2,2900,1200,580
4485,17,1,2500,900,0
4485,9,1,3500,1500,0
4486,13,2,2200,700,0
4487,13,1,2200,700,440
4487,5,1,3200,1500,0
4488,20,1,3900,1700,0
4489,1,1,8900,5400,890
4489,20,2,3900,1700,0
4490,9,1,3500,1500,0
4490,12,1,2400,800,0
4491,16,1,1600,500,0
4492,8,2,2900,1200,580
4492,20,1,3900,1700,0
4493,8,1,2900,1200,290
4493,12,2,2400,800,480
4493,14,1,3000,1100,600
4494,1,1,8900,5400,890
4494,19,1,1200,300,0
4494,9,2,3500,1500,0
4495,18,1,4800,2100,0
4496,13,1,2200,700,0
4497,15,3,1800,600,0
4497,8,2,2900,1200,1160
4497,5,1,3200,1500,320
4498,13,1,2200,700,0
4498,17,1,2500,900,0
4499,16,1,1600,500,0
4499,12,1,2400,800,0
4499,1,1,8900,5400,0
4500,2,1,6500,3900,0
4500,13,1,2200,700,0
4500,11,1,3400,1300,0
4501,12,1,2400,800,0
4501,4,1,7200,4200,720
4501,20,1,3900,1700,0
4502,11,1,3400,1300,0
4503,4,1,7200,4200,1440
4504,15,1,1800,600,0
4504,4,1,7200,4200,0
4504,9,3,3500,1500,0
4504,10,1,2700,1100,540
4505,1,2,8900,5400,0
4505,11,1,3400,1300,340
4506,16,1,1600,500,160
4507,2,2,6500,3900,0
4507,19,1,1200,300,0
4508,7,1,3800,1600,0
4508,12,1,2400,800,0
4509,19,1,1200,300,0
4509,20,1,3900,1700,390
4510,12,1,2400,800,240
4510,15,2,1800,600,720
4511,7,2,3800,1600,0
4511,6,2,4200,1900,0
4511,14,1,3000,1100,300
4512,16,1,1600,500,0
4512,18,1,4800,2100,480
4513,17,1,2500,900,500
4514,2,1,6500,3900,1300
4514,18,1,4800,2100,0
4515,2,1,6500,3900,1300
4515,1,1,8900,5400,0
4515,15,1,1800,600,0
4515,10,1,2700,1100,0
4516,16,1,1600,500,0
4516,5,2,3200,1500,640
4517,17,1,2500,900,0
4517,9,1,3500,1500,0
4517,20,1,3900,1700,0
4517,7,2,3800,1600,0
4518,19,1,1200,300,240
4518,11,1,3400,1300,340
4519,15,1,1800,600,360
4519,16,1,1600,500,0
4519,2,1,6500,3900,650
4520,8,1,2900,1200,0
4520,12,1,2400,800,0
4520,5,1,3200,1500,0
4520,4,1,7200,4200,0
4521,14,1,3000,1100,0
4521,8,1,2900,1200,0
4521,4,1,7200,4200,0
4521,9,2,3500,1500,0
4522,20,1,3900,1700,390
4522,9,1,3500,1500,350
4522,4,1,7200,4200,0
4523,18,1,4800,2100,0
4523,4,1,7200,4200,0
4523,9,3,3500,1500,1050
4524,4,1,7200,4200,0
4525,8,1,2900,1200,0
4525,6,2,4200,1900,840
4525,13,1,2200,700,220
4526,17,3,2500,900,0
4526,11,1,3400,1300,340
4526,19,1,1200,300,0
4526,3,2,4500,2200,900
4527,18,3,4800,2100,0
4527,7,1,3800,1600,0
4527,1,1,8900,5400,0
4528,20,1,3900,1700,0
4529,13,1,2200,700,440
4530,8,1,2900,1200,0
4531,14,1,3000,1100,0
4532,15,1,1800,600,0
4533,1,1,8900,5400,0
4533,18,1,4800,2100,0
4534,20,1,3900,1700,0
4534,7,2,3800,1600,0
4535,9,3,3500,1500,0
4535,15,1,1800,600,360
4536,16,1,1600,500,160
4537,6,1,4200,1900,0
4537,2,1,6500,3900,0
4538,14,1,3000,1100,600
4538,5,1,3200,1500,0
4538,8,1,2900,1200,290
4538,6,1,4200,1900,0
4539,4,1,7200,4200,0
4539,18,1,4800,2100,0
4539,1,1,8900,5400,0
4540,5,2,3200,1500,0
4540,12,1,2400,800,0
4540,15,1,1800,600,0
4541,3,1,4500,2200,450
4541,13,1,2200,700,440
4541,20,1,3900,1700,390
4542,11,1,3400,1300,0
4543,5,1,3200,1500,0
4543,4,2,7200,4200,0
4543,14,2,3000,1100,600
4544,15,2,1800,600,0
4545,10,3,2700,1100,0
4545,6,2,4200,1900,840
4545,1,1,8900,5400,0
4546,4,3,7200,4200,0
4547,14,1,3000,1100,300
4547,8,1,2900,1200,290
4548,15,2,1800,600,0
4548,4,1,7200,4200,720
4549,1,1,8900,5400,0
4549,3,1,4500,2200,0
4549,15,2,1800,600,0
4549,18,3,4800,2100,0
4550,15,1,1800,600,360
4550,1,3,8900,5400,0
4551,2,1,6500,3900,650
4551,20,1,3900,1700,0
4552,10,1,2700,1100,270
4552,1,1,8900,5400,0
4552,15,1,1800,600,180
4552,4,1,7200,4200,0
4553,18,1,4800,2100,480
4553,15,2,1800,600,0
4554,10,1,2700,1100,270
4554,19,2,1200,300,0
4554,5,1,3200,1500,640
4554,4,1,7200,4200,0
4555,7,3,3800,1600,0
4556,15,1,1800,600,0
4557,11,3,3400,1300,1020
4557,16,1,1600,500,0
4557,9,2,3500,1500,0
4558,10,2,2700,1100,0
4558,1,1,8900,5400,0
4559,12,1,2400,800,480
4559,16,2,1600,500,0
4559,14,1,3000,1100,0
4560,2,1,6500,3900,0
4560,8,3,2900,1200,870
4561,13,1,2200,700,0
4561,12,2,2400,800,0
4561,6,3,4200,1900,0
4562,8,1,2900,1200,290
4562,7,1,3800,1600,760
4562,19,2,1200,300,0
4563,3,1,4500,2200,0
4564,20,2,3900,1700,0
4565,9,1,3500,1500,0
4565,5,2,3200,1500,640
4565,2,2,6500,3900,0
4565,4,1,7200,4200,0
4566,13,2,2200,700,0
4566,2,2,6500,3900,0
4566,19,1,1200,300,0
4567,3,1,4500,2200,0
4567,1,1,8900,5400,890
4567,7,1,3800,1600,0
4568,20,1,3900,1700,390
4568,1,1,8900,5400,0
4569,14,1,3000,1100,0
4569,20,1,3900,1700,0
4569,12,3,2400,800,1440
4569,15,1,1800,600,0
4570,11,1,3400,1300,0
4570,8,1,2900,1200,290
4570,9,1,3500,1500,0
4571,18,1,4800,2100,0
4571,4,1,7200,4200,720
4571,20,1,3900,1700,390
4571,6,1,4200,1900,420
4572,13,3,2200,700,0
4572,10,1,2700,1100,0
4572,19,1,1200,300,0
4573,2,1,6500,3900,0
4573,16,1,1600,500,320
4573,3,1,4500,2200,0
4573,8,1,2900,1200,0
4574,11,1,3400,1300,680
4574,9,2,3500,1500,700
4574,12,1,2400,800,240
4575,14,2,3000,1100,0
4576,18,1,4800,2100,0
4576,1,1,8900,5400,890
4576,8,1,2900,1200,580
4576,7,1,3800,1600,0
4577,18,1,4800,2100,480
4577,6,2,4200,1900,0
4578,1,1,8900,5400,0
4578,15,1,1800,600,0
4578,8,1,2900,1200,0
4579,9,1,3500,1500,0
4580,6,2,4200,1900,840
4580,3,2,4500,2200,0
4580,16,1,1600,500,0
4580,13,1,2200,700,440
4581,3,1,4500,2200,450
4581,9,1,3500,1500,0
4581,15,1,1800,600,0
4582,3,1,4500,2200,0
4583,18,1,4800,2100,960
4583,4,3,7200,4200,2160
4583,7,1,3800,1600,0
4584,6,1,4200,1900,0
4584,5,3,3200,1500,0
4585,2,1,6500,3900,0
4585,13,1,2200,700,220
4585,17,1,2500,900,0
4585,7,2,3800,1600,760
4586,8,1,2900,1200,290
4586,11,1,3400,1300,0
4586,10,1,2700,1100,0
4586,14,1,3000,1100,0
4587,9,1,3500,1500,0
4587,7,1,3800,1600,0
4588,10,1,2700,1100,0
4588,20,1,3900,1700,0
4588,1,1,8900,5400,0
4588,7,2,3800,1600,1520
4589,12,1,2400,800,0
4589,11,3,3400,1300,1020
4589,8,1,2900,1200,290
4590,11,1,3400,1300,680
4590,1,1,8900,5400,0
4590,5,1,3200,1500,0
4591,5,1,3200,1500,320
4591,18,1,4800,2100,960
4592,13,1,2200,700,0
4592,17,1,2500,900,500
4592,19,2,1200,300,240
4592,1,1,8900,5400,0
4593,7,1,3800,1600,0
4593,14,2,3000,1100,0
4594,1,2,8900,5400,1780
4594,15,2,1800,600,0
4594,6,3,4200,1900,1260
4594,16,1,1600,500,0
4595,15,1,1800,600,360
4596,2,2,6500,3900,0
4597,12,2,2400,800,0
4598,2,2,6500,3900,0
4598,10,1,2700,1100,0
4598,4,1,7200,4200,720
4599,3,1,4500,2200,450
4599,11,1,3400,1300,0
4599,13,1,2200,700,0
4600,18,1,4800,2100,0
4600,17,1,2500,900,0
4600,10,1,2700,1100,0
4600,1,3,8900,5400,0
4601,4,2,7200,4200,1440
4601,11,1,3400,1300,0
4601,6,2,4200,1900,0
4602,11,2,3400,1300,680
4602,8,2,2900,1200,0
4602,15,1,1800,600,0
4602,9,1,3500,1500,0
4603,4,3,7200,4200,2160
4604,10,2,2700,1100,0
4604,3,1,4500,2200,0
4605,9,1,3500,1500,0
4605,7,1,3800,1600,0
4606,4,1,7200,4200,720
4606,9,1,3500,1500,0
4607,15,2,1800,600,0
4608,19,2,1200,300,0
4608,14,1,3000,1100,0
4608,4,1,7200,4200,0
4608,9,2,3500,1500,0
4609,17,3,2500,900,750
4610,15,1,1800,600,0
4610,9,1,3500,1500,0
4610,7,1,3800,1600,0
4611,10,1,2700,1100,0
4611,13,2,2200,700,0
4611,19,2,1200,300,0
4612,4,1,7200,4200,1440
4612,17,1,2500,900,0
4613,9,1,3500,1500,700
4613,12,2,2400,800,0
4613,8,1,2900,1200,290
4614,13,3,2200,700,0
4614,17,1,2500,900,500
4614,2,1,6500,3900,0
4615,20,1,3900,1700,390
4615,10,1,2700,1100,540
4615,4,1,7200,4200,0
4616,20,2,3900,1700,0
4616,6,2,4200,1900,840
4616,13,2,2200,700,0
4616,1,1,8900,5400,0
4617,20,1,3900,1700,0
4617,16,1,1600,500,160
4618,7,1,3800,1600,760
4618,1,1,8900,5400,0
4618,5,1,3200,1500,0
4619,6,1,4200,1900,0
4619,5,1,3200,1500,0
4620,2,2,6500,3900,1300
4620,17,1,2500,900,0
4620,7,1,3800,1600,0
4620,19,2,1200,300,0
4621,5,1,3200,1500,320
4621,6,1,4200,1900,420
4622,3,2,4500,2200,0
4622,2,1,6500,3900,1300
4622,17,1,2500,900,0
4622,4,1,7200,4200,720
4623,3,1,4500,2200,0
4623,9,1,3500,1500,0
4624,17,2,2500,900,0
4624,16,1,1600,500,0
4624,9,1,3500,1500,0
4625,2,2,6500,3900,0
4625,17,1,2500,900,0
4625,7,1,3800,1600,380
4626,18,1,4800,2100,0
4627,16,1,1600,500,0
4627,12,1,2400,800,0
4627,17,1,2500,900,250
4627,19,1,1200,300,0
4628,16,3,1600,500,0
4628,19,1,1200,300,240
4629,11,1,3400,1300,340
4630,20,1,3900,1700,780
4631,15,1,1800,600,0
4632,6,1,4200,1900,420
4632,20,1,3900,1700,0
4632,9,1,3500,1500,0
4633,3,1,4500,2200,0
4634,10,1,2700,1100,270
4634,16,1,1600,500,0
4634,8,1,2900,1200,290
4634,12,2,2400,800,480
4635,4,1,7200,4200,720
4635,13,1,2200,700,0
4635,16,1,1600,500,0
4635,18,1,4800,2100,480
4636,1,1,8900,5400,0
4637,11,1,3400,1300,340
4638,2,1,6500,3900,650
4638,8,1,2900,1200,290
4639,15,1,1800,600,360
4639,8,1,2900,1200,290
4640,20,1,3900,1700,390
4641,5,1,3200,1500,0
4641,6,2,4200,1900,0
4642,19,1,1200,300,120
4642,18,1,4800,2100,0
4643,18,2,4800,2100,0
4643,14,2,3000,1100,0
4643,7,2,3800,1600,760
4643,2,1,6500,3900,0
4644,9,1,3500,1500,0
4644,20,1,3900,1700,0
4644,19,1,1200,300,0
4644,3,3,4500,2200,0
4645,17,1,2500,900,0
4646,1,1,8900,5400,890
4646,5,2,3200,1500,1280
4647,6,2,4200,1900,0
4647,4,2,7200,4200,1440
4647,12,2,2400,800,480
4648,8,1,2900,1200,0
4648,10,2,2700,1100,0
4648,3,1,4500,2200,0
4649,15,1,1800,600,0
4649,20,1,3900,1700,390
4649,4,1,7200,4200,0
4649,17,1,2500,900,0
4650,20,1,3900,1700,0
4651,20,1,3900,1700,0
4651,17,3,2500,900,750
4651,16,1,1600,500,0
4651,4,2,7200,4200,0
4652,20,2,3900,1700,1560
4652,1,2,8900,5400,0
4653,18,2,4800,2100,0
4653,8,1,2900,1200,0
4653,4,1,7200,4200,0
4653,17,1,2500,900,250
4654,17,1,2500,900,0
4655,10,1,2700,1100,0
4655,12,3,2400,800,720
4655,9,2,3500,1500,1400
4656,10,2,2700,1100,540
4656,20,1,3900,1700,0
4657,13,1,2200,700,0
4657,18,1,4800,2100,480
4657,20,1,3900,1700,0
4657,15,1,1800,600,0
4658,3,3,4500,2200,0
4658,18,2,4800,2100,1920
4658,5,2,3200,1500,0
4658,11,1,3400,1300,340
4659,6,2,4200,1900,1680
4660,12,1,2400,800,0
4661,11,1,3400,1300,0
4661,4,1,7200,4200,720
4662,16,2,1600,500,0
4662,6,2,4200,1900,0
4663,5,1,3200,1500,0
4663,2,1,6500,3900,0
4663,19,1,1200,300,120
4664,14,1,3000,1100,0
4664,20,1,3900,1700,0
4664,15,1,1800,600,0
4664,17,1,2500,900,250
4665,18,1,4800,2100,480
4665,9,1,3500,1500,350
4665,17,1,2500,900,0
4665,4,3,7200,4200,0
4666,1,1,8900,5400,0
4666,17,1,2500,900,0
4667,2,1,6500,3900,650
4667,12,1,2400,800,240
4667,13,1,2200,700,0
4668,15,1,1800,600,0
4669,6,2,4200,1900,840
4669,5,1,3200,1500,0
4669,11,1,3400,1300,0
4669,16,2,1600,500,320
4670,6,1,4200,1900,0
4670,12,1,2400,800,0
4670,9,1,3500,1500,350
4670,10,1,2700,1100,0
4671,15,1,1800,600,0
4671,5,1,3200,1500,0
4671,8,1,2900,1200,290
4671,13,1,2200,700,0
4672,20,1,3900,1700,0
4672,10,1,2700,1100,0
4672,1,1,8900,5400,0
4672,2,1,6500,3900,0
4673,10,1,2700,1100,0
4673,9,1,3500,1500,700
4673,1,1,8900,5400,0
4674,18,3,4800,2100,0
4674,10,1,2700,1100,0
4674,3,1,4500,2200,0
4675,12,1,2400,800,0
4675,3,1,4500,2200,900
4676,18,1,4800,2100,0
4676,2,3,6500,3900,0
4677,11,1,3400,1300,0
4677,4,1,7200,4200,0
4678,18,1,4800,2100,0
4679,15,1,1800,600,0
4679,19,1,1200,300,0
4679,13,1,2200,700,0
4680,7,3,3800,1600,2280
4680,16,2,1600,500,0
4680,19,1,1200,300,0
4681,10,2,2700,1100,0
4681,20,1,3900,1700,780
4681,16,2,1600,500,0
4681,7,1,3800,1600,380
4682,17,2,2500,900,500
4683,10,2,2700,1100,540
4683,18,1,4800,2100,960
4684,10,1,2700,1100,0
4684,3,1,4500,2200,0
4684,19,1,1200,300,0
4685,6,1,4200,1900,420
4685,13,1,2200,700,440
4685,19,1,1200,300,0
4685,3,1,4500,2200,0
4686,14,3,3000,1100,0
4686,2,1,6500,3900,650
4686,13,2,2200,700,0
4687,17,1,2500,900,250
4687,20,1,3900,1700,0
4688,17,1,2500,900,500
4688,11,1,3400,1300,340
4688,6,2,4200,1900,840
4689,20,1,3900,1700,0
4689,15,2,1800,600,720
4689,3,1,4500,2200,0
4689,2,2,6500,3900,1300
4690,17,1,2500,900,250
4691,13,3,2200,700,0
4692,1,2,8900,5400,0
4692,5,1,3200,1500,0
4692,10,1,2700,1100,270
4693,15,3,1800,600,1080
4693,11,1,3400,1300,0
4694,4,1,7200,4200,720
4694,13,1,2200,700,0
4694,6,1,4200,1900,420
4694,10,2,2700,1100,0
4695,10,1,2700,1100,0
4695,13,1,2200,700,0
4695,1,1,8900,5400,0
4696,4,3,7200,4200,0
4696,5,2,3200,1500,640
4697,4,1,7200,4200,0
4697,16,2,1600,500,640
4698,13,1,2200,700,220
4699,7,1,3800,1600,380
4699,15,3,1800,600,0
4700,20,2,3900,1700,0
4700,14,1,3000,1100,300
4700,7,1,3800,1600,0
4701,9,2,3500,1500,0
4702,19,2,1200,300,0
4702,12,1,2400,800,0
4702,8,1,2900,1200,0
4703,9,1,3500,1500,0
4703,12,2,2400,800,0
4703,4,1,7200,4200,720
4704,3,2,4500,2200,1800
4704,8,1,2900,1200,580
4704,14,1,3000,1100,300
4704,1,1,8900,5400,0
4705,2,2,6500,3900,0
4706,11,1,3400,1300,0
4706,14,1,3000,1100,0
4706,17,1,2500,900,0
4707,1,1,8900,5400,890
4708,14,2,3000,1100,0
4708,19,1,1200,300,0
4709,11,3,3400,1300,2040
4709,17,2,2500,900,0
4710,3,1,4500,2200,0
4710,15,1,1800,600,0
4710,12,1,2400,800,0
4711,15,2,1800,600,0
4711,8,1,2900,1200,0
4712,5,2,3200,1500,0
4712,13,1,2200,700,0
4713,15,2,1800,600,360
4713,8,1,2900,1200,580
4714,9,2,3500,1500,1400
4714,14,1,3000,1100,0
4714,16,1,1600,500,0
4714,12,1,2400,800,240
4715,19,1,1200,300,0
4715,16,2,1600,500,320
4716,2,2,6500,3900,0
4716,12,1,2400,800,0
4717,19,2,1200,300,240
4718,17,1,2500,900,0
4718,10,1,2700,1100,0
4718,20,1,3900,1700,0
4718,13,1,2200,700,0
4719,10,1,2700,1100,0
4719,5,1,3200,1500,0
4719,6,2,4200,1900,0
4720,5,1,3200,1500,0
4720,6,1,4200,1900,420
4720,19,1,1200,300,0
4721,3,1,4500,2200,450
4721,10,1,2700,1100,0
4721,6,1,4200,1900,0
4721,1,1,8900,5400,0
4722,13,2,2200,700,880
4722,5,2,3200,1500,0
4723,10,3,2700,1100,810
4723,16,1,1600,500,160
4724,17,2,2500,900,0
4724,5,1,3200,1500,640
4724,15,1,1800,600,0
4725,18,1,4800,2100,0
4725,19,1,1200,300,0
4725,16,1,1600,500,0
4726,5,2,3200,1500,0
4726,19,1,1200,300,0
4726,17,1,2500,900,0
4727,12,1,2400,800,480
4727,20,2,3900,1700,0
4727,4,1,7200,4200,0
4728,3,1,4500,2200,0
4729,5,2,3200,1500,640
4729,19,2,1200,300,0
4729,15,1,1800,600,0
4729,1,1,8900,5400,0
4730,3,1,4500,2200,900
4730,4,1,7200,4200,0
4730,13,1,2200,700,0
4731,3,1,4500,2200,0
4731,10,1,2700,1100,270
4732,2,2,6500,3900,1300
4733,12,1,2400,800,0
4733,5,3,3200,1500,960
4733,4,1,7200,4200,0
4733,6,2,4200,1900,0
4734,3,1,4500,2200,900
4734,15,1,1800,600,0
4735,3,1,4500,2200,0
4736,19,1,1200,300,0
4737,10,1,2700,1100,0
4737,20,1,3900,1700,780
4737,12,1,2400,800,0
4738,7,1,3800,1600,380
4738,9,1,3500,1500,0
4738,4,1,7200,4200,0
4738,8,2,2900,1200,0
4739,5,1,3200,1500,320
4739,19,1,1200,300,0
4739,9,1,3500,1500,700
4739,7,1,3800,1600,0
4740,1,2,8900,5400,1780
4740,15,1,1800,600,0
4741,6,1,4200,1900,0
4742,4,3,7200,4200,0
4742,18,1,4800,2100,0
4743,9,2,3500,1500,0
4743,20,2,3900,1700,0
4743,12,1,2400,800,0
4744,1,1,8900,5400,0
4744,14,1,3000,1100,300
4745,6,2,4200,1900,1680
4745,11,3,3400,1300,0
4745,15,1,1800,600,360
4746,5,1,3200,1500,640
4746,10,2,2700,1100,540
4746,17,1,2500,900,500
4746,14,1,3000,1100,300
4747,1,1,8900,5400,0
4747,6,1,4200,1900,0
4747,19,1,1200,300,0
4748,1,2,8900,5400,1780
4748,11,1,3400,1300,0
4748,17,1,2500,900,0
4748,16,1,1600,500,0
4749,10,1,2700,1100,0
4750,7,1,3800,1600,380
4751,7,2,3800,1600,0
4751,12,1,2400,800,240
4751,2,1,6500,3900,0
4752,14,1,3000,1100,300
4752,11,2,3400,1300,0
4753,4,1,7200,4200,0
4753,8,1,2900,1200,290
4753,10,1,2700,1100,0
4754,5,1,3200,1500,0
4754,18,1,4800,2100,0
4754,7,1,3800,1600,0
4755,20,1,3900,1700,0
4756,20,1,3900,1700,0
4756,15,3,1800,600,540
4756,19,1,1200,300,240
4757,12,1,2400,800,480
4757,9,2,3500,1500,0
4757,16,1,1600,500,160
4757,13,1,2200,700,440
4758,12,1,2400,800,0
4758,4,2,7200,4200,0
4759,14,1,3000,1100,0
4759,11,1,3400,1300,680
4759,4,1,7200,4200,0
4760,11,1,3400,1300,0
4761,3,1,4500,2200,900
4761,6,1,4200,1900,0
4761,9,1,3500,1500,0
4761,7,1,3800,1600,380
4762,6,1,4200,1900,0
4762,4,1,7200,4200,0
4762,10,1,2700,1100,270
4763,3,1,4500,2200,450
4763,20,1,3900,1700,0
4764,17,1,2500,900,0
4764,14,1,3000,1100,0
4764,20,1,3900,1700,0
4764,15,1,1800,600,0
4765,3,1,4500,2200,0
4765,17,1,2500,900,0
4765,15,1,1800,600,360
4765,2,1,6500,3900,650
4766,20,1,3900,1700,0
4766,18,1,4800,2100,0
4766,11,1,3400,1300,0
4767,10,1,2700,1100,540
4768,15,1,1800,600,0
4768,1,1,8900,5400,0
4769,2,1,6500,3900,0
4770,4,2,7200,4200,2880
4771,6,1,4200,1900,0
4771,13,1,2200,700,0
4771,8,1,2900,1200,290
4771,4,1,7200,4200,720
4772,20,1,3900,1700,0
4772,1,2,8900,5400,0
4772,7,1,3800,1600,0
4772,11,1,3400,1300,0
4773,13,1,2200,700,220
4773,3,1,4500,2200,900
4773,18,1,4800,2100,0
4773,14,1,3000,1100,0
4774,16,1,1600,500,0
4774,2,1,6500,3900,0
4775,13,1,2200,700,220
4775,3,3,4500,2200,1350
4776,4,1,7200,4200,720
4776,14,2,3000,1100,0
4776,6,3,4200,1900,1260
4776,17,1,2500,900,0
4777,17,2,2500,900,0
4777,8,1,2900,1200,0
4777,20,1,3900,1700,0
4778,15,1,1800,600,0
4778,17,1,2500,900,0
4778,11,1,3400,1300,0
4778,8,1,2900,1200,0
4779,5,1,3200,1500,0
4779,13,1,2200,700,440
4780,15,2,1800,600,360
4780,10,1,2700,1100,270
4780,5,1,3200,1500,0
4781,15,1,1800,600,0
4782,13,1,2200,700,220
4782,4,1,7200,4200,0
4782,5,1,3200,1500,0
4783,7,2,3800,1600,0
4783,18,1,4800,2100,0
4783,4,1,7200,4200,720
4783,20,2,3900,1700,1560
4784,1,1,8900,5400,0
4784,10,2,2700,1100,540
4785,6,1,4200,1900,0
4786,16,1,1600,500,0
4786,20,1,3900,1700,0
4787,20,2,3900,1700,0
4787,5,1,3200,1500,0
4788,1,1,8900,5400,890
4788,18,1,4800,2100,0
4788,11,1,3400,1300,680
4789,7,1,3800,1600,380
4789,14,1,3000,1100,0
4790,8,1,2900,1200,290
4791,8,1,2900,1200,290
4791,14,2,3000,1100,0
4792,10,1,2700,1100,0
4793,3,1,4500,2200,0
4793,11,1,3400,1300,340
4793,18,1,4800,2100,0
4793,4,2,7200,4200,1440
4794,3,1,4500,2200,0
4794,16,2,1600,500,0
4795,2,2,6500,3900,0
4795,3,1,4500,2200,0
4796,6,1,4200,1900,420
4796,8,1,2900,1200,290
4796,5,1,3200,1500,320
4796,18,1,4800,2100,480
4797,4,2,7200,4200,0
4797,1,2,8900,5400,0
4797,17,1,2500,900,0
4798,3,1,4500,2200,0
4798,16,1,1600,500,0
4798,17,1,2500,900,0
4799,12,1,2400,800,0
4800,19,2,1200,300,240
4800,15,1,1800,600,360
4801,10,1,2700,1100,0
4801,5,1,3200,1500,0
4802,18,2,4800,2100,0
4802,10,2,2700,1100,540
4802,19,2,1200,300,480
4802,3,1,4500,2200,0
4803,6,1,4200,1900,0
4803,19,1,1200,300,0
4803,14,1,3000,1100,300
4803,5,1,3200,1500,0
4804,2,1,6500,3900,0
4805,7,1,3800,1600,0
4805,2,1,6500,3900,0
4806,5,1,3200,1500,0
4806,17,1,2500,900,0
4806,19,1,1200,300,0
4807,17,1,2500,900,0
4808,1,2,8900,5400,0
4808,9,2,3500,1500,700
4808,5,2,3200,1500,0
4808,2,2,6500,3900,0
4809,10,1,2700,1100,0
4809,4,1,7200,4200,0
4809,8,1,2900,1200,580
4810,1,1,8900,5400,890
4811,14,1,3000,1100,0
4812,16,2,1600,500,320
4812,2,1,6500,3900,0
4812,17,3,2500,900,750
4813,11,1,3400,1300,340
4813,9,1,3500,1500,0
4814,10,1,2700,1100,0
4814,12,1,2400,800,0
4815,2,2,6500,3900,0
4815,9,2,3500,1500,700
4816,17,1,2500,900,250
4817,5,1,3200,1500,0
4817,20,1,3900,1700,0
4817,12,3,2400,800,720
4817,2,2,6500,3900,1300
4818,6,2,4200,1900,840
4819,11,1,3400,1300,340
4819,13,2,2200,700,440
4819,18,1,4800,2100,0
4820,19,1,1200,300,120
4820,5,3,3200,1500,960
4820,15,1,1800,600,0
4820,12,1,2400,800,0
4821,2,1,6500,3900,0
4821,4,1,7200,4200,1440
4822,15,1,1800,600,0
4822,3,1,4500,2200,450
4822,14,2,3000,1100,600
4822,2,1,6500,3900,0
4823,6,1,4200,1900,0
4823,4,2,7200,4200,1440
4824,4,3,7200,4200,0
4824,16,3,1600,500,480
4825,9,2,3500,1500,0
4825,1,1,8900,5400,0
4826,18,1,4800,2100,0
4826,3,1,4500,2200,0
4826,20,1,3900,1700,390
4827,12,2,2400,800,960
4827,16,1,1600,500,0
4827,17,2,2500,900,0
4827,9,2,3500,1500,700
4828,18,1,4800,2100,0
4828,17,1,2500,900,250
4829,16,1,1600,500,160
4829,14,1,3000,1100,0
4830,12,1,2400,800,0
4830,3,2,4500,2200,900
4830,20,2,3900,1700,0
4831,20,1,3900,1700,780
4831,9,1,3500,1500,0
4831,18,1,4800,2100,0
4832,7,1,3800,1600,0
4832,4,3,7200,4200,0
4832,9,1,3500,1500,350
4832,1,1,8900,5400,0
4833,12,1,2400,800,240
4833,20,2,3900,1700,0
4833,15,1,1800,600,180
4833,14,1,3000,1100,600
4834,11,1,3400,1300,0
4834,12,1,2400,800,0
4834,1,1,8900,5400,1780
4834,17,1,2500,900,500
4835,16,1,1600,500,160
4836,8,1,2900,1200,0
4836,12,2,2400,800,480
4836,11,1,3400,1300,680
4836,10,1,2700,1100,270
4837,7,1,3800,1600,0
4837,17,1,2500,900,0
4838,16,1,1600,500,0
4838,10,1,2700,1100,0
4839,6,1,4200,1900,420
4840,9,2,3500,1500,700
4840,18,2,4800,2100,0
4840,1,1,8900,5400,0
4841,19,1,1200,300,0
4841,2,1,6500,3900,650
4841,9,2,3500,1500,700
4842,10,1,2700,1100,270
4842,2,1,6500,3900,1300
4843,7,1,3800,1600,380
4843,8,1,2900,1200,290
4843,16,2,1600,500,0
4843,2,1,6500,3900,0
4844,15,3,1800,600,0
4844,20,1,3900,1700,0
4844,4,1,7200,4200,720
4845,14,1,3000,1100,0
4845,12,1,2400,800,0
4845,5,2,3200,1500,1280
4845,19,2,1200,300,0
4846,12,1,2400,800,0
4846,19,1,1200,300,0
4846,5,2,3200,1500,640
4846,20,1,3900,1700,390
4847,4,1,7200,4200,0
4847,6,1,4200,1900,420
4847,20,1,3900,1700,0
4847,10,1,2700,1100,0
4848,7,1,3800,1600,0
4848,5,1,3200,1500,640
4848,8,1,2900,1200,0
4848,3,1,4500,2200,0
4849,4,1,7200,4200,0
4849,13,1,2200,700,440
4850,20,1,3900,1700,390
4851,9,1,3500,1500,350
4851,16,2,1600,500,320
4851,7,1,3800,1600,0
4851,12,1,2400,800,0
4852,3,2,4500,2200,900
4852,17,1,2500,900,0
4852,18,1,4800,2100,0
4852,6,1,4200,1900,0
4853,15,1,1800,600,0
4853,12,1,2400,800,0
4853,9,1,3500,1500,0
4853,3,1,4500,2200,900
4854,20,1,3900,1700,0
4854,4,2,7200,4200,0
4854,14,1,3000,1100,600
4854,5,2,3200,1500,0
4855,7,1,3800,1600,380
4855,20,1,3900,1700,390
4856,14,1,3000,1100,0
4856,8,1,2900,1200,290
4856,6,1,4200,1900,0
4857,15,2,1800,600,0
4857,8,1,2900,1200,290
4857,11,1,3400,1300,0
4857,4,1,7200,4200,720
4858,20,1,3900,1700,0
4859,19,2,1200,300,0
4859,8,3,2900,1200,870
4860,20,1,3900,1700,0
4860,2,2,6500,3900,0
4861,16,1,1600,500,0
4861,15,2,1800,600,0
4861,14,1,3000,1100,0
4861,8,2,2900,1200,0
4862,4,1,7200,4200,0
4862,7,1,3800,1600,0
4862,17,1,2500,900,0
4863,20,2,3900,1700,1560
4863,1,1,8900,5400,890
4863,16,1,1600,500,0
4863,18,2,4800,2100,0
4864,2,1,6500,3900,0
4864,6,2,4200,1900,0
4864,18,1,4800,2100,960
4865,3,1,4500,2200,450
4865,14,1,3000,1100,0
4865,11,3,3400,1300,1020
4865,20,1,3900,1700,0
4866,7,1,3800,1600,760
4866,19,1,1200,300,0
4867,13,1,2200,700,220
4867,3,1,4500,2200,0
4868,7,3,3800,1600,1140
4868,11,1,3400,1300,340
4868,18,1,4800,2100,480
4868,9,1,3500,1500,0
4869,13,1,2200,700,0
4869,11,1,3400,1300,340
4869,5,2,3200,1500,0
4870,14,1,3000,1100,300
4870,18,1,4800,2100,0
4870,2,2,6500,3900,2600
4870,16,1,1600,500,0
4871,6,1,4200,1900,840
4871,1,1,8900,5400,0
4872,8,1,2900,1200,0
4872,11,1,3400,1300,0
4873,6,1,4200,1900,0
4873,4,2,7200,4200,1440
4873,5,1,3200,1500,0
4873,1,2,8900,5400,0
4874,11,2,3400,1300,0
4874,4,1,7200,4200,0
4874,15,1,1800,600,180
4875,14,1,3000,1100,0
4875,5,1,3200,1500,320
4876,4,1,7200,4200,720
4876,10,1,2700,1100,0
4877,17,1,2500,900,0
4877,19,1,1200,300,240
4877,10,1,2700,1100,0
4878,8,1,2900,1200,0
4878,16,1,1600,500,0
4879,14,2,3000,1100,0
4879,18,1,4800,2100,0
4879,2,1,6500,3900,0
4880,16,3,1600,500,0
4880,2,1,6500,3900,0
4880,11,1,3400,1300,340
4880,7,1,3800,1600,0
4881,2,1,6500,3900,1300
4881,8,1,2900,1200,0
4881,15,2,1800,600,0
4881,16,3,1600,500,0
4882,20,2,3900,1700,780
4882,10,2,2700,1100,1080
4882,19,2,1200,300,480
4882,4,1,7200,4200,1440
4883,18,1,4800,2100,480
4883,13,2,2200,700,0
4883,6,1,4200,1900,0
4884,3,2,4500,2200,0
4885,8,1,2900,1200,0
4885,6,1,4200,1900,0
4885,11,1,3400,1300,0
4885,3,1,4500,2200,0
4886,9,2,3500,1500,700
4886,16,3,1600,500,0
4887,2,2,6500,3900,2600
4887,20,1,3900,1700,0
4888,2,2,6500,3900,0
4888,13,1,2200,700,220
4888,16,1,1600,500,160
4889,11,2,3400,1300,1360
4890,5,1,3200,1500,0
4890,17,1,2500,900,250
4891,2,1,6500,3900,0
4891,7,1,3800,1600,0
4891,17,1,2500,900,0
4892,5,1,3200,1500,320
4893,18,1,4800,2100,0
4893,11,1,3400,1300,0
4894,16,1,1600,500,320
4894,17,1,2500,900,0
4895,13,1,2200,700,0
4895,4,3,7200,4200,0
4895,5,2,3200,1500,0
4896,4,1,7200,4200,720
4897,11,1,3400,1300,0
4898,4,1,7200,4200,1440
4898,7,1,3800,1600,0
4898,9,1,3500,1500,350
4898,3,1,4500,2200,0
4899,6,1,4200,1900,0
4899,9,2,3500,1500,0
4899,15,1,1800,600,180
4900,20,1,3900,1700,0
4900,17,1,2500,900,250
4900,2,1,6500,3900,0
4901,9,1,3500,1500,350
4901,1,1,8900,5400,1780
4901,13,1,2200,700,0
4902,4,1,7200,4200,0
4902,19,1,1200,300,0
4903,18,3,4800,2100,0
4904,7,3,3800,1600,1140
4904,20,1,3900,1700,0
4905,8,1,2900,1200,290
4905,18,2,4800,2100,960
4905,10,1,2700,1100,0
4906,5,1,3200,1500,0
4906,12,2,2400,800,480
4907,14,1,3000,1100,0
4908,3,1,4500,2200,450
4909,17,1,2500,900,0
4909,12,1,2400,800,0
4909,1,1,8900,5400,0
4910,4,1,7200,4200,720
4910,8,1,2900,1200,0
4910,16,1,1600,500,0
4910,18,2,4800,2100,960
4911,7,1,3800,1600,0
4911,16,1,1600,500,160
4911,6,1,4200,1900,0
4911,2,2,6500,3900,0
4912,7,1,3800,1600,0
4912,10,2,2700,1100,0
4912,20,1,3900,1700,0
4912,13,1,2200,700,0
4913,15,1,1800,600,0
4913,12,2,2400,800,0
4913,13,1,2200,700,0
4913,10,1,2700,1100,540
4914,14,1,3000,1100,0
4915,17,1,2500,900,500
4916,17,1,2500,900,500
4917,20,1,3900,1700,0
4917,5,1,3200,1500,0
4918,6,1,4200,1900,0
4918,11,1,3400,1300,0
4918,1,1,8900,5400,0
4919,15,2,1800,600,0
4919,16,1,1600,500,160
4919,7,1,3800,1600,380
4920,5,2,3200,1500,1280
4920,10,1,2700,1100,0
4921,13,2,2200,700,0
4921,19,1,1200,300,240
4921,5,1,3200,1500,0
4922,14,1,3000,1100,0
4923,5,2,3200,1500,0
4924,3,1,4500,2200,0
4924,15,1,1800,600,0
4925,14,1,3000,1100,0
4925,11,2,3400,1300,0
4926,15,1,1800,600,0
4927,12,2,2400,800,0
4928,15,1,1800,600,0
4928,10,1,2700,1100,270
4929,10,2,2700,1100,0
4929,6,1,4200,1900,420
4930,14,1,3000,1100,600
4930,4,1,7200,4200,720
4930,5,1,3200,1500,320
4930,17,1,2500,900,0
4931,19,1,1200,300,120
4932,12,1,2400,800,0
4932,13,1,2200,700,220
4932,3,1,4500,2200,0
4932,1,1,8900,5400,0
4933,9,1,3500,1500,700
4933,15,1,1800,600,0
4934,11,1,3400,1300,0
4934,3,2,4500,2200,0
4934,6,1,4200,1900,0
4934,1,2,8900,5400,0
4935,5,1,3200,1500,0
4935,1,3,8900,5400,0
4935,20,2,3900,1700,780
4935,8,1,2900,1200,290
4936,7,1,3800,1600,0
4936,11,1,3400,1300,0
4937,8,1,2900,1200,290
4937,18,1,4800,2100,480
4937,12,1,2400,800,240
4937,19,2,1200,300,240
4938,1,1,8900,5400,0
4938,12,1,2400,800,0
4938,18,1,4800,2100,960
4938,17,1,2500,900,0
4939,12,1,2400,800,0
4939,16,1,1600,500,160
4940,18,1,4800,2100,480
4940,6,1,4200,1900,0
4941,16,1,1600,500,320
4942,18,2,4800,2100,960
4942,7,1,3800,1600,0
4942,13,1,2200,700,440
4943,10,1,2700,1100,270
4943,19,1,1200,300,0
4943,7,1,3800,1600,0
4944,13,1,2200,700,0
4944,14,1,3000,1100,0
4944,3,1,4500,2200,0
4945,12,1,2400,800,0
4946,16,2,1600,500,0
4947,16,1,1600,500,320
4947,8,1,2900,1200,0
4947,1,1,8900,5400,890
4948,7,1,3800,1600,380
4948,1,1,8900,5400,890
4948,4,2,7200,4200,1440
4948,14,1,3000,1100,0
4949,7,1,3800,1600,380
4949,18,2,4800,2100,960
4949,14,1,3000,1100,0
4950,15,3,1800,600,1080
4950,19,2,1200,300,240
4950,12,2,2400,800,0
4951,19,1,1200,300,240
4951,16,1,1600,500,0
4951,5,1,3200,1500,320
4951,17,1,2500,900,0
4952,13,1,2200,700,220
4953,13,1,2200,700,440
4953,17,1,2500,900,250
4953,15,1,1800,600,180
4953,20,1,3900,1700,780
4954,4,1,7200,4200,720
4954,19,1,1200,300,240
4954,15,2,1800,600,0
4954,12,1,2400,800,0
4955,6,2,4200,1900,0
4955,14,2,3000,1100,600
4955,19,1,1200,300,120
4955,18,3,4800,2100,0
4956,16,1,1600,500,0
4956,7,1,3800,1600,0
4957,2,1,6500,3900,0
4957,20,1,3900,1700,0
4958,19,2,1200,300,0
4958,3,1,4500,2200,450
4958,10,1,2700,1100,540
4958,15,2,1800,600,360
4959,9,1,3500,1500,0
4959,13,1,2200,700,0
4959,1,1,8900,5400,0
4959,16,1,1600,500,0
4960,16,1,1600,500,160
4960,17,1,2500,900,0
4960,13,2,2200,700,440
4961,20,1,3900,1700,0
4961,16,1,1600,500,0
4961,15,1,1800,600,180
4962,1,3,8900,5400,5340
4962,13,1,2200,700,440
4963,14,3,3000,1100,900
4963,17,2,2500,900,0
4963,16,2,1600,500,0
4963,1,1,8900,5400,0
4964,9,1,3500,1500,0
4965,20,1,3900,1700,390
4965,18,1,4800,2100,0
4965,1,1,8900,5400,0
4966,6,1,4200,1900,420
4966,20,1,3900,1700,0
4966,5,1,3200,1500,0
4966,2,1,6500,3900,0
4967,16,2,1600,500,0
4967,18,1,4800,2100,0
4967,7,1,3800,1600,380
4968,10,2,2700,1100,0
4968,1,1,8900,5400,0
4968,15,3,1800,600,540
4968,20,1,3900,1700,390
4969,3,1,4500,2200,900
4969,8,1,2900,1200,0
4970,13,1,2200,700,0
4970,3,1,4500,2200,450
4970,2,1,6500,3900,1300
4970,7,1,3800,1600,0
4971,3,2,4500,2200,0
4971,4,2,7200,4200,0
4971,8,1,2900,1200,0
4972,6,1,4200,1900,420
4972,3,1,4500,2200,900
4972,8,1,2900,1200,0
4972,1,1,8900,5400,0
4973,12,1,2400,800,0
4973,14,1,3000,1100,600
4973,16,1,1600,500,160
4973,6,3,4200,1900,0
4974,19,1,1200,300,0
4974,6,1,4200,1900,0
4974,20,2,3900,1700,0
4975,12,1,2400,800,0
4976,13,1,2200,700,0
4976,9,2,3500,1500,0
4976,18,2,4800,2100,0
4976,20,1,3900,1700,0
4977,6,1,4200,1900,420
4977,9,1,3500,1500,0
4977,12,1,2400,800,0
4977,13,1,2200,700,220
4978,4,3,7200,4200,2160
4978,7,1,3800,1600,0
4978,11,3,3400,1300,0
4978,8,1,2900,1200,290
4979,12,1,2400,800,0
4979,19,1,1200,300,120
4979,20,1,3900,1700,390
4979,6,1,4200,1900,0
4980,3,1,4500,2200,0
4981,6,1,4200,1900,420
4982,6,1,4200,1900,0
4982,16,1,1600,500,0
4982,2,1,6500,3900,0
4982,5,1,3200,1500,0
4983,10,1,2700,1100,0
4984,3,3,4500,2200,1350
4984,11,1,3400,1300,0
4984,8,1,2900,1200,0
4985,5,1,3200,1500,0
4985,19,1,1200,300,0
4985,18,1,4800,2100,960
4985,17,1,2500,900,0
4986,17,1,2500,900,0
4986,1,1,8900,5400,0
4986,19,1,1200,300,0
4986,18,1,4800,2100,0
4987,5,2,3200,1500,640
4987,12,1,2400,800,0
4987,8,2,2900,1200,0
4988,9,2,3500,1500,0
4988,20,1,3900,1700,0
4988,18,2,4800,2100,960
4988,11,1,3400,1300,0
4989,11,1,3400,1300,0
4989,3,1,4500,2200,0
4989,1,1,8900,5400,0
4990,8,1,2900,1200,0
4990,3,2,4500,2200,900
4990,11,1,3400,1300,340
4991,5,2,3200,1500,1280
4991,11,1,3400,1300,680
4991,9,2,3500,1500,0
4991,16,1,1600,500,160
4992,16,2,1600,500,320
4992,17,1,2500,900,500
4992,3,2,4500,2200,900
4993,9,1,3500,1500,0
4993,10,1,2700,1100,540
4993,14,2,3000,1100,600
4993,7,1,3800,1600,0
4994,16,1,1600,500,0
4995,10,1,2700,1100,0
4995,19,3,1200,300,0
4995,6,2,4200,1900,0
4995,8,1,2900,1200,290
4996,6,1,4200,1900,0
4996,11,2,3400,1300,0
4996,20,1,3900,1700,0
4997,16,2,1600,500,0
4997,7,1,3800,1600,0
4997,1,1,8900,5400,0
4998,4,1,7200,4200,1440
4998,8,2,2900,1200,580
4998,7,1,3800,1600,0
4999,12,1,2400,800,0
4999,20,1,3900,1700,390
5000,16,1,1600,500,0
5000,6,1,4200,1900,0
5000,2,1,6500,3900,650
5000,10,1,2700,1100,270
5001,14,1,3000,1100,0
5001,10,1,2700,1100,540
5001,12,1,2400,800,0
5002,10,1,2700,1100,0
5002,12,3,2400,800,0
5002,9,1,3500,1500,0
5002,20,1,3900,1700,0
5003,3,1,4500,2200,450
5004,19,1,1200,300,120
5004,18,2,4800,2100,0
5005,15,1,1800,600,180
5005,6,1,4200,1900,0
5005,7,1,3800,1600,0
5006,9,2,3500,1500,0
5006,2,3,6500,3900,1950
5006,14,1,3000,1100,300
5006,11,1,3400,1300,0
5007,4,2,7200,4200,0
5007,17,1,2500,900,0
5008,12,2,2400,800,0
5008,14,1,3000,1100,300
5008,8,1,2900,1200,580
5009,16,1,1600,500,160
5010,18,1,4800,2100,0
5010,19,1,1200,300,0
5011,17,1,2500,900,250
5011,3,1,4500,2200,450
5011,9,1,3500,1500,0
5012,15,1,1800,600,0
5012,19,1,1200,300,0
5012,20,1,3900,1700,0
5013,20,1,3900,1700,390
5013,11,3,3400,1300,1020
5014,8,1,2900,1200,0
5015,8,3,2900,1200,0
5015,10,1,2700,1100,0
5016,19,1,1200,300,120
5017,2,1,6500,3900,0
5017,16,1,1600,500,160
5018,14,1,3000,1100,0
5018,8,2,2900,1200,0
5018,15,1,1800,600,0
5018,2,2,6500,3900,1300
5019,11,1,3400,1300,0
5019,12,1,2400,800,0
5020,13,1,2200,700,440
5020,2,2,6500,3900,0
5020,19,2,1200,300,480
5020,16,1,1600,500,0
5021,4,1,7200,4200,720
5021,10,1,2700,1100,540
5021,20,1,3900,1700,0
5022,14,1,3000,1100,0
5022,1,1,8900,5400,0
5022,18,2,4800,2100,1920
5023,15,2,1800,600,360
5023,12,1,2400,800,0
5023,19,1,1200,300,0
5023,14,1,3000,1100,0
5024,12,1,2400,800,0
5025,4,1,7200,4200,0
5026,8,1,2900,1200,0
5026,9,1,3500,1500,700
5026,6,3,4200,1900,1260
5027,7,3,3800,1600,0
5027,10,1,2700,1100,270
5027,4,1,7200,4200,0
5027,8,1,2900,1200,0
5028,17,1,2500,900,250
5028,19,1,1200,300,240
5028,12,1,2400,800,0
5028,7,1,3800,1600,0
5029,11,1,3400,1300,680
5030,18,1,4800,2100,0
5030,16,1,1600,500,0
5031,14,2,3000,1100,600
5032,12,1,2400,800,240
5032,2,1,6500,3900,0
5033,4,1,7200,4200,0
5034,7,1,3800,1600,0
5034,19,1,1200,300,0
5034,11,1,3400,1300,0
5034,17,3,2500,900,0
5035,16,2,1600,500,0
5035,14,1,3000,1100,300
5035,17,1,2500,900,500
5036,9,3,3500,1500,0
5036,10,1,2700,1100,0
5037,6,1,4200,1900,0
5037,19,1,1200,300,0
5037,11,1,3400,1300,0
5038,12,1,2400,800,0
5038,10,2,2700,1100,0
5038,17,1,2500,900,0
5039,1,1,8900,5400,0
5039,14,2,3000,1100,0
5040,11,3,3400,1300,1020
5040,16,1,1600,500,0
5040,15,1,1800,600,0
5041,3,1,4500,2200,0
5041,7,1,3800,1600,0
5042,7,1,3800,1600,0
5043,2,2,6500,3900,1300
5044,19,1,1200,300,0
5045,13,1,2200,700,0
5045,14,1,3000,1100,0
5045,17,1,2500,900,0
5045,18,1,4800,2100,480
5046,20,2,3900,1700,0
5046,2,1,6500,3900,0
5046,4,1,7200,4200,0
5047,16,2,1600,500,0
5047,8,1,2900,1200,0
5047,17,1,2500,900,500
5048,8,1,2900,1200,0
5048,12,2,2400,800,0
5048,17,1,2500,900,0
5049,13,3,2200,700,660
5049,18,1,4800,2100,0
5050,12,1,2400,800,0
5050,20,1,3900,1700,390
5050,2,2,6500,3900,1300
5051,6,1,4200,1900,0
5051,13,1,2200,700,0
5051,14,1,3000,1100,300
5052,17,1,2500,900,0
5053,20,2,3900,1700,780
5053,4,1,7200,4200,720
5053,7,3,3800,1600,0
5054,16,1,1600,500,0
5054,11,1,3400,1300,0
5055,6,1,4200,1900,420
5055,12,1,2400,800,480
5055,14,1,3000,1100,0
5055,19,1,1200,300,0
5056,1,1,8900,5400,0
5057,15,3,1800,600,1080
5057,13,1,2200,700,220
5057,1,1,8900,5400,890
5057,19,1,1200,300,0
5058,17,1,2500,900,500
5058,10,1,2700,1100,270
5058,6,1,4200,1900,840
5059,2,1,6500,3900,0
5059,10,3,2700,1100,0
5059,16,1,1600,500,0
5060,19,1,1200,300,0
5060,17,1,2500,900,0
5060,3,2,4500,2200,0
5061,1,1,8900,5400,890
5061,19,1,1200,300,0
5061,15,2,1800,600,0
5062,6,1,4200,1900,0
5062,19,1,1200,300,0
5062,18,1,4800,2100,0
5063,7,1,3800,1600,0
5063,10,2,2700,1100,0
5063,13,1,2200,700,0
5063,9,1,3500,1500,350
5064,12,2,2400,800,0
5065,14,1,3000,1100,0
5065,18,1,4800,2100,0
5066,4,1,7200,4200,0
5066,3,1,4500,2200,0
5066,8,1,2900,1200,290
5067,16,1,1600,500,160
5068,6,1,4200,1900,420
5068,9,1,3500,1500,0
5069,15,1,1800,600,0
5069,12,1,2400,800,0
5070,15,2,1800,600,0
5071,9,1,3500,1500,0
5071,17,1,2500,900,250
5071,15,1,1800,600,0
5072,11,1,3400,1300,0
5072,3,1,4500,2200,0
5072,15,1,1800,600,0
5073,6,1,4200,1900,840
5073,20,1,3900,1700,390
5073,5,1,3200,1500,0
5073,10,2,2700,1100,540
5074,9,1,3500,1500,350
5074,1,1,8900,5400,890
5074,19,1,1200,300,120
5075,20,2,3900,1700,0
5075,13,1,2200,700,220
5075,4,1,7200,4200,720
5075,2,1,6500,3900,0
5076,17,2,2500,900,500
5076,3,2,4500,2200,0
5076,11,2,3400,1300,0
5076,15,2,1800,600,0
5077,14,1,3000,1100,0
5077,16,1,1600,500,0
5077,18,1,4800,2100,960
5077,11,1,3400,1300,340
5078,3,2,4500,2200,0
5079,1,2,8900,5400,0
5079,13,1,2200,700,0
5079,17,1,2500,900,0
5080,7,1,3800,1600,0
5080,9,1,3500,1500,0
5080,17,1,2500,900,0
5080,2,1,6500,3900,650
5081,1,1,8900,5400,890
5081,5,1,3200,1500,320
5081,7,3,3800,1600,1140
5082,19,3,1200,300,360
5082,12,1,2400,800,0
5082,15,1,1800,600,0
5082,4,1,7200,4200,0
5083,9,1,3500,1500,0
5083,2,1,6500,3900,1300
5084,18,2,4800,2100,960
5084,4,1,7200,4200,720
5085,14,2,3000,1100,1200
5085,5,1,3200,1500,320
5086,15,1,1800,600,180
5086,14,1,3000,1100,0
5087,15,2,1800,600,0
5087,5,1,3200,1500,0
5088,19,3,1200,300,0
5088,16,1,1600,500,0
5088,7,2,3800,1600,0
5089,1,1,8900,5400,0
5089,13,1,2200,700,0
5090,16,1,1600,500,0
5090,5,1,3200,1500,0
5090,10,1,2700,1100,540
5090,19,2,1200,300,0
5091,2,1,6500,3900,1300
5092,7,1,3800,1600,760
5092,19,2,1200,300,0
5093,3,1,4500,2200,0
5094,10,1,2700,1100,540
5094,8,1,2900,1200,0
5094,3,1,4500,2200,0
5095,2,3,6500,3900,0
5095,20,2,3900,1700,780
5095,6,1,4200,1900,0
5096,18,1,4800,2100,480
5097,18,2,4800,2100,1920
5097,20,1,3900,1700,0
5097,7,1,3800,1600,380
5098,20,1,3900,1700,780
5098,18,1,4800,2100,960
5098,13,1,2200,700,0
5099,9,1,3500,1500,350
5099,18,1,4800,2100,960
5099,5,1,3200,1500,0
5099,6,1,4200,1900,0
5100,10,2,2700,1100,0
5100,5,2,3200,1500,0
5100,13,1,2200,700,440
5100,12,1,2400,800,0
5101,14,1,3000,1100,300
5102,18,1,4800,2100,480
5103,1,1,8900,5400,890
5104,6,1,4200,1900,420
5104,3,1,4500,2200,0
5104,13,1,2200,700,0
5104,9,2,3500,1500,1400
5105,10,2,2700,1100,540
5105,1,1,8900,5400,0
5105,12,2,2400,800,480
5106,9,2,3500,1500,0
5106,15,1,1800,600,0
5107,14,2,3000,1100,0
5108,10,1,2700,1100,0
5108,12,1,2400,800,240
5108,16,1,1600,500,160
5109,4,1,7200,4200,0
5110,13,1,2200,700,0
5110,10,2,2700,1100,540
5110,5,1,3200,1500,0
5110,1,2,8900,5400,0
5111,10,2,2700,1100,0
5111,19,1,1200,300,120
5111,5,1,3200,1500,320
5111,18,1,4800,2100,480
5112,6,1,4200,1900,0
5112,9,2,3500,1500,700
5112,4,1,7200,4200,0
5113,3,1,4500,2200,900
5113,17,1,2500,900,0
5113,2,2,6500,3900,0
5113,20,1,3900,1700,0
5114,13,1,2200,700,0
5114,15,1,1800,600,0
5114,12,2,2400,800,480
5115,17,2,2500,900,500
5115,4,2,7200,4200,2880
5115,13,2,2200,700,0
5116,9,2,3500,1500,0
5116,12,3,2400,800,720
5116,7,1,3800,1600,0
5116,5,1,3200,1500,0
5117,2,1,6500,3900,0
5118,12,1,2400,800,0
5118,3,1,4500,2200,0
5118,10,1,2700,1100,0
5118,13,1,2200,700,0
5119,9,1,3500,1500,0
5119,3,1,4500,2200,900
5120,11,2,3400,1300,0
5120,9,1,3500,1500,0
5121,6,1,4200,1900,0
5121,5,1,3200,1500,0
5121,2,1,6500,3900,650
5122,12,1,2400,800,0
5123,19,1,1200,300,120
5123,6,1,4200,1900,0
5123,9,1,3500,1500,350
5124,4,1,7200,4200,720
5125,5,1,3200,1500,0
5125,12,1,2400,800,0
5126,19,1,1200,300,0
5126,5,2,3200,1500,0
5126,3,2,4500,2200,0
5126,14,2,3000,1100,0
5127,4,1,7200,4200,0
5127,20,1,3900,1700,0
5127,16,2,1600,500,0
5127,8,1,2900,1200,0
5128,8,1,2900,1200,0
5128,3,2,4500,2200,900
5128,7,3,3800,1600,1140
5128,4,1,7200,4200,0
5129,5,3,3200,1500,0
5129,4,1,7200,4200,0
5129,7,2,3800,1600,0
5129,13,1,2200,700,0
5130,1,1,8900,5400,0
5130,11,1,3400,1300,0
5131,14,1,3000,1100,0
5131,2,1,6500,3900,0
5132,14,1,3000,1100,0
5132,9,1,3500,1500,0
5133,18,3,4800,2100,0
5133,5,1,3200,1500,0
5133,11,1,3400,1300,680
5134,7,2,3800,1600,0
5134,11,1,3400,1300,0
5135,16,2,1600,500,0
5136,8,1,2900,1200,0
5136,13,2,2200,700,440
5136,14,1,3000,1100,300
5136,19,1,1200,300,0
5137,16,1,1600,500,0
5137,1,1,8900,5400,890
5137,4,1,7200,4200,720
5138,6,1,4200,1900,420
5138,15,1,1800,600,180
5138,20,2,3900,1700,0
5139,1,1,8900,5400,0
5139,10,1,2700,1100,0
5139,2,1,6500,3900,0
5139,6,1,4200,1900,0
5140,9,2,3500,1500,0
5140,10,1,2700,1100,0
5141,19,1,1200,300,120
5141,8,2,2900,1200,0
5142,18,1,4800,2100,0
5142,5,1,3200,1500,0
5143,9,1,3500,1500,350
5143,12,2,2400,800,480
5143,20,1,3900,1700,0
5143,19,2,1200,300,0
5144,16,2,1600,500,0
5144,10,1,2700,1100,0
5145,17,1,2500,900,0
5145,5,1,3200,1500,0
5145,15,3,1800,600,0
5146,13,1,2200,700,0
5146,10,1,2700,1100,0
5147,2,1,6500,3900,650
5147,4,1,7200,4200,1440
5147,9,1,3500,1500,0
5148,17,1,2500,900,0
5148,18,1,4800,2100,960
5148,5,1,3200,1500,0
5149,9,1,3500,1500,0
5150,4,1,7200,4200,720
5150,6,1,4200,1900,0
5150,20,2,3900,1700,1560
5151,8,2,2900,1200,0
5151,13,2,2200,700,0
5151,11,1,3400,1300,340
5151,4,1,7200,4200,0
5152,13,2,2200,700,0
5153,12,1,2400,800,0
5153,17,2,2500,900,0
5154,3,1,4500,2200,0
5154,14,1,3000,1100,0
5154,6,1,4200,1900,0
5155,19,3,1200,300,0
5156,6,1,4200,1900,0
5156,20,1,3900,1700,0
5156,5,1,3200,1500,0
5157,10,2,2700,1100,0
5157,5,1,3200,1500,0
5157,6,2,4200,1900,1680
5158,6,1,4200,1900,420
5159,8,1,2900,1200,290
5159,12,1,2400,800,240
5160,1,1,8900,5400,0
5161,16,1,1600,500,160
5161,14,1,3000,1100,0
5161,7,2,3800,1600,0
5162,9,1,3500,1500,350
5162,18,1,4800,2100,0
5162,13,1,2200,700,0
5162,7,3,3800,1600,0
5163,4,1,7200,4200,1440
5163,15,1,1800,600,360
5163,11,1,3400,1300,0
5163,17,1,2500,900,0
5164,13,1,2200,700,220
5164,4,1,7200,4200,0
5164,15,1,1800,600,0
5164,6,1,4200,1900,0
5165,1,1,8900,5400,0
5165,8,1,2900,1200,290
5165,12,1,2400,800,0
5165,3,1,4500,2200,900
5166,9,1,3500,1500,0
5166,2,1,6500,3900,0
5166,16,2,1600,500,640
5167,11,1,3400,1300,340
5167,6,2,4200,1900,0
5167,9,1,3500,1500,0
5168,1,3,8900,5400,2670
5168,17,1,2500,900,0
5169,4,1,7200,4200,720
5169,12,2,2400,800,0
5169,5,2,3200,1500,0
5170,3,1,4500,2200,0
5170,7,1,3800,1600,0
5170,16,1,1600,500,160
5170,13,1,2200,700,440
5171,1,1,8900,5400,0
5171,12,1,2400,800,0
5171,4,2,7200,4200,1440
5172,20,2,3900,1700,1560
5172,1,2,8900,5400,1780
5172,9,1,3500,1500,0
5172,7,1,3800,1600,0
5173,6,1,4200,1900,0
5173,5,1,3200,1500,0
5173,10,1,2700,1100,0
5174,13,1,2200,700,0
5174,12,2,2400,800,0
5175,17,1,2500,900,500
5175,18,3,4800,2100,2880
5175,11,1,3400,1300,340
5175,14,1,3000,1100,300
5176,3,1,4500,2200,450
5176,12,1,2400,800,0
5177,9,1,3500,1500,350
5177,20,1,3900,1700,0
5177,7,2,3800,1600,0
5178,8,1,2900,1200,290
5178,2,1,6500,3900,1300
5179,5,1,3200,1500,0
5180,14,1,3000,1100,600
5180,3,1,4500,2200,0
5180,2,1,6500,3900,0
5180,17,1,2500,900,0
5181,17,1,2500,900,0
5182,5,1,3200,1500,0
5182,12,3,2400,800,1440
5183,3,1,4500,2200,0
5184,12,1,2400,800,0
5184,17,1,2500,900,0
5184,5,1,3200,1500,320
5184,3,2,4500,2200,0
5185,14,1,3000,1100,300
5185,10,1,2700,1100,0
5185,4,1,7200,4200,1440
5185,19,1,1200,300,0
5186,19,1,1200,300,0
5186,8,1,2900,1200,290
5186,12,1,2400,800,0
5187,19,1,1200,300,0
5188,8,2,2900,1200,580
5188,3,1,4500,2200,450
5188,4,2,7200,4200,2880
5188,1,1,8900,5400,1780
5189,4,1,7200,4200,0
5189,12,1,2400,800,0
5189,3,1,4500,2200,450
5190,20,1,3900,1700,780
5190,17,1,2500,900,250
5190,18,1,4800,2100,0
5190,3,1,4500,2200,450
5191,11,3,3400,1300,0
5191,18,1,4800,2100,0
5191,15,1,1800,600,0
5192,5,2,3200,1500,0
5192,12,1,2400,800,240
5193,7,1,3800,1600,0
5193,16,1,1600,500,0
5193,5,1,3200,1500,320
5193,20,3,3900,1700,1170
5194,17,1,2500,900,0
5194,6,2,4200,1900,840
5194,16,1,1600,500,0
5194,8,1,2900,1200,290
5195,17,3,2500,900,0
5195,20,2,3900,1700,1560
5195,11,1,3400,1300,0
5195,19,2,1200,300,240
5196,5,1,3200,1500,640
5196,4,1,7200,4200,720
5196,16,2,1600,500,0
5197,14,1,3000,1100,300
5197,6,1,4200,1900,420
5197,9,1,3500,1500,700
5198,13,1,2200,700,0
5198,10,1,2700,1100,0
5198,4,1,7200,4200,720
5198,16,1,1600,500,160
5199,13,1,2200,700,220
5199,1,2,8900,5400,0
5199,12,2,2400,800,480
5199,17,1,2500,900,250
5200,15,2,1800,600,0
5201,18,2,4800,2100,0
5202,13,1,2200,700,220
5202,15,1,1800,600,360
5202,8,1,2900,1200,0
5202,9,1,3500,1500,350
5203,9,1,3500,1500,350
5203,19,1,1200,300,0
5203,3,1,4500,2200,450
5204,20,3,3900,1700,0
5205,16,1,1600,500,160
5205,2,1,6500,3900,0
5205,14,2,3000,1100,1200
5205,17,2,2500,900,0
5206,3,1,4500,2200,0
5206,8,1,2900,1200,290
5206,19,1,1200,300,0
5206,5,1,3200,1500,0
5207,13,3,2200,700,0
5207,5,1,3200,1500,0
5208,1,1,8900,5400,1780
5208,11,2,3400,1300,0
5209,14,1,3000,1100,0
5209,13,1,2200,700,220
5209,3,2,4500,2200,0
5210,3,1,4500,2200,0
5210,17,1,2500,900,500
5210,7,3,3800,1600,1140
5210,5,1,3200,1500,0
5211,2,1,6500,3900,650
5211,8,1,2900,1200,0
5211,15,1,1800,600,0
5212,4,1,7200,4200,0
5212,17,1,2500,900,0
5212,3,1,4500,2200,450
5212,5,1,3200,1500,0
5213,2,1,6500,3900,0
5214,20,1,3900,1700,780
5214,12,1,2400,800,480
5214,15,1,1800,600,360
5214,8,2,2900,1200,0
5215,5,1,3200,1500,320
5215,2,1,6500,3900,0
5215,16,1,1600,500,0
5216,8,2,2900,1200,0
5216,1,2,8900,5400,0
5217,12,1,2400,800,240
5217,11,1,3400,1300,340
5218,9,1,3500,1500,0
5219,17,1,2500,900,250
5219,14,2,3000,1100,0
5219,4,1,7200,4200,0
5220,4,1,7200,4200,720
5221,16,1,1600,500,0
5221,2,1,6500,3900,650
5221,17,1,2500,900,0
5221,6,2,4200,1900,0
5222,19,1,1200,300,120
5223,8,1,2900,1200,290
5223,7,1,3800,1600,0
5224,1,1,8900,5400,0
5224,6,1,4200,1900,420
5224,20,1,3900,1700,0
5224,17,1,2500,900,0
5225,6,1,4200,1900,0
5225,18,1,4800,2100,0
5225,8,3,2900,1200,0
5225,12,1,2400,800,240
5226,19,1,1200,300,0
5226,2,1,6500,3900,0
5226,6,1,4200,1900,0
5226,9,1,3500,1500,0
5227,16,2,1600,500,0
5227,1,2,8900,5400,3560
5228,9,1,3500,1500,0
5228,18,1,4800,2100,0
5229,13,1,2200,700,0
5229,7,1,3800,1600,380
5230,17,2,2500,900,500
5230,4,1,7200,4200,0
5230,9,1,3500,1500,0
5230,2,1,6500,3900,0
5231,14,1,3000,1100,0
5231,7,1,3800,1600,0
5232,14,1,3000,1100,0
5232,3,1,4500,2200,0
5232,10,1,2700,1100,0
5232,18,1,4800,2100,960
5233,13,1,2200,700,0
5234,11,1,3400,1300,0
5234,19,1,1200,300,0
5235,1,1,8900,5400,0
5235,10,1,2700,1100,0
5235,19,2,1200,300,0
5236,18,1,4800,2100,0
5237,14,2,3000,1100,0
5237,7,1,3800,1600,0
5238,2,1,6500,3900,1300
5238,8,1,2900,1200,290
5239,7,2,3800,1600,0
5239,20,1,3900,1700,0
5239,10,1,2700,1100,270
5240,7,2,3800,1600,1520
5240,20,1,3900,1700,390
5241,5,1,3200,1500,0
5241,16,3,1600,500,0
5241,10,1,2700,1100,0
5241,14,1,3000,1100,300
5242,5,2,3200,1500,0
5242,13,1,2200,700,0
5242,7,3,3800,1600,0
5243,17,1,2500,900,0
5243,18,2,4800,2100,0
5243,10,1,2700,1100,0
5243,14,1,3000,1100,0
5244,10,1,2700,1100,0
5244,2,1,6500,3900,0
5245,18,2,4800,2100,960
5246,4,1,7200,4200,0
5246,7,1,3800,1600,0
5246,20,1,3900,1700,0
5247,14,1,3000,1100,0
5247,8,2,2900,1200,580
5247,12,1,2400,800,0
5248,15,1,1800,600,0
5248,10,2,2700,1100,1080
5249,20,1,3900,1700,0
5249,7,1,3800,1600,0
5249,4,1,7200,4200,0
5249,1,1,8900,5400,0
5250,15,1,1800,600,0
5250,8,1,2900,1200,290
5251,18,1,4800,2100,0
5251,20,1,3900,1700,0
5251,14,1,3000,1100,300
5252,15,1,1800,600,0
5252,11,1,3400,1300,0
5252,19,1,1200,300,120
5252,9,3,3500,1500,1050
5253,15,1,1800,600,0
5253,14,1,3000,1100,600
5253,1,3,8900,5400,2670
5254,16,1,1600,500,0
5254,18,1,4800,2100,0
5255,19,1,1200,300,120
5256,16,1,1600,500,160
5257,17,2,2500,900,0
5257,3,2,4500,2200,0
5258,3,2,4500,2200,0
5258,11,3,3400,1300,0
5259,11,1,3400,1300,340
5259,14,1,3000,1100,0
5259,7,1,3800,1600,0
5260,17,2,2500,900,500
5260,18,1,4800,2100,0
5260,1,1,8900,5400,0
5261,8,2,2900,1200,0
5261,10,1,2700,1100,540
5262,7,1,3800,1600,0
5262,17,2,2500,900,0
5262,19,2,1200,300,240
5263,2,1,6500,3900,0
5263,19,1,1200,300,0
5263,13,2,2200,700,0
5264,5,1,3200,1500,0
5264,1,2,8900,5400,1780
5265,13,2,2200,700,0
5265,1,1,8900,5400,0
5265,6,1,4200,1900,840
5266,15,2,1800,600,0
5266,18,1,4800,2100,0
5267,19,1,1200,300,120
5267,8,1,2900,1200,0
5268,2,1,6500,3900,650
5269,9,1,3500,1500,0
5269,19,2,1200,300,0
5269,4,1,7200,4200,720
5270,14,1,3000,1100,300
5270,9,1,3500,1500,700
5271,17,1,2500,900,0
5272,19,1,1200,300,0
5272,12,1,2400,800,0
5273,7,1,3800,1600,0
5274,10,3,2700,1100,0
5275,20,2,3900,1700,0
5275,3,2,4500,2200,0
5275,13,2,2200,700,0
5276,20,1,3900,1700,780
5276,16,2,1600,500,320
5276,17,2,2500,900,500
5277,11,1,3400,1300,0
5277,4,1,7200,4200,720
5278,16,1,1600,500,0
5279,4,1,7200,4200,720
5280,2,2,6500,3900,0
5280,3,2,4500,2200,0
5280,10,3,2700,1100,810
5280,4,1,7200,4200,720
5281,1,1,8900,5400,0
5281,20,1,3900,1700,0
5282,20,1,3900,1700,780
5282,15,1,1800,600,0
5283,14,2,3000,1100,0
5283,15,2,1800,600,0
5283,4,3,7200,4200,0
5284,1,1,8900,5400,1780
5284,4,1,7200,4200,0
5284,8,1,2900,1200,0
5285,2,1,6500,3900,0
5285,15,1,1800,600,0
5285,7,1,3800,1600,0
5285,1,1,8900,5400,0
5286,5,1,3200,1500,0
5286,18,1,4800,2100,0
5287,11,1,3400,1300,0
5287,2,1,6500,3900,0
5287,4,2,7200,4200,0
5288,10,1,2700,1100,0
5289,10,2,2700,1100,1080
5290,4,1,7200,4200,0
5290,16,1,1600,500,160
5290,5,1,3200,1500,640
5290,20,1,3900,1700,0
5291,14,1,3000,1100,300
5291,15,1,1800,600,0
5292,17,1,2500,900,0
5293,7,1,3800,1600,0
5294,3,1,4500,2200,450
5294,19,2,1200,300,240
5294,16,2,1600,500,0
5295,19,1,1200,300,0
5295,5,1,3200,1500,640
5295,1,1,8900,5400,890
5296,19,2,1200,300,0
5296,10,1,2700,1100,0
5296,20,1,3900,1700,0
5296,9,1,3500,1500,0
5297,8,2,2900,1200,0
5297,1,1,8900,5400,890
5297,9,1,3500,1500,0
5297,11,1,3400,1300,0
5298,17,1,2500,900,250
5298,3,1,4500,2200,450
5299,4,2,7200,4200,0
5300,4,1,7200,4200,720
5300,3,1,4500,2200,450
5301,8,2,2900,1200,580
5301,1,1,8900,5400,0
5301,2,2,6500,3900,0
5301,10,1,2700,1100,0
5302,13,2,2200,700,0
5302,19,1,1200,300,120
5302,10,1,2700,1100,0
5303,20,2,3900,1700,0
5303,13,1,2200,700,0
5304,12,2,2400,800,0
5304,14,1,3000,1100,0
5304,13,1,2200,700,0
5304,11,1,3400,1300,0
5305,15,1,1800,600,360
5305,19,1,1200,300,0
5305,13,1,2200,700,0
5305,8,1,2900,1200,0
5306,3,1,4500,2200,0
5306,12,3,2400,800,0
5306,14,1,3000,1100,0
5307,8,1,2900,1200,0
5307,14,1,3000,1100,0
5308,12,1,2400,800,240
5309,14,1,3000,1100,300
5310,13,1,2200,700,220
5311,13,2,2200,700,880
5311,1,1,8900,5400,890
5311,17,1,2500,900,250
5311,12,2,2400,800,0
5312,13,1,2200,700,0
5312,6,1,4200,1900,0
5312,5,1,3200,1500,0
5312,16,2,1600,500,640
5313,13,2,2200,700,440
5314,16,1,1600,500,0
5314,6,1,4200,1900,0
5314,7,1,3800,1600,0
5314,14,1,3000,1100,300
5315,1,1,8900,5400,1780
5315,6,1,4200,1900,840
5315,19,2,1200,300,0
5316,15,1,1800,600,0
5316,6,1,4200,1900,0
5316,9,1,3500,1500,700
5317,1,1,8900,5400,1780
5318,18,1,4800,2100,0
5319,8,1,2900,1200,290
5319,4,3,7200,4200,0
5320,18,2,4800,2100,0
5321,13,1,2200,700,220
5322,14,1,3000,1100,300
5322,19,1,1200,300,0
5322,3,2,4500,2200,0
5323,9,1,3500,1500,0
5324,13,1,2200,700,0
5324,4,1,7200,4200,0
5324,7,2,3800,1600,0
5324,1,2,8900,5400,1780
5325,17,1,2500,900,0
5326,12,1,2400,800,240
5326,17,1,2500,900,0
5326,9,2,3500,1500,0
5326,2,1,6500,3900,0
5327,9,2,3500,1500,0
5327,20,1,3900,1700,390
5327,11,1,3400,1300,340
5328,4,1,7200,4200,0
5329,15,2,1800,600,0
5329,17,1,2500,900,0
5329,6,1,4200,1900,0
5330,7,2,3800,1600,1520
5330,15,1,1800,600,180
5330,14,1,3000,1100,300
5330,8,2,2900,1200,0
5331,15,2,1800,600,0
5331,2,1,6500,3900,650
5331,19,1,1200,300,0
5332,11,1,3400,1300,340
5332,13,1,2200,700,0
5333,1,1,8900,5400,0
5333,11,2,3400,1300,0
5334,17,2,2500,900,500
5334,15,1,1800,600,0
5335,11,1,3400,1300,0
5335,8,1,2900,1200,0
5335,4,1,7200,4200,0
5336,18,1,4800,2100,0
5337,9,3,3500,1500,2100
5337,12,2,2400,800,0
5338,7,1,3800,1600,760
5338,8,1,2900,1200,290
5338,13,1,2200,700,0
5338,1,1,8900,5400,0
5339,6,1,4200,1900,840
5339,14,1,3000,1100,0
5339,17,1,2500,900,0
5339,10,1,2700,1100,0
5340,5,1,3200,1500,0
5340,17,1,2500,900,500
5340,11,1,3400,1300,680
5340,19,1,1200,300,0
5341,19,1,1200,300,0
5341,6,1,4200,1900,0
5342,8,1,2900,1200,580
5342,7,1,3800,1600,760
5342,9,1,3500,1500,0
5342,13,1,2200,700,440
5343,17,2,2500,900,0
5343,15,1,1800,600,360
5344,12,1,2400,800,0
5344,15,1,1800,600,0
5345,17,1,2500,900,0
5345,18,1,4800,2100,0
5345,16,2,1600,500,0
5346,17,1,2500,900,250
5346,19,1,1200,300,120
5346,20,2,3900,1700,1560
5347,19,1,1200,300,120
5347,8,1,2900,1200,0
5348,1,1,8900,5400,0
5348,20,1,3900,1700,780
5348,9,2,3500,1500,0
5348,6,1,4200,1900,420
5349,7,1,3800,1600,0
5349,20,1,3900,1700,0
5349,17,2,2500,900,0
5350,16,2,1600,500,320
5350,17,3,2500,900,750
5350,2,2,6500,3900,0
5350,9,1,3500,1500,350
5351,19,1,1200,300,0
5351,6,1,4200,1900,0
5352,19,1,1200,300,0
5352,6,1,4200,1900,420
5352,4,1,7200,4200,720
5353,13,2,2200,700,440
5353,3,1,4500,2200,450
5353,18,1,4800,2100,0
5354,4,1,7200,4200,0
5354,1,1,8900,5400,1780
5354,11,2,3400,1300,0
5355,16,1,1600,500,0
5355,18,1,4800,2100,0
5355,14,1,3000,1100,600
5356,4,1,7200,4200,720
5356,20,1,3900,1700,0
5357,9,1,3500,1500,0
5357,4,1,7200,4200,0
5357,18,1,4800,2100,0
5358,17,1,2500,900,0
5359,6,1,4200,1900,420
5360,5,2,3200,1500,0
5360,16,1,1600,500,160
5361,4,1,7200,4200,0
5362,3,1,4500,2200,450
5362,17,3,2500,900,0
5362,12,2,2400,800,0
5362,20,1,3900,1700,0
5363,5,2,3200,1500,0
5363,15,1,1800,600,0
5363,17,1,2500,900,0
5363,13,1,2200,700,0
5364,5,1,3200,1500,320
5365,11,2,3400,1300,0
5365,18,1,4800,2100,0
5366,17,2,2500,900,500
5367,20,2,3900,1700,0
5367,12,1,2400,800,480
5367,9,1,3500,1500,0
5368,18,3,4800,2100,2880
5368,17,1,2500,900,0
5368,3,1,4500,2200,0
5368,10,1,2700,1100,270
5369,7,1,3800,1600,380
5369,20,1,3900,1700,0
5369,6,1,4200,1900,0
5369,13,1,2200,700,0
5370,15,1,1800,600,0
5370,8,1,2900,1200,0
5371,9,1,3500,1500,0
5371,20,2,3900,1700,0
5371,17,3,2500,900,0
5371,6,2,4200,1900,0
5372,10,3,2700,1100,0
5372,14,2,3000,1100,0
5373,13,1,2200,700,0
5373,5,2,3200,1500,640
5373,9,3,3500,1500,1050
5374,9,2,3500,1500,1400
5374,12,1,2400,800,0
5374,14,2,3000,1100,0
5375,19,2,1200,300,480
5376,16,2,1600,500,320
5376,12,3,2400,800,0
5376,8,1,2900,1200,290
5377,4,1,7200,4200,720
5378,13,1,2200,700,0
5378,4,2,7200,4200,0
5378,3,1,4500,2200,450
5379,18,1,4800,2100,960
5379,19,1,1200,300,0
5379,4,1,7200,4200,0
5380,16,2,1600,500,640
5380,3,2,4500,2200,900
5380,12,1,2400,800,0
5381,19,2,1200,300,0
5382,19,1,1200,300,0
5382,2,1,6500,3900,0
5382,20,1,3900,1700,780
5383,19,1,1200,300,120
5383,3,1,4500,2200,0
5384,15,1,1800,600,0
5384,14,1,3000,1100,300
5385,13,1,2200,700,220
5385,1,2,8900,5400,1780
5386,19,1,1200,300,240
5386,6,3,4200,1900,0
5386,8,1,2900,1200,0
5386,13,1,2200,700,220
5387,5,1,3200,1500,0
5387,17,1,2500,900,250
5387,4,1,7200,4200,0
5387,3,1,4500,2200,0
5388,8,1,2900,1200,0
5388,16,1,1600,500,320
5388,10,1,2700,1100,270
5388,15,2,1800,600,0
5389,19,2,1200,300,0
5389,4,2,7200,4200,0
5390,15,1,1800,600,180
5390,11,2,3400,1300,0
5391,1,1,8900,5400,0
5391,11,1,3400,1300,680
5391,10,2,2700,1100,0
5392,6,1,4200,1900,0
5393,1,1,8900,5400,890
5394,16,2,1600,500,0
5394,12,2,2400,800,960
5394,7,2,3800,1600,0
5394,13,1,2200,700,0
5395,15,1,1800,600,0
5395,7,2,3800,1600,0
5396,9,1,3500,1500,0
5396,19,2,1200,300,0
5396,16,1,1600,500,320
5397,14,2,3000,1100,0
5397,6,1,4200,1900,420
5398,10,1,2700,1100,0
5398,2,1,6500,3900,1300
5399,1,1,8900,5400,1780
5399,14,1,3000,1100,0
5399,9,1,3500,1500,0
5399,2,2,6500,3900,0
5400,9,1,3500,1500,0
5400,13,2,2200,700,0
5401,10,1,2700,1100,270
5402,11,2,3400,1300,0
5403,8,2,2900,1200,0
5404,13,1,2200,700,220
5405,16,2,1600,500,640
5406,18,1,4800,2100,960
5406,4,1,7200,4200,0
5407,12,1,2400,800,240
5407,7,1,3800,1600,760
5407,3,1,4500,2200,0
5407,4,1,7200,4200,720
5408,13,3,2200,700,0
5408,15,1,1800,600,180
5409,18,1,4800,2100,0
5409,16,1,1600,500,160
5410,2,1,6500,3900,1300
5410,15,2,1800,600,360
5411,18,1,4800,2100,0
5411,9,1,3500,1500,350
5411,4,1,7200,4200,1440
5412,1,1,8900,5400,0
5412,14,1,3000,1100,0
5413,3,2,4500,2200,900
5413,1,1,8900,5400,0
5413,6,1,4200,1900,420
5414,20,1,3900,1700,0
5414,5,1,3200,1500,320
5414,18,1,4800,2100,0
5415,15,1,1800,600,0
5415,6,1,4200,1900,0
5415,19,1,1200,300,0
5415,12,1,2400,800,0
5416,3,1,4500,2200,0
5417,1,1,8900,5400,0
5417,16,2,1600,500,0
5418,6,1,4200,1900,0
5418,3,1,4500,2200,450
5419,4,1,7200,4200,0
5419,2,1,6500,3900,0
5420,2,1,6500,3900,0
5421,11,1,3400,1300,0
5422,11,1,3400,1300,340
5423,2,3,6500,3900,3900
5423,3,1,4500,2200,450
5423,4,1,7200,4200,1440
5424,19,1,1200,300,0
5424,2,1,6500,3900,0
5425,4,1,7200,4200,0
5425,3,1,4500,2200,450
5425,2,1,6500,3900,1300
5425,9,2,3500,1500,0
5426,10,1,2700,1100,0
5426,18,1,4800,2100,480
5427,6,1,4200,1900,420
5427,10,1,2700,1100,540
5427,16,1,1600,500,0
5427,2,1,6500,3900,650
5428,18,1,4800,2100,0
5428,7,2,3800,1600,0
5428,12,1,2400,800,0
5428,14,1,3000,1100,0
5429,18,1,4800,2100,0
5430,12,2,2400,800,960
5430,16,1,1600,500,0
5430,14,2,3000,1100,0
5430,18,2,4800,2100,0
5431,7,1,3800,1600,380
5431,12,1,2400,800,0
5431,8,3,2900,1200,0
5431,13,1,2200,700,0
5432,14,1,3000,1100,0
5433,11,1,3400,1300,0
5433,20,1,3900,1700,780
5433,2,1,6500,3900,0
5433,15,1,1800,600,180
5434,20,1,3900,1700,780
5434,12,1,2400,800,240
5435,9,2,3500,1500,0
5435,10,1,2700,1100,0
5436,15,1,1800,600,0
5436,16,1,1600,500,160
5436,20,1,3900,1700,780
5436,3,1,4500,2200,0
5437,17,1,2500,900,250
5437,15,1,1800,600,0
5437,3,2,4500,2200,0
5437,16,2,1600,500,0
5438,5,1,3200,1500,320
5438,11,1,3400,1300,0
5438,18,1,4800,2100,0
5438,10,1,2700,1100,0
5439,1,1,8900,5400,0
5439,11,2,3400,1300,0
5439,20,1,3900,1700,0
5439,14,1,3000,1100,0
5440,18,1,4800,2100,0
5440,9,1,3500,1500,0
5440,1,3,8900,5400,2670
5440,15,1,1800,600,180
5441,7,1,3800,1600,0
5441,16,1,1600,500,0
5442,2,1,6500,3900,0
5442,4,1,7200,4200,720
5443,11,1,3400,1300,0
5443,2,1,6500,3900,1300
5443,6,2,4200,1900,0
5444,13,1,2200,700,0
5444,12,1,2400,800,240
5444,2,2,6500,3900,0
5445,14,1,3000,1100,0
5445,18,1,4800,2100,0
5446,13,1,2200,700,220
5446,6,1,4200,1900,0
5447,11,1,3400,1300,0
5447,15,3,1800,600,0
5447,4,1,7200,4200,0
5447,17,2,2500,900,0
5448,19,1,1200,300,0
5448,9,1,3500,1500,350
5448,5,3,3200,1500,0
5448,7,2,3800,1600,0
5449,3,1,4500,2200,0
5449,2,3,6500,3900,0
5449,7,3,3800,1600,0
5449,14,2,3000,1100,600
5450,1,1,8900,5400,1780
5450,14,1,3000,1100,0
5450,3,1,4500,2200,0
5450,15,1,1800,600,0
5451,14,3,3000,1100,900
5451,9,3,3500,1500,0
5452,6,2,4200,1900,0
5453,2,1,6500,3900,0
5454,11,1,3400,1300,340
5454,16,2,1600,500,0
5455,2,1,6500,3900,650
5455,1,1,8900,5400,890
5456,4,1,7200,4200,1440
5457,5,1,3200,1500,640
5457,20,2,3900,1700,0
5457,9,2,3500,1500,0
5457,15,1,1800,600,0
5458,5,1,3200,1500,0
5458,9,1,3500,1500,0
5458,12,1,2400,800,0
5458,7,1,3800,1600,0
5459,17,2,2500,900,500
5459,9,1,3500,1500,0
5459,14,1,3000,1100,0
5459,18,1,4800,2100,480
5460,15,1,1800,600,0
5460,9,1,3500,1500,0
5461,6,1,4200,1900,0
5462,3,1,4500,2200,450
5462,11,1,3400,1300,340
5462,12,1,2400,800,0
5463,8,1,2900,1200,0
5464,6,2,4200,1900,0
5465,6,1,4200,1900,840
5465,1,2,8900,5400,0
5466,7,1,3800,1600,380
5466,14,1,3000,1100,300
5467,14,1,3000,1100,0
5467,16,1,1600,500,320
5468,12,1,2400,800,0
5468,9,3,3500,1500,1050
5468,14,1,3000,1100,0
5469,16,1,1600,500,0
5469,4,3,7200,4200,2160
5469,20,1,3900,1700,0
5469,3,2,4500,2200,0
5470,16,1,1600,500,0
5470,2,1,6500,3900,0
5470,1,1,8900,5400,1780
5471,6,1,4200,1900,0
5472,13,2,2200,700,0
5473,15,1,1800,600,360
5473,13,1,2200,700,0
5473,16,1,1600,500,0
5473,11,1,3400,1300,0
5474,4,1,7200,4200,0
5474,19,2,1200,300,240
5474,10,2,2700,1100,0
5475,9,1,3500,1500,350
5475,13,1,2200,700,220
5476,8,2,2900,1200,0
5476,17,1,2500,900,0
5476,3,1,4500,2200,0
5476,1,1,8900,5400,0
5477,10,1,2700,1100,0
5477,2,1,6500,3900,1300
5478,6,1,4200,1900,0
5478,10,1,2700,1100,0
5478,2,1,6500,3900,650
5479,5,3,3200,1500,1920
